# cortex-m85 string bench; CPUID=0x411FD231 REPS=15
# columns: R,phase,func,impl,n,dst_off,src_off,min_cycles,median_cycles
# phase 0 CCR=0x00000201 overhead=69
R,0,memcpy,byte,1,0,0,86,86
R,0,memcpy,byte,1,1,1,86,86
R,0,memcpy,byte,1,1,3,86,86
R,0,memcpy,byte,2,0,0,126,126
R,0,memcpy,byte,2,1,1,126,126
R,0,memcpy,byte,2,1,3,126,126
R,0,memcpy,byte,3,0,0,136,136
R,0,memcpy,byte,3,1,1,136,136
R,0,memcpy,byte,3,1,3,133,136
R,0,memcpy,byte,4,0,0,127,127
R,0,memcpy,byte,4,1,1,123,127
R,0,memcpy,byte,4,1,3,127,127
R,0,memcpy,byte,7,0,0,170,172
R,0,memcpy,byte,7,1,1,170,171
R,0,memcpy,byte,7,1,3,171,171
R,0,memcpy,byte,8,0,0,169,174
R,0,memcpy,byte,8,1,1,169,179
R,0,memcpy,byte,8,1,3,169,172
R,0,memcpy,byte,15,0,0,250,260
R,0,memcpy,byte,15,1,1,251,270
R,0,memcpy,byte,15,1,3,251,270
R,0,memcpy,byte,16,0,0,249,269
R,0,memcpy,byte,16,1,1,250,270
R,0,memcpy,byte,16,1,3,250,270
R,0,memcpy,byte,17,0,0,252,282
R,0,memcpy,byte,17,1,1,251,271
R,0,memcpy,byte,17,1,3,251,274
R,0,memcpy,byte,31,0,0,407,430
R,0,memcpy,byte,31,1,1,411,455
R,0,memcpy,byte,31,1,3,407,455
R,0,memcpy,byte,32,0,0,409,448
R,0,memcpy,byte,32,1,1,412,462
R,0,memcpy,byte,32,1,3,412,462
R,0,memcpy,byte,33,0,0,414,464
R,0,memcpy,byte,33,1,1,411,463
R,0,memcpy,byte,33,1,3,411,459
R,0,memcpy,byte,63,0,0,731,814
R,0,memcpy,byte,63,1,1,774,817
R,0,memcpy,byte,63,1,3,750,832
R,0,memcpy,byte,64,0,0,729,837
R,0,memcpy,byte,64,1,1,745,839
R,0,memcpy,byte,64,1,3,735,845
R,0,memcpy,byte,65,0,0,761,847
R,0,memcpy,byte,65,1,1,731,826
R,0,memcpy,byte,65,1,3,733,844
R,0,memcpy,byte,100,0,0,1087,1212
R,0,memcpy,byte,100,1,1,1164,1238
R,0,memcpy,byte,100,1,3,1168,1279
R,0,memcpy,byte,128,0,0,1451,1541
R,0,memcpy,byte,128,1,1,1517,1558
R,0,memcpy,byte,128,1,3,1504,1567
R,0,memcpy,byte,255,0,0,2934,3001
R,0,memcpy,byte,255,1,1,2904,3004
R,0,memcpy,byte,255,1,3,2948,2990
R,0,memcpy,byte,256,0,0,2788,2990
R,0,memcpy,byte,256,1,1,2903,3060
R,0,memcpy,byte,256,1,3,2987,3063
R,0,memcpy,byte,512,0,0,5718,5905
R,0,memcpy,byte,512,1,1,5897,6039
R,0,memcpy,byte,512,1,3,5826,6018
R,0,memcpy,byte,1000,0,0,11231,11492
R,0,memcpy,byte,1000,1,1,11530,11692
R,0,memcpy,byte,1000,1,3,11594,11723
R,0,memcpy,byte,1024,0,0,11564,11756
R,0,memcpy,byte,1024,1,1,11741,11986
R,0,memcpy,byte,1024,1,3,11729,11971
R,0,memcpy,byte,4096,0,0,46471,46693
R,0,memcpy,byte,4096,1,1,47577,47691
R,0,memcpy,byte,4096,1,3,47347,47620
R,0,memcpy,byte,8192,0,0,93006,93323
R,0,memcpy,byte,8192,1,1,94942,95295
R,0,memcpy,byte,8192,1,3,94962,95205
R,0,memcpy,byte,16384,0,0,186335,186702
R,0,memcpy,byte,16384,1,1,190047,190458
R,0,memcpy,byte,16384,1,3,190005,190345
R,0,memcpy,autovec,1,0,0,84,84
R,0,memcpy,autovec,1,1,1,81,83
R,0,memcpy,autovec,1,1,3,83,83
R,0,memcpy,autovec,2,0,0,84,84
R,0,memcpy,autovec,2,1,1,83,89
R,0,memcpy,autovec,2,1,3,82,83
R,0,memcpy,autovec,3,0,0,84,84
R,0,memcpy,autovec,3,1,1,82,83
R,0,memcpy,autovec,3,1,3,82,83
R,0,memcpy,autovec,4,0,0,84,84
R,0,memcpy,autovec,4,1,1,83,83
R,0,memcpy,autovec,4,1,3,79,83
R,0,memcpy,autovec,7,0,0,84,84
R,0,memcpy,autovec,7,1,1,83,88
R,0,memcpy,autovec,7,1,3,89,90
R,0,memcpy,autovec,8,0,0,84,84
R,0,memcpy,autovec,8,1,1,86,90
R,0,memcpy,autovec,8,1,3,86,92
R,0,memcpy,autovec,15,0,0,85,89
R,0,memcpy,autovec,15,1,1,97,97
R,0,memcpy,autovec,15,1,3,98,98
R,0,memcpy,autovec,16,0,0,85,89
R,0,memcpy,autovec,16,1,1,98,99
R,0,memcpy,autovec,16,1,3,98,98
R,0,memcpy,autovec,17,0,0,104,104
R,0,memcpy,autovec,17,1,1,117,120
R,0,memcpy,autovec,17,1,3,117,117
R,0,memcpy,autovec,31,0,0,110,116
R,0,memcpy,autovec,31,1,1,131,138
R,0,memcpy,autovec,31,1,3,132,140
R,0,memcpy,autovec,32,0,0,110,118
R,0,memcpy,autovec,32,1,1,132,138
R,0,memcpy,autovec,32,1,3,128,132
R,0,memcpy,autovec,33,0,0,124,124
R,0,memcpy,autovec,33,1,1,151,159
R,0,memcpy,autovec,33,1,3,151,161
R,0,memcpy,autovec,63,0,0,152,162
R,0,memcpy,autovec,63,1,1,199,217
R,0,memcpy,autovec,63,1,3,200,227
R,0,memcpy,autovec,64,0,0,152,170
R,0,memcpy,autovec,64,1,1,200,227
R,0,memcpy,autovec,64,1,3,200,227
R,0,memcpy,autovec,65,0,0,165,184
R,0,memcpy,autovec,65,1,1,219,246
R,0,memcpy,autovec,65,1,3,219,246
R,0,memcpy,autovec,100,0,0,207,230
R,0,memcpy,autovec,100,1,1,287,324
R,0,memcpy,autovec,100,1,3,287,324
R,0,memcpy,autovec,128,0,0,236,259
R,0,memcpy,autovec,128,1,1,336,374
R,0,memcpy,autovec,128,1,3,336,374
R,0,memcpy,autovec,255,0,0,400,450
R,0,memcpy,autovec,255,1,1,607,700
R,0,memcpy,autovec,255,1,3,608,704
R,0,memcpy,autovec,256,0,0,404,450
R,0,memcpy,autovec,256,1,1,645,699
R,0,memcpy,autovec,256,1,3,618,697
R,0,memcpy,autovec,512,0,0,744,838
R,0,memcpy,autovec,512,1,1,1243,1316
R,0,memcpy,autovec,512,1,3,1254,1341
R,0,memcpy,autovec,1000,0,0,1498,1521
R,0,memcpy,autovec,1000,1,1,2427,2526
R,0,memcpy,autovec,1000,1,3,2491,2515
R,0,memcpy,autovec,1024,0,0,1527,1583
R,0,memcpy,autovec,1024,1,1,2543,2571
R,0,memcpy,autovec,1024,1,3,2542,2574
R,0,memcpy,autovec,4096,0,0,5931,6094
R,0,memcpy,autovec,4096,1,1,9828,10094
R,0,memcpy,autovec,4096,1,3,9835,10094
R,0,memcpy,autovec,8192,0,0,12026,12154
R,0,memcpy,autovec,8192,1,1,19901,20120
R,0,memcpy,autovec,8192,1,3,19922,20110
R,0,memcpy,autovec,16384,0,0,24079,24240
R,0,memcpy,autovec,16384,1,1,40006,40171
R,0,memcpy,autovec,16384,1,3,39970,40214
R,0,memcpy,picolibc,1,0,0,119,119
R,0,memcpy,picolibc,1,1,1,119,119
R,0,memcpy,picolibc,1,1,3,119,127
R,0,memcpy,picolibc,2,0,0,121,124
R,0,memcpy,picolibc,2,1,1,124,132
R,0,memcpy,picolibc,2,1,3,124,124
R,0,memcpy,picolibc,3,0,0,124,124
R,0,memcpy,picolibc,3,1,1,124,124
R,0,memcpy,picolibc,3,1,3,124,124
R,0,memcpy,picolibc,4,0,0,115,117
R,0,memcpy,picolibc,4,1,1,123,126
R,0,memcpy,picolibc,4,1,3,126,127
R,0,memcpy,picolibc,7,0,0,119,119
R,0,memcpy,picolibc,7,1,1,195,202
R,0,memcpy,picolibc,7,1,3,195,205
R,0,memcpy,picolibc,8,0,0,141,145
R,0,memcpy,picolibc,8,1,1,175,182
R,0,memcpy,picolibc,8,1,3,175,180
R,0,memcpy,picolibc,15,0,0,179,183
R,0,memcpy,picolibc,15,1,1,235,241
R,0,memcpy,picolibc,15,1,3,235,240
R,0,memcpy,picolibc,16,0,0,139,147
R,0,memcpy,picolibc,16,1,1,235,241
R,0,memcpy,picolibc,16,1,3,235,241
R,0,memcpy,picolibc,17,0,0,142,154
R,0,memcpy,picolibc,17,1,1,232,238
R,0,memcpy,picolibc,17,1,3,233,239
R,0,memcpy,picolibc,31,0,0,203,207
R,0,memcpy,picolibc,31,1,1,259,268
R,0,memcpy,picolibc,31,1,3,270,276
R,0,memcpy,picolibc,32,0,0,191,191
R,0,memcpy,picolibc,32,1,1,259,276
R,0,memcpy,picolibc,32,1,3,270,284
R,0,memcpy,picolibc,33,0,0,194,201
R,0,memcpy,picolibc,33,1,1,256,264
R,0,memcpy,picolibc,33,1,3,268,285
R,0,memcpy,picolibc,63,0,0,307,317
R,0,memcpy,picolibc,63,1,1,363,381
R,0,memcpy,picolibc,63,1,3,386,407
R,0,memcpy,picolibc,64,0,0,251,279
R,0,memcpy,picolibc,64,1,1,363,372
R,0,memcpy,picolibc,64,1,3,386,398
R,0,memcpy,picolibc,65,0,0,250,277
R,0,memcpy,picolibc,65,1,1,360,379
R,0,memcpy,picolibc,65,1,3,384,400
R,0,memcpy,picolibc,100,0,0,328,352
R,0,memcpy,picolibc,100,1,1,391,425
R,0,memcpy,picolibc,100,1,3,412,449
R,0,memcpy,picolibc,128,0,0,411,441
R,0,memcpy,picolibc,128,1,1,500,533
R,0,memcpy,picolibc,128,1,3,531,565
R,0,memcpy,picolibc,255,0,0,764,840
R,0,memcpy,picolibc,255,1,1,829,891
R,0,memcpy,picolibc,255,1,3,873,947
R,0,memcpy,picolibc,256,0,0,740,814
R,0,memcpy,picolibc,256,1,1,840,891
R,0,memcpy,picolibc,256,1,3,875,945
R,0,memcpy,picolibc,512,0,0,1429,1475
R,0,memcpy,picolibc,512,1,1,1521,1572
R,0,memcpy,picolibc,512,1,3,1640,1691
R,0,memcpy,picolibc,1000,0,0,2801,2841
R,0,memcpy,picolibc,1000,1,1,2821,2877
R,0,memcpy,picolibc,1000,1,3,3007,3092
R,0,memcpy,picolibc,1024,0,0,2857,2900
R,0,memcpy,picolibc,1024,1,1,2956,2998
R,0,memcpy,picolibc,1024,1,3,3142,3203
R,0,memcpy,picolibc,4096,0,0,11185,11300
R,0,memcpy,picolibc,4096,1,1,11284,11424
R,0,memcpy,picolibc,4096,1,3,11986,12206
R,0,memcpy,picolibc,8192,0,0,22372,22512
R,0,memcpy,picolibc,8192,1,1,22478,22662
R,0,memcpy,picolibc,8192,1,3,23931,24119
R,0,memcpy,picolibc,16384,0,0,44824,44900
R,0,memcpy,picolibc,16384,1,1,44908,45099
R,0,memcpy,picolibc,16384,1,3,48018,48173
R,0,memcpy,llvm-libc,1,0,0,143,145
R,0,memcpy,llvm-libc,1,1,1,193,197
R,0,memcpy,llvm-libc,1,1,3,193,197
R,0,memcpy,llvm-libc,2,0,0,163,167
R,0,memcpy,llvm-libc,2,1,1,163,167
R,0,memcpy,llvm-libc,2,1,3,163,167
R,0,memcpy,llvm-libc,3,0,0,154,154
R,0,memcpy,llvm-libc,3,1,1,187,189
R,0,memcpy,llvm-libc,3,1,3,183,187
R,0,memcpy,llvm-libc,4,0,0,153,157
R,0,memcpy,llvm-libc,4,1,1,143,147
R,0,memcpy,llvm-libc,4,1,3,147,147
R,0,memcpy,llvm-libc,7,0,0,156,160
R,0,memcpy,llvm-libc,7,1,1,173,173
R,0,memcpy,llvm-libc,7,1,3,171,175
R,0,memcpy,llvm-libc,8,0,0,173,177
R,0,memcpy,llvm-libc,8,1,1,195,201
R,0,memcpy,llvm-libc,8,1,3,197,197
R,0,memcpy,llvm-libc,15,0,0,191,195
R,0,memcpy,llvm-libc,15,1,1,247,248
R,0,memcpy,llvm-libc,15,1,3,247,249
R,0,memcpy,llvm-libc,16,0,0,190,194
R,0,memcpy,llvm-libc,16,1,1,234,236
R,0,memcpy,llvm-libc,16,1,3,235,235
R,0,memcpy,llvm-libc,17,0,0,176,184
R,0,memcpy,llvm-libc,17,1,1,257,265
R,0,memcpy,llvm-libc,17,1,3,257,263
R,0,memcpy,llvm-libc,31,0,0,215,232
R,0,memcpy,llvm-libc,31,1,1,271,285
R,0,memcpy,llvm-libc,31,1,3,269,275
R,0,memcpy,llvm-libc,32,0,0,232,232
R,0,memcpy,llvm-libc,32,1,1,258,266
R,0,memcpy,llvm-libc,32,1,3,261,272
R,0,memcpy,llvm-libc,33,0,0,218,218
R,0,memcpy,llvm-libc,33,1,1,281,285
R,0,memcpy,llvm-libc,33,1,3,283,300
R,0,memcpy,llvm-libc,63,0,0,303,333
R,0,memcpy,llvm-libc,63,1,1,355,378
R,0,memcpy,llvm-libc,63,1,3,368,397
R,0,memcpy,llvm-libc,64,0,0,279,298
R,0,memcpy,llvm-libc,64,1,1,338,368
R,0,memcpy,llvm-libc,64,1,3,356,387
R,0,memcpy,llvm-libc,65,0,0,265,288
R,0,memcpy,llvm-libc,65,1,1,365,389
R,0,memcpy,llvm-libc,65,1,3,378,412
R,0,memcpy,llvm-libc,100,0,0,355,392
R,0,memcpy,llvm-libc,100,1,1,400,432
R,0,memcpy,llvm-libc,100,1,3,421,470
R,0,memcpy,llvm-libc,128,0,0,429,473
R,0,memcpy,llvm-libc,128,1,1,494,522
R,0,memcpy,llvm-libc,128,1,3,502,561
R,0,memcpy,llvm-libc,255,0,0,748,827
R,0,memcpy,llvm-libc,255,1,1,807,889
R,0,memcpy,llvm-libc,255,1,3,840,963
R,0,memcpy,llvm-libc,256,0,0,749,834
R,0,memcpy,llvm-libc,256,1,1,774,857
R,0,memcpy,llvm-libc,256,1,3,826,921
R,0,memcpy,llvm-libc,512,0,0,1419,1475
R,0,memcpy,llvm-libc,512,1,1,1475,1551
R,0,memcpy,llvm-libc,512,1,3,1590,1659
R,0,memcpy,llvm-libc,1000,0,0,2765,2779
R,0,memcpy,llvm-libc,1000,1,1,2776,2811
R,0,memcpy,llvm-libc,1000,1,3,2899,3027
R,0,memcpy,llvm-libc,1024,0,0,2807,2843
R,0,memcpy,llvm-libc,1024,1,1,2855,2900
R,0,memcpy,llvm-libc,1024,1,3,3068,3123
R,0,memcpy,llvm-libc,4096,0,0,10827,11010
R,0,memcpy,llvm-libc,4096,1,1,10895,11049
R,0,memcpy,llvm-libc,4096,1,3,11770,11943
R,0,memcpy,llvm-libc,8192,0,0,21671,21842
R,0,memcpy,llvm-libc,8192,1,1,21758,21941
R,0,memcpy,llvm-libc,8192,1,3,23550,23698
R,0,memcpy,llvm-libc,16384,0,0,43337,43493
R,0,memcpy,llvm-libc,16384,1,1,43511,43600
R,0,memcpy,llvm-libc,16384,1,3,46991,47157
R,0,memcpy,mve16,1,0,0,77,81
R,0,memcpy,mve16,1,1,1,79,83
R,0,memcpy,mve16,1,1,3,79,83
R,0,memcpy,mve16,2,0,0,78,81
R,0,memcpy,mve16,2,1,1,79,83
R,0,memcpy,mve16,2,1,3,79,83
R,0,memcpy,mve16,3,0,0,78,81
R,0,memcpy,mve16,3,1,1,83,83
R,0,memcpy,mve16,3,1,3,82,83
R,0,memcpy,mve16,4,0,0,81,81
R,0,memcpy,mve16,4,1,1,79,83
R,0,memcpy,mve16,4,1,3,82,83
R,0,memcpy,mve16,7,0,0,81,81
R,0,memcpy,mve16,7,1,1,79,83
R,0,memcpy,mve16,7,1,3,86,90
R,0,memcpy,mve16,8,0,0,78,85
R,0,memcpy,mve16,8,1,1,90,93
R,0,memcpy,mve16,8,1,3,86,90
R,0,memcpy,mve16,15,0,0,85,88
R,0,memcpy,mve16,15,1,1,97,97
R,0,memcpy,mve16,15,1,3,98,98
R,0,memcpy,mve16,16,0,0,88,88
R,0,memcpy,mve16,16,1,1,98,98
R,0,memcpy,mve16,16,1,3,94,102
R,0,memcpy,mve16,17,0,0,99,102
R,0,memcpy,mve16,17,1,1,117,117
R,0,memcpy,mve16,17,1,3,117,123
R,0,memcpy,mve16,31,0,0,110,110
R,0,memcpy,mve16,31,1,1,131,137
R,0,memcpy,mve16,31,1,3,132,138
R,0,memcpy,mve16,32,0,0,110,118
R,0,memcpy,mve16,32,1,1,132,138
R,0,memcpy,mve16,32,1,3,132,138
R,0,memcpy,mve16,33,0,0,123,133
R,0,memcpy,mve16,33,1,1,151,161
R,0,memcpy,mve16,33,1,3,147,151
R,0,memcpy,mve16,63,0,0,152,162
R,0,memcpy,mve16,63,1,1,199,209
R,0,memcpy,mve16,63,1,3,196,205
R,0,memcpy,mve16,64,0,0,152,162
R,0,memcpy,mve16,64,1,1,200,210
R,0,memcpy,mve16,64,1,3,200,224
R,0,memcpy,mve16,65,0,0,165,183
R,0,memcpy,mve16,65,1,1,219,233
R,0,memcpy,mve16,65,1,3,219,247
R,0,memcpy,mve16,100,0,0,207,217
R,0,memcpy,mve16,100,1,1,287,315
R,0,memcpy,mve16,100,1,3,287,317
R,0,memcpy,mve16,128,0,0,236,259
R,0,memcpy,mve16,128,1,1,336,390
R,0,memcpy,mve16,128,1,3,336,390
R,0,memcpy,mve16,255,0,0,404,453
R,0,memcpy,mve16,255,1,1,607,698
R,0,memcpy,mve16,255,1,3,644,690
R,0,memcpy,mve16,256,0,0,404,450
R,0,memcpy,mve16,256,1,1,608,702
R,0,memcpy,mve16,256,1,3,612,702
R,0,memcpy,mve16,512,0,0,740,832
R,0,memcpy,mve16,512,1,1,1244,1322
R,0,memcpy,mve16,512,1,3,1260,1323
R,0,memcpy,mve16,1000,0,0,1498,1567
R,0,memcpy,mve16,1000,1,1,2484,2514
R,0,memcpy,mve16,1000,1,3,2414,2519
R,0,memcpy,mve16,1024,0,0,1504,1573
R,0,memcpy,mve16,1024,1,1,2498,2570
R,0,memcpy,mve16,1024,1,3,2554,2572
R,0,memcpy,mve16,4096,0,0,5950,6075
R,0,memcpy,mve16,4096,1,1,9834,10091
R,0,memcpy,mve16,4096,1,3,9820,10087
R,0,memcpy,mve16,8192,0,0,11993,12158
R,0,memcpy,mve16,8192,1,1,19889,20133
R,0,memcpy,mve16,8192,1,3,19923,20118
R,0,memcpy,mve16,16384,0,0,23826,24242
R,0,memcpy,mve16,16384,1,1,39972,40208
R,0,memcpy,mve16,16384,1,3,39786,40149
R,0,memcpy,mve64,1,0,0,111,111
R,0,memcpy,mve64,1,1,1,113,116
R,0,memcpy,mve64,1,1,3,113,113
R,0,memcpy,mve64,2,0,0,111,111
R,0,memcpy,mve64,2,1,1,113,116
R,0,memcpy,mve64,2,1,3,113,113
R,0,memcpy,mve64,3,0,0,111,115
R,0,memcpy,mve64,3,1,1,113,121
R,0,memcpy,mve64,3,1,3,113,113
R,0,memcpy,mve64,4,0,0,111,115
R,0,memcpy,mve64,4,1,1,113,115
R,0,memcpy,mve64,4,1,3,109,113
R,0,memcpy,mve64,7,0,0,111,111
R,0,memcpy,mve64,7,1,1,109,113
R,0,memcpy,mve64,7,1,3,120,124
R,0,memcpy,mve64,8,0,0,111,111
R,0,memcpy,mve64,8,1,1,120,125
R,0,memcpy,mve64,8,1,3,120,124
R,0,memcpy,mve64,15,0,0,118,118
R,0,memcpy,mve64,15,1,1,127,133
R,0,memcpy,mve64,15,1,3,128,130
R,0,memcpy,mve64,16,0,0,111,111
R,0,memcpy,mve64,16,1,1,117,121
R,0,memcpy,mve64,16,1,3,121,121
R,0,memcpy,mve64,17,0,0,127,130
R,0,memcpy,mve64,17,1,1,135,139
R,0,memcpy,mve64,17,1,3,139,147
R,0,memcpy,mve64,31,0,0,134,136
R,0,memcpy,mve64,31,1,1,149,161
R,0,memcpy,mve64,31,1,3,154,154
R,0,memcpy,mve64,32,0,0,132,132
R,0,memcpy,mve64,32,1,1,152,160
R,0,memcpy,mve64,32,1,3,152,162
R,0,memcpy,mve64,33,0,0,148,156
R,0,memcpy,mve64,33,1,1,170,170
R,0,memcpy,mve64,33,1,3,170,184
R,0,memcpy,mve64,63,0,0,176,196
R,0,memcpy,mve64,63,1,1,214,224
R,0,memcpy,mve64,63,1,3,215,225
R,0,memcpy,mve64,64,0,0,154,161
R,0,memcpy,mve64,64,1,1,204,213
R,0,memcpy,mve64,64,1,3,204,217
R,0,memcpy,mve64,65,0,0,171,187
R,0,memcpy,mve64,65,1,1,225,235
R,0,memcpy,mve64,65,1,3,225,243
R,0,memcpy,mve64,100,0,0,224,228
R,0,memcpy,mve64,100,1,1,294,306
R,0,memcpy,mve64,100,1,3,294,304
R,0,memcpy,mve64,128,0,0,241,258
R,0,memcpy,mve64,128,1,1,327,365
R,0,memcpy,mve64,128,1,3,327,374
R,0,memcpy,mve64,255,0,0,414,439
R,0,memcpy,mve64,255,1,1,590,642
R,0,memcpy,mve64,255,1,3,581,621
R,0,memcpy,mve64,256,0,0,399,441
R,0,memcpy,mve64,256,1,1,569,658
R,0,memcpy,mve64,256,1,3,569,642
R,0,memcpy,mve64,512,0,0,732,813
R,0,memcpy,mve64,512,1,1,1165,1182
R,0,memcpy,mve64,512,1,3,1111,1150
R,0,memcpy,mve64,1000,0,0,1422,1479
R,0,memcpy,mve64,1000,1,1,2194,2258
R,0,memcpy,mve64,1000,1,3,2191,2257
R,0,memcpy,mve64,1024,0,0,1454,1495
R,0,memcpy,mve64,1024,1,1,2242,2282
R,0,memcpy,mve64,1024,1,3,2232,2283
R,0,memcpy,mve64,4096,0,0,5645,5777
R,0,memcpy,mve64,4096,1,1,8626,8823
R,0,memcpy,mve64,4096,1,3,8634,8835
R,0,memcpy,mve64,8192,0,0,11221,11370
R,0,memcpy,mve64,8192,1,1,17355,17622
R,0,memcpy,mve64,8192,1,3,17405,17548
R,0,memcpy,mve64,16384,0,0,22470,22689
R,0,memcpy,mve64,16384,1,1,34917,35072
R,0,memcpy,mve64,16384,1,3,34880,35033
R,0,memmove_fwd,byte,1,0,0,142,142
R,0,memmove_fwd,byte,1,1,0,138,142
R,0,memmove_fwd,byte,2,0,0,162,164
R,0,memmove_fwd,byte,2,1,0,162,162
R,0,memmove_fwd,byte,3,0,0,177,177
R,0,memmove_fwd,byte,3,1,0,173,183
R,0,memmove_fwd,byte,4,0,0,184,205
R,0,memmove_fwd,byte,4,1,0,184,202
R,0,memmove_fwd,byte,7,0,0,212,216
R,0,memmove_fwd,byte,7,1,0,212,212
R,0,memmove_fwd,byte,8,0,0,229,233
R,0,memmove_fwd,byte,8,1,0,229,237
R,0,memmove_fwd,byte,15,0,0,311,338
R,0,memmove_fwd,byte,15,1,0,310,327
R,0,memmove_fwd,byte,16,0,0,327,359
R,0,memmove_fwd,byte,16,1,0,335,356
R,0,memmove_fwd,byte,17,0,0,329,342
R,0,memmove_fwd,byte,17,1,0,329,347
R,0,memmove_fwd,byte,31,0,0,494,537
R,0,memmove_fwd,byte,31,1,0,492,533
R,0,memmove_fwd,byte,32,0,0,513,560
R,0,memmove_fwd,byte,32,1,0,530,579
R,0,memmove_fwd,byte,33,0,0,520,564
R,0,memmove_fwd,byte,33,1,0,515,572
R,0,memmove_fwd,byte,63,0,0,897,955
R,0,memmove_fwd,byte,63,1,0,903,955
R,0,memmove_fwd,byte,64,0,0,901,977
R,0,memmove_fwd,byte,64,1,0,941,1015
R,0,memmove_fwd,byte,65,0,0,931,1016
R,0,memmove_fwd,byte,65,1,0,912,996
R,0,memmove_fwd,byte,100,0,0,1297,1423
R,0,memmove_fwd,byte,100,1,0,1428,1507
R,0,memmove_fwd,byte,128,0,0,1741,1778
R,0,memmove_fwd,byte,128,1,0,1843,1866
R,0,memmove_fwd,byte,255,0,0,3301,3430
R,0,memmove_fwd,byte,255,1,0,3344,3421
R,0,memmove_fwd,byte,256,0,0,3279,3431
R,0,memmove_fwd,byte,256,1,0,3536,3624
R,0,memmove_fwd,byte,512,0,0,6619,6704
R,0,memmove_fwd,byte,512,1,0,6999,7102
R,0,memmove_fwd,byte,1000,0,0,12790,12970
R,0,memmove_fwd,byte,1000,1,0,13583,13712
R,0,memmove_fwd,byte,1024,0,0,13133,13283
R,0,memmove_fwd,byte,1024,1,0,13910,14044
R,0,memmove_fwd,byte,4096,0,0,52532,52671
R,0,memmove_fwd,byte,4096,1,0,55602,55760
R,0,memmove_fwd,byte,8192,0,0,105069,105211
R,0,memmove_fwd,byte,8192,1,0,111281,111415
R,0,memmove_fwd,byte,16384,0,0,210062,210277
R,0,memmove_fwd,byte,16384,1,0,222448,222696
R,0,memmove_fwd,picolibc,1,0,0,112,116
R,0,memmove_fwd,picolibc,1,1,0,116,122
R,0,memmove_fwd,picolibc,2,0,0,145,150
R,0,memmove_fwd,picolibc,2,1,0,145,145
R,0,memmove_fwd,picolibc,3,0,0,167,172
R,0,memmove_fwd,picolibc,3,1,0,163,172
R,0,memmove_fwd,picolibc,4,0,0,199,203
R,0,memmove_fwd,picolibc,4,1,0,170,173
R,0,memmove_fwd,picolibc,7,0,0,264,276
R,0,memmove_fwd,picolibc,7,1,0,225,233
R,0,memmove_fwd,picolibc,8,0,0,210,214
R,0,memmove_fwd,picolibc,8,1,0,226,226
R,0,memmove_fwd,picolibc,15,0,0,308,311
R,0,memmove_fwd,picolibc,15,1,0,339,348
R,0,memmove_fwd,picolibc,16,0,0,243,247
R,0,memmove_fwd,picolibc,16,1,0,333,359
R,0,memmove_fwd,picolibc,17,0,0,257,262
R,0,memmove_fwd,picolibc,17,1,0,352,356
R,0,memmove_fwd,picolibc,31,0,0,357,364
R,0,memmove_fwd,picolibc,31,1,0,531,551
R,0,memmove_fwd,picolibc,32,0,0,293,301
R,0,memmove_fwd,picolibc,32,1,0,535,568
R,0,memmove_fwd,picolibc,33,0,0,303,319
R,0,memmove_fwd,picolibc,33,1,0,542,577
R,0,memmove_fwd,picolibc,63,0,0,444,472
R,0,memmove_fwd,picolibc,63,1,0,934,983
R,0,memmove_fwd,picolibc,64,0,0,334,358
R,0,memmove_fwd,picolibc,64,1,0,955,990
R,0,memmove_fwd,picolibc,65,0,0,348,372
R,0,memmove_fwd,picolibc,65,1,0,950,999
R,0,memmove_fwd,picolibc,100,0,0,457,489
R,0,memmove_fwd,picolibc,100,1,0,1456,1494
R,0,memmove_fwd,picolibc,128,0,0,504,555
R,0,memmove_fwd,picolibc,128,1,0,1788,1892
R,0,memmove_fwd,picolibc,255,0,0,939,1015
R,0,memmove_fwd,picolibc,255,1,0,3477,3524
R,0,memmove_fwd,picolibc,256,0,0,844,920
R,0,memmove_fwd,picolibc,256,1,0,3611,3679
R,0,memmove_fwd,picolibc,512,0,0,1627,1692
R,0,memmove_fwd,picolibc,512,1,0,7120,7233
R,0,memmove_fwd,picolibc,1000,0,0,3148,3190
R,0,memmove_fwd,picolibc,1000,1,0,13880,13976
R,0,memmove_fwd,picolibc,1024,0,0,3151,3221
R,0,memmove_fwd,picolibc,1024,1,0,14128,14259
R,0,memmove_fwd,picolibc,4096,0,0,12348,12393
R,0,memmove_fwd,picolibc,4096,1,0,56552,56768
R,0,memmove_fwd,picolibc,8192,0,0,24522,24671
R,0,memmove_fwd,picolibc,8192,1,0,113138,113366
R,0,memmove_fwd,picolibc,16384,0,0,48908,49088
R,0,memmove_fwd,picolibc,16384,1,0,226551,226802
R,0,memmove_fwd,llvm-libc,1,0,0,176,182
R,0,memmove_fwd,llvm-libc,1,1,0,228,232
R,0,memmove_fwd,llvm-libc,2,0,0,202,206
R,0,memmove_fwd,llvm-libc,2,1,0,202,202
R,0,memmove_fwd,llvm-libc,3,0,0,189,194
R,0,memmove_fwd,llvm-libc,3,1,0,222,222
R,0,memmove_fwd,llvm-libc,4,0,0,188,192
R,0,memmove_fwd,llvm-libc,4,1,0,178,182
R,0,memmove_fwd,llvm-libc,7,0,0,197,199
R,0,memmove_fwd,llvm-libc,7,1,0,219,223
R,0,memmove_fwd,llvm-libc,8,0,0,209,213
R,0,memmove_fwd,llvm-libc,8,1,0,227,231
R,0,memmove_fwd,llvm-libc,15,0,0,122,123
R,0,memmove_fwd,llvm-libc,15,1,0,125,125
R,0,memmove_fwd,llvm-libc,16,0,0,122,122
R,0,memmove_fwd,llvm-libc,16,1,0,126,131
R,0,memmove_fwd,llvm-libc,17,0,0,138,142
R,0,memmove_fwd,llvm-libc,17,1,0,152,152
R,0,memmove_fwd,llvm-libc,31,0,0,142,142
R,0,memmove_fwd,llvm-libc,31,1,0,156,156
R,0,memmove_fwd,llvm-libc,32,0,0,142,142
R,0,memmove_fwd,llvm-libc,32,1,0,157,157
R,0,memmove_fwd,llvm-libc,33,0,0,162,162
R,0,memmove_fwd,llvm-libc,33,1,0,182,205
R,0,memmove_fwd,llvm-libc,63,0,0,178,186
R,0,memmove_fwd,llvm-libc,63,1,0,226,246
R,0,memmove_fwd,llvm-libc,64,0,0,182,188
R,0,memmove_fwd,llvm-libc,64,1,0,227,250
R,0,memmove_fwd,llvm-libc,65,0,0,202,220
R,0,memmove_fwd,llvm-libc,65,1,0,253,280
R,0,memmove_fwd,llvm-libc,100,0,0,243,266
R,0,memmove_fwd,llvm-libc,100,1,0,327,354
R,0,memmove_fwd,llvm-libc,128,0,0,264,279
R,0,memmove_fwd,llvm-libc,128,1,0,375,425
R,0,memmove_fwd,llvm-libc,255,0,0,432,478
R,0,memmove_fwd,llvm-libc,255,1,0,697,757
R,0,memmove_fwd,llvm-libc,256,0,0,432,478
R,0,memmove_fwd,llvm-libc,256,1,0,671,760
R,0,memmove_fwd,llvm-libc,512,0,0,795,860
R,0,memmove_fwd,llvm-libc,512,1,0,1356,1421
R,0,memmove_fwd,llvm-libc,1000,0,0,1419,1580
R,0,memmove_fwd,llvm-libc,1000,1,0,2529,2715
R,0,memmove_fwd,llvm-libc,1024,0,0,1555,1601
R,0,memmove_fwd,llvm-libc,1024,1,0,2731,2754
R,0,memmove_fwd,llvm-libc,4096,0,0,5993,6108
R,0,memmove_fwd,llvm-libc,4096,1,0,10604,10785
R,0,memmove_fwd,llvm-libc,8192,0,0,12067,12178
R,0,memmove_fwd,llvm-libc,8192,1,0,21316,21498
R,0,memmove_fwd,llvm-libc,16384,0,0,24084,24268
R,0,memmove_fwd,llvm-libc,16384,1,0,42718,42845
R,0,memmove_fwd,mve64,1,0,0,153,153
R,0,memmove_fwd,mve64,1,1,0,151,155
R,0,memmove_fwd,mve64,2,0,0,153,153
R,0,memmove_fwd,mve64,2,1,0,151,155
R,0,memmove_fwd,mve64,3,0,0,153,153
R,0,memmove_fwd,mve64,3,1,0,151,155
R,0,memmove_fwd,mve64,4,0,0,153,153
R,0,memmove_fwd,mve64,4,1,0,151,155
R,0,memmove_fwd,mve64,7,0,0,149,153
R,0,memmove_fwd,mve64,7,1,0,155,155
R,0,memmove_fwd,mve64,8,0,0,149,153
R,0,memmove_fwd,mve64,8,1,0,158,162
R,0,memmove_fwd,mve64,15,0,0,156,160
R,0,memmove_fwd,mve64,15,1,0,169,169
R,0,memmove_fwd,mve64,16,0,0,173,177
R,0,memmove_fwd,mve64,16,1,0,176,180
R,0,memmove_fwd,mve64,17,0,0,169,173
R,0,memmove_fwd,mve64,17,1,0,182,186
R,0,memmove_fwd,mve64,31,0,0,177,181
R,0,memmove_fwd,mve64,31,1,0,202,210
R,0,memmove_fwd,mve64,32,0,0,198,198
R,0,memmove_fwd,mve64,32,1,0,221,221
R,0,memmove_fwd,mve64,33,0,0,190,194
R,0,memmove_fwd,mve64,33,1,0,215,221
R,0,memmove_fwd,mve64,63,0,0,219,225
R,0,memmove_fwd,mve64,63,1,0,279,289
R,0,memmove_fwd,mve64,64,0,0,209,218
R,0,memmove_fwd,mve64,64,1,0,256,266
R,0,memmove_fwd,mve64,65,0,0,215,223
R,0,memmove_fwd,mve64,65,1,0,273,283
R,0,memmove_fwd,mve64,100,0,0,269,274
R,0,memmove_fwd,mve64,100,1,0,345,360
R,0,memmove_fwd,mve64,128,0,0,289,310
R,0,memmove_fwd,mve64,128,1,0,393,425
R,0,memmove_fwd,mve64,255,0,0,456,514
R,0,memmove_fwd,mve64,255,1,0,689,721
R,0,memmove_fwd,mve64,256,0,0,450,499
R,0,memmove_fwd,mve64,256,1,0,677,732
R,0,memmove_fwd,mve64,512,0,0,766,845
R,0,memmove_fwd,mve64,512,1,0,1257,1317
R,0,memmove_fwd,mve64,1000,0,0,1460,1511
R,0,memmove_fwd,mve64,1000,1,0,2343,2455
R,0,memmove_fwd,mve64,1024,0,0,1459,1521
R,0,memmove_fwd,mve64,1024,1,0,2478,2505
R,0,memmove_fwd,mve64,4096,0,0,5649,5779
R,0,memmove_fwd,mve64,4096,1,0,9465,9578
R,0,memmove_fwd,mve64,8192,0,0,11231,11413
R,0,memmove_fwd,mve64,8192,1,0,18897,19044
R,0,memmove_fwd,mve64,16384,0,0,22509,22674
R,0,memmove_fwd,mve64,16384,1,0,37775,37954
R,0,memmove_bwd,byte,1,0,0,132,134
R,0,memmove_bwd,byte,1,1,0,130,134
R,0,memmove_bwd,byte,2,0,0,170,174
R,0,memmove_bwd,byte,2,1,0,170,175
R,0,memmove_bwd,byte,3,0,0,168,168
R,0,memmove_bwd,byte,3,1,0,149,172
R,0,memmove_bwd,byte,4,0,0,173,181
R,0,memmove_bwd,byte,4,1,0,173,179
R,0,memmove_bwd,byte,7,0,0,211,235
R,0,memmove_bwd,byte,7,1,0,211,243
R,0,memmove_bwd,byte,8,0,0,229,239
R,0,memmove_bwd,byte,8,1,0,231,236
R,0,memmove_bwd,byte,15,0,0,336,355
R,0,memmove_bwd,byte,15,1,0,341,352
R,0,memmove_bwd,byte,16,0,0,333,361
R,0,memmove_bwd,byte,16,1,0,337,358
R,0,memmove_bwd,byte,17,0,0,343,355
R,0,memmove_bwd,byte,17,1,0,347,366
R,0,memmove_bwd,byte,31,0,0,524,552
R,0,memmove_bwd,byte,31,1,0,528,554
R,0,memmove_bwd,byte,32,0,0,521,549
R,0,memmove_bwd,byte,32,1,0,525,553
R,0,memmove_bwd,byte,33,0,0,531,562
R,0,memmove_bwd,byte,33,1,0,538,565
R,0,memmove_bwd,byte,63,0,0,910,966
R,0,memmove_bwd,byte,63,1,0,937,983
R,0,memmove_bwd,byte,64,0,0,918,962
R,0,memmove_bwd,byte,64,1,0,939,986
R,0,memmove_bwd,byte,65,0,0,929,973
R,0,memmove_bwd,byte,65,1,0,953,990
R,0,memmove_bwd,byte,100,0,0,1335,1418
R,0,memmove_bwd,byte,100,1,0,1430,1473
R,0,memmove_bwd,byte,128,0,0,1762,1784
R,0,memmove_bwd,byte,128,1,0,1810,1835
R,0,memmove_bwd,byte,255,0,0,3356,3450
R,0,memmove_bwd,byte,255,1,0,3493,3545
R,0,memmove_bwd,byte,256,0,0,3349,3447
R,0,memmove_bwd,byte,256,1,0,3455,3561
R,0,memmove_bwd,byte,512,0,0,6625,6745
R,0,memmove_bwd,byte,512,1,0,6898,6974
R,0,memmove_bwd,byte,1000,0,0,12955,13094
R,0,memmove_bwd,byte,1000,1,0,13431,13490
R,0,memmove_bwd,byte,1024,0,0,13248,13330
R,0,memmove_bwd,byte,1024,1,0,13711,13819
R,0,memmove_bwd,byte,4096,0,0,52713,52881
R,0,memmove_bwd,byte,4096,1,0,54762,54851
R,0,memmove_bwd,byte,8192,0,0,105580,105884
R,0,memmove_bwd,byte,8192,1,0,109405,109566
R,0,memmove_bwd,byte,16384,0,0,211409,211606
R,0,memmove_bwd,byte,16384,1,0,218929,219076
R,0,memmove_bwd,picolibc,1,0,0,104,110
R,0,memmove_bwd,picolibc,1,1,0,104,108
R,0,memmove_bwd,picolibc,2,0,0,137,138
R,0,memmove_bwd,picolibc,2,1,0,137,137
R,0,memmove_bwd,picolibc,3,0,0,159,166
R,0,memmove_bwd,picolibc,3,1,0,159,159
R,0,memmove_bwd,picolibc,4,0,0,195,197
R,0,memmove_bwd,picolibc,4,1,0,162,165
R,0,memmove_bwd,picolibc,7,0,0,256,262
R,0,memmove_bwd,picolibc,7,1,0,219,230
R,0,memmove_bwd,picolibc,8,0,0,206,206
R,0,memmove_bwd,picolibc,8,1,0,208,212
R,0,memmove_bwd,picolibc,15,0,0,375,382
R,0,memmove_bwd,picolibc,15,1,0,330,338
R,0,memmove_bwd,picolibc,16,0,0,220,222
R,0,memmove_bwd,picolibc,16,1,0,342,352
R,0,memmove_bwd,picolibc,17,0,0,361,368
R,0,memmove_bwd,picolibc,17,1,0,362,386
R,0,memmove_bwd,picolibc,31,0,0,558,581
R,0,memmove_bwd,picolibc,31,1,0,362,376
R,0,memmove_bwd,picolibc,32,0,0,270,281
R,0,memmove_bwd,picolibc,32,1,0,526,550
R,0,memmove_bwd,picolibc,33,0,0,542,575
R,0,memmove_bwd,picolibc,33,1,0,545,569
R,0,memmove_bwd,picolibc,63,0,0,954,990
R,0,memmove_bwd,picolibc,63,1,0,479,515
R,0,memmove_bwd,picolibc,64,0,0,375,393
R,0,memmove_bwd,picolibc,64,1,0,934,974
R,0,memmove_bwd,picolibc,65,0,0,935,988
R,0,memmove_bwd,picolibc,65,1,0,947,997
R,0,memmove_bwd,picolibc,100,0,0,516,562
R,0,memmove_bwd,picolibc,100,1,0,1417,1458
R,0,memmove_bwd,picolibc,128,0,0,585,631
R,0,memmove_bwd,picolibc,128,1,0,1774,1810
R,0,memmove_bwd,picolibc,255,0,0,3382,3422
R,0,memmove_bwd,picolibc,255,1,0,1175,1251
R,0,memmove_bwd,picolibc,256,0,0,1046,1090
R,0,memmove_bwd,picolibc,256,1,0,3413,3473
R,0,memmove_bwd,picolibc,512,0,0,1921,1976
R,0,memmove_bwd,picolibc,512,1,0,6710,6776
R,0,memmove_bwd,picolibc,1000,0,0,3630,3728
R,0,memmove_bwd,picolibc,1000,1,0,13014,13141
R,0,memmove_bwd,picolibc,1024,0,0,3697,3789
R,0,memmove_bwd,picolibc,1024,1,0,13399,13461
R,0,memmove_bwd,picolibc,4096,0,0,14535,14600
R,0,memmove_bwd,picolibc,4096,1,0,53005,53295
R,0,memmove_bwd,picolibc,8192,0,0,28920,29024
R,0,memmove_bwd,picolibc,8192,1,0,106124,106539
R,0,memmove_bwd,picolibc,16384,0,0,57752,57934
R,0,memmove_bwd,picolibc,16384,1,0,212686,212806
R,0,memmove_bwd,llvm-libc,1,0,0,170,172
R,0,memmove_bwd,llvm-libc,1,1,0,220,226
R,0,memmove_bwd,llvm-libc,2,0,0,191,194
R,0,memmove_bwd,llvm-libc,2,1,0,194,202
R,0,memmove_bwd,llvm-libc,3,0,0,179,186
R,0,memmove_bwd,llvm-libc,3,1,0,210,214
R,0,memmove_bwd,llvm-libc,4,0,0,180,186
R,0,memmove_bwd,llvm-libc,4,1,0,170,174
R,0,memmove_bwd,llvm-libc,7,0,0,186,189
R,0,memmove_bwd,llvm-libc,7,1,0,211,216
R,0,memmove_bwd,llvm-libc,8,0,0,205,205
R,0,memmove_bwd,llvm-libc,8,1,0,222,226
R,0,memmove_bwd,llvm-libc,15,0,0,394,408
R,0,memmove_bwd,llvm-libc,15,1,0,394,430
R,0,memmove_bwd,llvm-libc,16,0,0,414,456
R,0,memmove_bwd,llvm-libc,16,1,0,410,450
R,0,memmove_bwd,llvm-libc,17,0,0,430,474
R,0,memmove_bwd,llvm-libc,17,1,0,434,466
R,0,memmove_bwd,llvm-libc,31,0,0,714,786
R,0,memmove_bwd,llvm-libc,31,1,0,714,778
R,0,memmove_bwd,llvm-libc,32,0,0,756,806
R,0,memmove_bwd,llvm-libc,32,1,0,746,807
R,0,memmove_bwd,llvm-libc,33,0,0,757,820
R,0,memmove_bwd,llvm-libc,33,1,0,772,830
R,0,memmove_bwd,llvm-libc,63,0,0,1428,1478
R,0,memmove_bwd,llvm-libc,63,1,0,1412,1468
R,0,memmove_bwd,llvm-libc,64,0,0,1419,1495
R,0,memmove_bwd,llvm-libc,64,1,0,1394,1490
R,0,memmove_bwd,llvm-libc,65,0,0,1480,1517
R,0,memmove_bwd,llvm-libc,65,1,0,1468,1512
R,0,memmove_bwd,llvm-libc,100,0,0,2271,2292
R,0,memmove_bwd,llvm-libc,100,1,0,2260,2307
R,0,memmove_bwd,llvm-libc,128,0,0,2858,2914
R,0,memmove_bwd,llvm-libc,128,1,0,2868,2912
R,0,memmove_bwd,llvm-libc,255,0,0,5544,5703
R,0,memmove_bwd,llvm-libc,255,1,0,5593,5690
R,0,memmove_bwd,llvm-libc,256,0,0,5611,5729
R,0,memmove_bwd,llvm-libc,256,1,0,5639,5728
R,0,memmove_bwd,llvm-libc,512,0,0,11187,11342
R,0,memmove_bwd,llvm-libc,512,1,0,11225,11367
R,0,memmove_bwd,llvm-libc,1000,0,0,21779,22066
R,0,memmove_bwd,llvm-libc,1000,1,0,21968,22096
R,0,memmove_bwd,llvm-libc,1024,0,0,22538,22595
R,0,memmove_bwd,llvm-libc,1024,1,0,22483,22599
R,0,memmove_bwd,llvm-libc,4096,0,0,89938,90053
R,0,memmove_bwd,llvm-libc,4096,1,0,89899,90070
R,0,memmove_bwd,llvm-libc,8192,0,0,179815,180012
R,0,memmove_bwd,llvm-libc,8192,1,0,179624,179995
R,0,memmove_bwd,llvm-libc,16384,0,0,359652,359917
R,0,memmove_bwd,llvm-libc,16384,1,0,359506,359864
R,0,memmove_bwd,mve64,1,0,0,151,155
R,0,memmove_bwd,mve64,1,1,0,157,157
R,0,memmove_bwd,mve64,2,0,0,155,155
R,0,memmove_bwd,mve64,2,1,0,157,157
R,0,memmove_bwd,mve64,3,0,0,151,155
R,0,memmove_bwd,mve64,3,1,0,157,160
R,0,memmove_bwd,mve64,4,0,0,151,155
R,0,memmove_bwd,mve64,4,1,0,157,157
R,0,memmove_bwd,mve64,7,0,0,151,155
R,0,memmove_bwd,mve64,7,1,0,157,159
R,0,memmove_bwd,mve64,8,0,0,151,155
R,0,memmove_bwd,mve64,8,1,0,164,164
R,0,memmove_bwd,mve64,15,0,0,155,160
R,0,memmove_bwd,mve64,15,1,0,164,175
R,0,memmove_bwd,mve64,16,0,0,150,150
R,0,memmove_bwd,mve64,16,1,0,160,160
R,0,memmove_bwd,mve64,17,0,0,172,181
R,0,memmove_bwd,mve64,17,1,0,173,177
R,0,memmove_bwd,mve64,31,0,0,177,199
R,0,memmove_bwd,mve64,31,1,0,176,187
R,0,memmove_bwd,mve64,32,0,0,175,176
R,0,memmove_bwd,mve64,32,1,0,196,196
R,0,memmove_bwd,mve64,33,0,0,208,208
R,0,memmove_bwd,mve64,33,1,0,207,209
R,0,memmove_bwd,mve64,63,0,0,245,258
R,0,memmove_bwd,mve64,63,1,0,222,232
R,0,memmove_bwd,mve64,64,0,0,212,212
R,0,memmove_bwd,mve64,64,1,0,253,257
R,0,memmove_bwd,mve64,65,0,0,263,271
R,0,memmove_bwd,mve64,65,1,0,263,284
R,0,memmove_bwd,mve64,100,0,0,272,294
R,0,memmove_bwd,mve64,100,1,0,326,364
R,0,memmove_bwd,mve64,128,0,0,298,330
R,0,memmove_bwd,mve64,128,1,0,382,416
R,0,memmove_bwd,mve64,255,0,0,620,708
R,0,memmove_bwd,mve64,255,1,0,495,523
R,0,memmove_bwd,mve64,256,0,0,502,527
R,0,memmove_bwd,mve64,256,1,0,642,708
R,0,memmove_bwd,mve64,512,0,0,867,935
R,0,memmove_bwd,mve64,512,1,0,1156,1290
R,0,memmove_bwd,mve64,1000,0,0,1586,1676
R,0,memmove_bwd,mve64,1000,1,0,2321,2464
R,0,memmove_bwd,mve64,1024,0,0,1562,1743
R,0,memmove_bwd,mve64,1024,1,0,2420,2450
R,0,memmove_bwd,mve64,4096,0,0,6475,6551
R,0,memmove_bwd,mve64,4096,1,0,9523,9596
R,0,memmove_bwd,mve64,8192,0,0,12883,13012
R,0,memmove_bwd,mve64,8192,1,0,18844,19083
R,0,memmove_bwd,mve64,16384,0,0,25536,25885
R,0,memmove_bwd,mve64,16384,1,0,37683,38036
R,0,memset,byte,1,0,0,77,78
R,0,memset,byte,1,1,0,74,78
R,0,memset,byte,2,0,0,98,103
R,0,memset,byte,2,1,0,98,102
R,0,memset,byte,3,0,0,94,98
R,0,memset,byte,3,1,0,98,98
R,0,memset,byte,4,0,0,88,90
R,0,memset,byte,4,1,0,88,90
R,0,memset,byte,7,0,0,104,108
R,0,memset,byte,7,1,0,104,108
R,0,memset,byte,8,0,0,106,110
R,0,memset,byte,8,1,0,110,110
R,0,memset,byte,15,0,0,144,151
R,0,memset,byte,15,1,0,148,148
R,0,memset,byte,16,0,0,150,150
R,0,memset,byte,16,1,0,150,150
R,0,memset,byte,17,0,0,144,148
R,0,memset,byte,17,1,0,144,148
R,0,memset,byte,31,0,0,224,228
R,0,memset,byte,31,1,0,224,230
R,0,memset,byte,32,0,0,226,230
R,0,memset,byte,32,1,0,226,230
R,0,memset,byte,33,0,0,224,228
R,0,memset,byte,33,1,0,224,228
R,0,memset,byte,63,0,0,384,388
R,0,memset,byte,63,1,0,384,389
R,0,memset,byte,64,0,0,390,390
R,0,memset,byte,64,1,0,386,390
R,0,memset,byte,65,0,0,384,388
R,0,memset,byte,65,1,0,384,388
R,0,memset,byte,100,0,0,566,570
R,0,memset,byte,100,1,0,570,570
R,0,memset,byte,128,0,0,710,710
R,0,memset,byte,128,1,0,708,710
R,0,memset,byte,255,0,0,1344,1349
R,0,memset,byte,255,1,0,1348,1350
R,0,memset,byte,256,0,0,1346,1350
R,0,memset,byte,256,1,0,1346,1350
R,0,memset,byte,512,0,0,2627,2631
R,0,memset,byte,512,1,0,2627,2631
R,0,memset,byte,1000,0,0,5070,5070
R,0,memset,byte,1000,1,0,5068,5071
R,0,memset,byte,1024,0,0,5187,5190
R,0,memset,byte,1024,1,0,5186,5191
R,0,memset,byte,4096,0,0,20551,20554
R,0,memset,byte,4096,1,0,20549,20555
R,0,memset,byte,8192,0,0,41034,41041
R,0,memset,byte,8192,1,0,41036,41040
R,0,memset,byte,16384,0,0,81999,82010
R,0,memset,byte,16384,1,0,81997,82008
R,0,memset,autovec,1,0,0,65,68
R,0,memset,autovec,1,1,0,64,68
R,0,memset,autovec,2,0,0,64,68
R,0,memset,autovec,2,1,0,64,68
R,0,memset,autovec,3,0,0,64,68
R,0,memset,autovec,3,1,0,64,68
R,0,memset,autovec,4,0,0,64,68
R,0,memset,autovec,4,1,0,65,68
R,0,memset,autovec,7,0,0,64,68
R,0,memset,autovec,7,1,0,64,68
R,0,memset,autovec,8,0,0,64,68
R,0,memset,autovec,8,1,0,64,68
R,0,memset,autovec,15,0,0,64,68
R,0,memset,autovec,15,1,0,64,68
R,0,memset,autovec,16,0,0,64,68
R,0,memset,autovec,16,1,0,64,68
R,0,memset,autovec,17,0,0,84,88
R,0,memset,autovec,17,1,0,88,88
R,0,memset,autovec,31,0,0,84,88
R,0,memset,autovec,31,1,0,88,88
R,0,memset,autovec,32,0,0,84,88
R,0,memset,autovec,32,1,0,84,88
R,0,memset,autovec,33,0,0,87,91
R,0,memset,autovec,33,1,0,87,95
R,0,memset,autovec,63,0,0,107,119
R,0,memset,autovec,63,1,0,107,117
R,0,memset,autovec,64,0,0,107,111
R,0,memset,autovec,64,1,0,107,113
R,0,memset,autovec,65,0,0,114,121
R,0,memset,autovec,65,1,0,114,122
R,0,memset,autovec,100,0,0,137,154
R,0,memset,autovec,100,1,0,137,141
R,0,memset,autovec,128,0,0,153,157
R,0,memset,autovec,128,1,0,157,157
R,0,memset,autovec,255,0,0,249,251
R,0,memset,autovec,255,1,0,245,249
R,0,memset,autovec,256,0,0,245,249
R,0,memset,autovec,256,1,0,245,249
R,0,memset,autovec,512,0,0,433,451
R,0,memset,autovec,512,1,0,433,458
R,0,memset,autovec,1000,0,0,798,818
R,0,memset,autovec,1000,1,0,781,821
R,0,memset,autovec,1024,0,0,801,833
R,0,memset,autovec,1024,1,0,801,838
R,0,memset,autovec,4096,0,0,3099,3154
R,0,memset,autovec,4096,1,0,3109,3179
R,0,memset,autovec,8192,0,0,6165,6221
R,0,memset,autovec,8192,1,0,6244,6284
R,0,memset,autovec,16384,0,0,12333,12403
R,0,memset,autovec,16384,1,0,12456,12483
R,0,memset,picolibc,1,0,0,120,120
R,0,memset,picolibc,1,1,0,128,128
R,0,memset,picolibc,2,0,0,138,140
R,0,memset,picolibc,2,1,0,144,148
R,0,memset,picolibc,3,0,0,157,160
R,0,memset,picolibc,3,1,0,156,158
R,0,memset,picolibc,4,0,0,126,130
R,0,memset,picolibc,4,1,0,158,158
R,0,memset,picolibc,7,0,0,166,170
R,0,memset,picolibc,7,1,0,168,168
R,0,memset,picolibc,8,0,0,150,150
R,0,memset,picolibc,8,1,0,164,168
R,0,memset,picolibc,15,0,0,210,210
R,0,memset,picolibc,15,1,0,208,208
R,0,memset,picolibc,16,0,0,130,130
R,0,memset,picolibc,16,1,0,208,208
R,0,memset,picolibc,17,0,0,130,130
R,0,memset,picolibc,17,1,0,224,228
R,0,memset,picolibc,31,0,0,210,210
R,0,memset,picolibc,31,1,0,204,208
R,0,memset,picolibc,32,0,0,148,160
R,0,memset,picolibc,32,1,0,204,208
R,0,memset,picolibc,33,0,0,152,152
R,0,memset,picolibc,33,1,0,228,228
R,0,memset,picolibc,63,0,0,254,254
R,0,memset,picolibc,63,1,0,252,252
R,0,memset,picolibc,64,0,0,196,196
R,0,memset,picolibc,64,1,0,252,252
R,0,memset,picolibc,65,0,0,196,204
R,0,memset,picolibc,65,1,0,272,275
R,0,memset,picolibc,100,0,0,240,240
R,0,memset,picolibc,100,1,0,274,286
R,0,memset,picolibc,128,0,0,284,292
R,0,memset,picolibc,128,1,0,340,365
R,0,memset,picolibc,255,0,0,518,542
R,0,memset,picolibc,255,1,0,516,547
R,0,memset,picolibc,256,0,0,460,484
R,0,memset,picolibc,256,1,0,516,541
R,0,memset,picolibc,512,0,0,812,853
R,0,memset,picolibc,512,1,0,872,917
R,0,memset,picolibc,1000,0,0,1558,1574
R,0,memset,picolibc,1000,1,0,1559,1585
R,0,memset,picolibc,1024,0,0,1560,1596
R,0,memset,picolibc,1024,1,0,1630,1655
R,0,memset,picolibc,4096,0,0,6004,6055
R,0,memset,picolibc,4096,1,0,6070,6118
R,0,memset,picolibc,8192,0,0,11941,12002
R,0,memset,picolibc,8192,1,0,12008,12064
R,0,memset,picolibc,16384,0,0,23815,23896
R,0,memset,picolibc,16384,1,0,23881,23953
R,0,memset,llvm-libc,1,0,0,154,158
R,0,memset,llvm-libc,1,1,0,158,158
R,0,memset,llvm-libc,2,0,0,154,158
R,0,memset,llvm-libc,2,1,0,154,158
R,0,memset,llvm-libc,3,0,0,154,158
R,0,memset,llvm-libc,3,1,0,158,158
R,0,memset,llvm-libc,4,0,0,135,138
R,0,memset,llvm-libc,4,1,0,135,138
R,0,memset,llvm-libc,7,0,0,136,138
R,0,memset,llvm-libc,7,1,0,138,138
R,0,memset,llvm-libc,8,0,0,154,158
R,0,memset,llvm-libc,8,1,0,184,188
R,0,memset,llvm-libc,15,0,0,161,161
R,0,memset,llvm-libc,15,1,0,207,211
R,0,memset,llvm-libc,16,0,0,158,158
R,0,memset,llvm-libc,16,1,0,207,212
R,0,memset,llvm-libc,17,0,0,154,158
R,0,memset,llvm-libc,17,1,0,207,212
R,0,memset,llvm-libc,31,0,0,157,161
R,0,memset,llvm-libc,31,1,0,207,211
R,0,memset,llvm-libc,32,0,0,178,178
R,0,memset,llvm-libc,32,1,0,207,211
R,0,memset,llvm-libc,33,0,0,174,178
R,0,memset,llvm-libc,33,1,0,211,214
R,0,memset,llvm-libc,63,0,0,201,201
R,0,memset,llvm-libc,63,1,0,251,254
R,0,memset,llvm-libc,64,0,0,154,158
R,0,memset,llvm-libc,64,1,0,251,251
R,0,memset,llvm-libc,65,0,0,154,159
R,0,memset,llvm-libc,65,1,0,251,251
R,0,memset,llvm-libc,100,0,0,154,158
R,0,memset,llvm-libc,100,1,0,228,228
R,0,memset,llvm-libc,128,0,0,185,190
R,0,memset,llvm-libc,128,1,0,251,251
R,0,memset,llvm-libc,255,0,0,261,283
R,0,memset,llvm-libc,255,1,0,311,325
R,0,memset,llvm-libc,256,0,0,248,251
R,0,memset,llvm-libc,256,1,0,311,324
R,0,memset,llvm-libc,512,0,0,368,377
R,0,memset,llvm-libc,512,1,0,431,454
R,0,memset,llvm-libc,1000,0,0,598,621
R,0,memset,llvm-libc,1000,1,0,629,652
R,0,memset,llvm-libc,1024,0,0,608,619
R,0,memset,llvm-libc,1024,1,0,683,695
R,0,memset,llvm-libc,4096,0,0,2100,2119
R,0,memset,llvm-libc,4096,1,0,2169,2197
R,0,memset,llvm-libc,8192,0,0,4083,4106
R,0,memset,llvm-libc,8192,1,0,4139,4198
R,0,memset,llvm-libc,16384,0,0,8066,8113
R,0,memset,llvm-libc,16384,1,0,8147,8202
R,0,memset,mve16,1,0,0,65,68
R,0,memset,mve16,1,1,0,64,68
R,0,memset,mve16,2,0,0,65,68
R,0,memset,mve16,2,1,0,64,68
R,0,memset,mve16,3,0,0,64,68
R,0,memset,mve16,3,1,0,64,68
R,0,memset,mve16,4,0,0,64,68
R,0,memset,mve16,4,1,0,64,68
R,0,memset,mve16,7,0,0,64,68
R,0,memset,mve16,7,1,0,64,68
R,0,memset,mve16,8,0,0,64,68
R,0,memset,mve16,8,1,0,64,68
R,0,memset,mve16,15,0,0,64,68
R,0,memset,mve16,15,1,0,64,68
R,0,memset,mve16,16,0,0,64,68
R,0,memset,mve16,16,1,0,64,68
R,0,memset,mve16,17,0,0,72,72
R,0,memset,mve16,17,1,0,69,72
R,0,memset,mve16,31,0,0,72,72
R,0,memset,mve16,31,1,0,68,72
R,0,memset,mve16,32,0,0,68,72
R,0,memset,mve16,32,1,0,72,75
R,0,memset,mve16,33,0,0,72,76
R,0,memset,mve16,33,1,0,72,76
R,0,memset,mve16,63,0,0,80,80
R,0,memset,mve16,63,1,0,80,80
R,0,memset,mve16,64,0,0,80,82
R,0,memset,mve16,64,1,0,80,80
R,0,memset,mve16,65,0,0,80,84
R,0,memset,mve16,65,1,0,84,84
R,0,memset,mve16,100,0,0,88,94
R,0,memset,mve16,100,1,0,88,92
R,0,memset,mve16,128,0,0,93,96
R,0,memset,mve16,128,1,0,96,96
R,0,memset,mve16,255,0,0,125,135
R,0,memset,mve16,255,1,0,128,136
R,0,memset,mve16,256,0,0,128,139
R,0,memset,mve16,256,1,0,128,144
R,0,memset,mve16,512,0,0,192,218
R,0,memset,mve16,512,1,0,192,223
R,0,memset,mve16,1000,0,0,316,363
R,0,memset,mve16,1000,1,0,316,364
R,0,memset,mve16,1024,0,0,316,378
R,0,memset,mve16,1024,1,0,320,361
R,0,memset,mve16,4096,0,0,1181,1274
R,0,memset,mve16,4096,1,0,1184,1272
R,0,memset,mve16,8192,0,0,2452,2481
R,0,memset,mve16,8192,1,0,2425,2471
R,0,memset,mve16,16384,0,0,4684,4871
R,0,memset,mve16,16384,1,0,4628,4859
R,0,memset,mve64,1,0,0,111,111
R,0,memset,mve64,1,1,0,111,111
R,0,memset,mve64,2,0,0,111,111
R,0,memset,mve64,2,1,0,111,111
R,0,memset,mve64,3,0,0,111,117
R,0,memset,mve64,3,1,0,111,111
R,0,memset,mve64,4,0,0,111,111
R,0,memset,mve64,4,1,0,111,111
R,0,memset,mve64,7,0,0,111,111
R,0,memset,mve64,7,1,0,111,111
R,0,memset,mve64,8,0,0,110,111
R,0,memset,mve64,8,1,0,111,111
R,0,memset,mve64,15,0,0,107,111
R,0,memset,mve64,15,1,0,111,111
R,0,memset,mve64,16,0,0,136,141
R,0,memset,mve64,16,1,0,137,140
R,0,memset,mve64,17,0,0,136,141
R,0,memset,mve64,17,1,0,137,141
R,0,memset,mve64,31,0,0,137,142
R,0,memset,mve64,31,1,0,136,141
R,0,memset,mve64,32,0,0,120,123
R,0,memset,mve64,32,1,0,120,128
R,0,memset,mve64,33,0,0,116,121
R,0,memset,mve64,33,1,0,120,120
R,0,memset,mve64,63,0,0,116,120
R,0,memset,mve64,63,1,0,120,126
R,0,memset,mve64,64,0,0,155,159
R,0,memset,mve64,64,1,0,156,159
R,0,memset,mve64,65,0,0,155,159
R,0,memset,mve64,65,1,0,155,161
R,0,memset,mve64,100,0,0,168,170
R,0,memset,mve64,100,1,0,164,168
R,0,memset,mve64,128,0,0,155,159
R,0,memset,mve64,128,1,0,155,159
R,0,memset,mve64,255,0,0,178,188
R,0,memset,mve64,255,1,0,188,208
R,0,memset,mve64,256,0,0,175,185
R,0,memset,mve64,256,1,0,169,198
R,0,memset,mve64,512,0,0,243,254
R,0,memset,mve64,512,1,0,239,257
R,0,memset,mve64,1000,0,0,378,421
R,0,memset,mve64,1000,1,0,384,428
R,0,memset,mve64,1024,0,0,373,400
R,0,memset,mve64,1024,1,0,371,407
R,0,memset,mve64,4096,0,0,1201,1313
R,0,memset,mve64,4096,1,0,1231,1315
R,0,memset,mve64,8192,0,0,2437,2507
R,0,memset,mve64,8192,1,0,2441,2509
R,0,memset,mve64,16384,0,0,4666,4843
R,0,memset,mve64,16384,1,0,4829,4889
R,0,memcmp,byte,1,0,0,89,89
R,0,memcmp,byte,1,1,1,89,89
R,0,memcmp,byte,1,1,3,85,89
R,0,memcmp,byte,2,0,0,119,119
R,0,memcmp,byte,2,1,1,119,119
R,0,memcmp,byte,2,1,3,112,116
R,0,memcmp,byte,3,0,0,139,139
R,0,memcmp,byte,3,1,1,135,139
R,0,memcmp,byte,3,1,3,125,129
R,0,memcmp,byte,4,0,0,157,161
R,0,memcmp,byte,4,1,1,155,161
R,0,memcmp,byte,4,1,3,151,151
R,0,memcmp,byte,7,0,0,232,240
R,0,memcmp,byte,7,1,1,236,237
R,0,memcmp,byte,7,1,3,213,218
R,0,memcmp,byte,8,0,0,256,258
R,0,memcmp,byte,8,1,1,255,258
R,0,memcmp,byte,8,1,3,234,242
R,0,memcmp,byte,15,0,0,430,439
R,0,memcmp,byte,15,1,1,430,437
R,0,memcmp,byte,15,1,3,386,390
R,0,memcmp,byte,16,0,0,452,459
R,0,memcmp,byte,16,1,1,452,460
R,0,memcmp,byte,16,1,3,410,418
R,0,memcmp,byte,17,0,0,477,489
R,0,memcmp,byte,17,1,1,477,484
R,0,memcmp,byte,17,1,3,437,449
R,0,memcmp,byte,31,0,0,819,838
R,0,memcmp,byte,31,1,1,823,836
R,0,memcmp,byte,31,1,3,738,749
R,0,memcmp,byte,32,0,0,847,862
R,0,memcmp,byte,32,1,1,843,860
R,0,memcmp,byte,32,1,3,758,777
R,0,memcmp,byte,33,0,0,865,883
R,0,memcmp,byte,33,1,1,870,886
R,0,memcmp,byte,33,1,3,794,804
R,0,memcmp,byte,63,0,0,1601,1630
R,0,memcmp,byte,63,1,1,1618,1631
R,0,memcmp,byte,63,1,3,1449,1463
R,0,memcmp,byte,64,0,0,1637,1655
R,0,memcmp,byte,64,1,1,1627,1649
R,0,memcmp,byte,64,1,3,1462,1484
R,0,memcmp,byte,65,0,0,1645,1684
R,0,memcmp,byte,65,1,1,1662,1681
R,0,memcmp,byte,65,1,3,1500,1516
R,0,memcmp,byte,100,0,0,2536,2548
R,0,memcmp,byte,100,1,1,2535,2548
R,0,memcmp,byte,100,1,3,2257,2285
R,0,memcmp,byte,128,0,0,3225,3241
R,0,memcmp,byte,128,1,1,3220,3241
R,0,memcmp,byte,128,1,3,2896,2912
R,0,memcmp,byte,255,0,0,6383,6401
R,0,memcmp,byte,255,1,1,6369,6391
R,0,memcmp,byte,255,1,3,5704,5744
R,0,memcmp,byte,256,0,0,6388,6423
R,0,memcmp,byte,256,1,1,6404,6420
R,0,memcmp,byte,256,1,3,5743,5765
R,0,memcmp,byte,512,0,0,12727,12761
R,0,memcmp,byte,512,1,1,12714,12770
R,0,memcmp,byte,512,1,3,11439,11465
R,0,memcmp,byte,1000,0,0,24822,24876
R,0,memcmp,byte,1000,1,1,24842,24875
R,0,memcmp,byte,1000,1,3,22290,22338
R,0,memcmp,byte,1024,0,0,25447,25476
R,0,memcmp,byte,1024,1,1,25448,25479
R,0,memcmp,byte,1024,1,3,22789,22850
R,0,memcmp,byte,4096,0,0,101612,101669
R,0,memcmp,byte,4096,1,1,101659,101688
R,0,memcmp,byte,4096,1,3,91219,91271
R,0,memcmp,byte,8192,0,0,203199,203288
R,0,memcmp,byte,8192,1,1,203244,203337
R,0,memcmp,byte,8192,1,3,182376,182479
R,0,memcmp,byte,16384,0,0,406378,406526
R,0,memcmp,byte,16384,1,1,406394,406539
R,0,memcmp,byte,16384,1,3,364751,364866
R,0,memcmp,picolibc,1,0,0,98,101
R,0,memcmp,picolibc,1,1,1,97,101
R,0,memcmp,picolibc,1,1,3,97,101
R,0,memcmp,picolibc,2,0,0,123,123
R,0,memcmp,picolibc,2,1,1,119,123
R,0,memcmp,picolibc,2,1,3,116,118
R,0,memcmp,picolibc,3,0,0,139,146
R,0,memcmp,picolibc,3,1,1,139,147
R,0,memcmp,picolibc,3,1,3,129,129
R,0,memcmp,picolibc,4,0,0,266,268
R,0,memcmp,picolibc,4,1,1,192,196
R,0,memcmp,picolibc,4,1,3,181,181
R,0,memcmp,picolibc,7,0,0,241,249
R,0,memcmp,picolibc,7,1,1,264,272
R,0,memcmp,picolibc,7,1,3,236,236
R,0,memcmp,picolibc,8,0,0,285,292
R,0,memcmp,picolibc,8,1,1,296,299
R,0,memcmp,picolibc,8,1,3,268,275
R,0,memcmp,picolibc,15,0,0,280,291
R,0,memcmp,picolibc,15,1,1,467,474
R,0,memcmp,picolibc,15,1,3,410,418
R,0,memcmp,picolibc,16,0,0,311,322
R,0,memcmp,picolibc,16,1,1,498,506
R,0,memcmp,picolibc,16,1,3,442,450
R,0,memcmp,picolibc,17,0,0,249,257
R,0,memcmp,picolibc,17,1,1,525,535
R,0,memcmp,picolibc,17,1,3,469,476
R,0,memcmp,picolibc,31,0,0,393,401
R,0,memcmp,picolibc,31,1,1,873,888
R,0,memcmp,picolibc,31,1,3,758,768
R,0,memcmp,picolibc,32,0,0,424,436
R,0,memcmp,picolibc,32,1,1,910,919
R,0,memcmp,picolibc,32,1,3,790,805
R,0,memcmp,picolibc,33,0,0,358,364
R,0,memcmp,picolibc,33,1,1,929,943
R,0,memcmp,picolibc,33,1,3,817,831
R,0,memcmp,picolibc,63,0,0,617,628
R,0,memcmp,picolibc,63,1,1,1681,1710
R,0,memcmp,picolibc,63,1,3,1459,1483
R,0,memcmp,picolibc,64,0,0,642,663
R,0,memcmp,picolibc,64,1,1,1729,1739
R,0,memcmp,picolibc,64,1,3,1486,1507
R,0,memcmp,picolibc,65,0,0,576,593
R,0,memcmp,picolibc,65,1,1,1751,1779
R,0,memcmp,picolibc,65,1,3,1513,1545
R,0,memcmp,picolibc,100,0,0,932,940
R,0,memcmp,picolibc,100,1,1,2654,2666
R,0,memcmp,picolibc,100,1,3,2287,2299
R,0,memcmp,picolibc,128,0,0,1084,1105
R,0,memcmp,picolibc,128,1,1,3367,3384
R,0,memcmp,picolibc,128,1,3,2905,2918
R,0,memcmp,picolibc,255,0,0,1950,1970
R,0,memcmp,picolibc,255,1,1,6627,6657
R,0,memcmp,picolibc,255,1,3,5690,5712
R,0,memcmp,picolibc,256,0,0,1984,1995
R,0,memcmp,picolibc,256,1,1,6639,6672
R,0,memcmp,picolibc,256,1,3,5721,5756
R,0,memcmp,picolibc,512,0,0,3744,3788
R,0,memcmp,picolibc,512,1,1,13243,13252
R,0,memcmp,picolibc,512,1,3,11348,11400
R,0,memcmp,picolibc,1000,0,0,7147,7227
R,0,memcmp,picolibc,1000,1,1,25739,25790
R,0,memcmp,picolibc,1000,1,3,22105,22185
R,0,memcmp,picolibc,1024,0,0,7354,7372
R,0,memcmp,picolibc,1024,1,1,26366,26402
R,0,memcmp,picolibc,1024,1,3,22664,22700
R,0,memcmp,picolibc,4096,0,0,28811,28850
R,0,memcmp,picolibc,4096,1,1,105233,105328
R,0,memcmp,picolibc,4096,1,3,90412,90518
R,0,memcmp,picolibc,8192,0,0,57460,57493
R,0,memcmp,picolibc,8192,1,1,210489,210552
R,0,memcmp,picolibc,8192,1,3,180749,180890
R,0,memcmp,picolibc,16384,0,0,114691,114772
R,0,memcmp,picolibc,16384,1,1,420940,421051
R,0,memcmp,picolibc,16384,1,3,361308,361691
R,0,memcmp,llvm-libc,1,0,0,86,90
R,0,memcmp,llvm-libc,1,1,1,90,90
R,0,memcmp,llvm-libc,1,1,3,86,90
R,0,memcmp,llvm-libc,2,0,0,125,126
R,0,memcmp,llvm-libc,2,1,1,126,126
R,0,memcmp,llvm-libc,2,1,3,121,122
R,0,memcmp,llvm-libc,3,0,0,158,162
R,0,memcmp,llvm-libc,3,1,1,162,162
R,0,memcmp,llvm-libc,3,1,3,151,152
R,0,memcmp,llvm-libc,4,0,0,194,198
R,0,memcmp,llvm-libc,4,1,1,196,198
R,0,memcmp,llvm-libc,4,1,3,182,186
R,0,memcmp,llvm-libc,7,0,0,305,306
R,0,memcmp,llvm-libc,7,1,1,305,306
R,0,memcmp,llvm-libc,7,1,3,280,284
R,0,memcmp,llvm-libc,8,0,0,341,344
R,0,memcmp,llvm-libc,8,1,1,339,342
R,0,memcmp,llvm-libc,8,1,3,317,318
R,0,memcmp,llvm-libc,15,0,0,592,600
R,0,memcmp,llvm-libc,15,1,1,590,595
R,0,memcmp,llvm-libc,15,1,3,547,551
R,0,memcmp,llvm-libc,16,0,0,629,634
R,0,memcmp,llvm-libc,16,1,1,626,630
R,0,memcmp,llvm-libc,16,1,3,581,589
R,0,memcmp,llvm-libc,17,0,0,662,666
R,0,memcmp,llvm-libc,17,1,1,660,665
R,0,memcmp,llvm-libc,17,1,3,613,618
R,0,memcmp,llvm-libc,31,0,0,1167,1171
R,0,memcmp,llvm-libc,31,1,1,1168,1175
R,0,memcmp,llvm-libc,31,1,3,1075,1081
R,0,memcmp,llvm-libc,32,0,0,1200,1211
R,0,memcmp,llvm-libc,32,1,1,1200,1205
R,0,memcmp,llvm-libc,32,1,3,1105,1115
R,0,memcmp,llvm-libc,33,0,0,1240,1248
R,0,memcmp,llvm-libc,33,1,1,1240,1241
R,0,memcmp,llvm-libc,33,1,3,1145,1149
R,0,memcmp,llvm-libc,63,0,0,2317,2323
R,0,memcmp,llvm-libc,63,1,1,2317,2325
R,0,memcmp,llvm-libc,63,1,3,2129,2142
R,0,memcmp,llvm-libc,64,0,0,2354,2363
R,0,memcmp,llvm-libc,64,1,1,2350,2361
R,0,memcmp,llvm-libc,64,1,3,2164,2174
R,0,memcmp,llvm-libc,65,0,0,2388,2396
R,0,memcmp,llvm-libc,65,1,1,2388,2399
R,0,memcmp,llvm-libc,65,1,3,2204,2214
R,0,memcmp,llvm-libc,100,0,0,3650,3657
R,0,memcmp,llvm-libc,100,1,1,3643,3655
R,0,memcmp,llvm-libc,100,1,3,3349,3366
R,0,memcmp,llvm-libc,128,0,0,4653,4664
R,0,memcmp,llvm-libc,128,1,1,4659,4671
R,0,memcmp,llvm-libc,128,1,3,4279,4292
R,0,memcmp,llvm-libc,255,0,0,9227,9240
R,0,memcmp,llvm-libc,255,1,1,9226,9243
R,0,memcmp,llvm-libc,255,1,3,8482,8494
R,0,memcmp,llvm-libc,256,0,0,9257,9272
R,0,memcmp,llvm-libc,256,1,1,9253,9277
R,0,memcmp,llvm-libc,256,1,3,8501,8531
R,0,memcmp,llvm-libc,512,0,0,18472,18493
R,0,memcmp,llvm-libc,512,1,1,18464,18486
R,0,memcmp,llvm-libc,512,1,3,16963,16992
R,0,memcmp,llvm-libc,1000,0,0,36043,36063
R,0,memcmp,llvm-libc,1000,1,1,36035,36064
R,0,memcmp,llvm-libc,1000,1,3,33113,33143
R,0,memcmp,llvm-libc,1024,0,0,36887,36919
R,0,memcmp,llvm-libc,1024,1,1,36889,36928
R,0,memcmp,llvm-libc,1024,1,3,33908,33943
R,0,memcmp,llvm-libc,4096,0,0,147438,147532
R,0,memcmp,llvm-libc,4096,1,1,147486,147560
R,0,memcmp,llvm-libc,4096,1,3,135559,135594
R,0,memcmp,llvm-libc,8192,0,0,294905,295019
R,0,memcmp,llvm-libc,8192,1,1,294853,294949
R,0,memcmp,llvm-libc,8192,1,3,271105,271154
R,0,memcmp,llvm-libc,16384,0,0,589750,589911
R,0,memcmp,llvm-libc,16384,1,1,589804,589986
R,0,memcmp,llvm-libc,16384,1,3,542115,542190
R,0,memcmp,word,1,0,0,130,130
R,0,memcmp,word,1,1,1,130,130
R,0,memcmp,word,1,1,3,130,130
R,0,memcmp,word,2,0,0,146,150
R,0,memcmp,word,2,1,1,150,150
R,0,memcmp,word,2,1,3,150,150
R,0,memcmp,word,3,0,0,176,178
R,0,memcmp,word,3,1,1,176,178
R,0,memcmp,word,3,1,3,178,178
R,0,memcmp,word,4,0,0,170,174
R,0,memcmp,word,4,1,1,171,175
R,0,memcmp,word,4,1,3,171,175
R,0,memcmp,word,7,0,0,234,234
R,0,memcmp,word,7,1,1,234,236
R,0,memcmp,word,7,1,3,236,236
R,0,memcmp,word,8,0,0,186,186
R,0,memcmp,word,8,1,1,186,190
R,0,memcmp,word,8,1,3,190,195
R,0,memcmp,word,15,0,0,260,268
R,0,memcmp,word,15,1,1,269,273
R,0,memcmp,word,15,1,3,265,271
R,0,memcmp,word,16,0,0,261,265
R,0,memcmp,word,16,1,1,293,295
R,0,memcmp,word,16,1,3,293,299
R,0,memcmp,word,17,0,0,168,168
R,0,memcmp,word,17,1,1,184,188
R,0,memcmp,word,17,1,3,188,197
R,0,memcmp,word,31,0,0,291,297
R,0,memcmp,word,31,1,1,317,324
R,0,memcmp,word,31,1,3,317,328
R,0,memcmp,word,32,0,0,329,345
R,0,memcmp,word,32,1,1,381,390
R,0,memcmp,word,32,1,3,381,390
R,0,memcmp,word,33,0,0,236,243
R,0,memcmp,word,33,1,1,276,283
R,0,memcmp,word,33,1,3,276,287
R,0,memcmp,word,63,0,0,427,440
R,0,memcmp,word,63,1,1,493,511
R,0,memcmp,word,63,1,3,493,505
R,0,memcmp,word,64,0,0,469,484
R,0,memcmp,word,64,1,1,557,572
R,0,memcmp,word,64,1,3,557,573
R,0,memcmp,word,65,0,0,372,373
R,0,memcmp,word,65,1,1,452,462
R,0,memcmp,word,65,1,3,452,467
R,0,memcmp,word,100,0,0,541,553
R,0,memcmp,word,100,1,1,663,684
R,0,memcmp,word,100,1,3,670,679
R,0,memcmp,word,128,0,0,737,763
R,0,memcmp,word,128,1,1,918,937
R,0,memcmp,word,128,1,3,909,930
R,0,memcmp,word,255,0,0,1257,1281
R,0,memcmp,word,255,1,1,1549,1603
R,0,memcmp,word,255,1,3,1570,1600
R,0,memcmp,word,256,0,0,1306,1325
R,0,memcmp,word,256,1,1,1643,1654
R,0,memcmp,word,256,1,3,1630,1649
R,0,memcmp,word,512,0,0,2421,2442
R,0,memcmp,word,512,1,1,3075,3111
R,0,memcmp,word,512,1,3,3074,3096
R,0,memcmp,word,1000,0,0,4468,4498
R,0,memcmp,word,1000,1,1,5727,5752
R,0,memcmp,word,1000,1,3,5698,5761
R,0,memcmp,word,1024,0,0,4646,4686
R,0,memcmp,word,1024,1,1,5962,6012
R,0,memcmp,word,1024,1,3,5926,5992
R,0,memcmp,word,4096,0,0,18093,18154
R,0,memcmp,word,4096,1,1,23263,23387
R,0,memcmp,word,4096,1,3,23263,23326
R,0,memcmp,word,8192,0,0,36044,36160
R,0,memcmp,word,8192,1,1,46402,46474
R,0,memcmp,word,8192,1,3,46393,46498
R,0,memcmp,word,16384,0,0,71920,72086
R,0,memcmp,word,16384,1,1,92632,92708
R,0,memcmp,word,16384,1,3,92609,92784
R,0,memcmp,mve16,1,0,0,115,123
R,0,memcmp,mve16,1,1,1,126,126
R,0,memcmp,mve16,1,1,3,122,126
R,0,memcmp,mve16,2,0,0,122,123
R,0,memcmp,mve16,2,1,1,119,126
R,0,memcmp,mve16,2,1,3,119,126
R,0,memcmp,mve16,3,0,0,122,122
R,0,memcmp,mve16,3,1,1,119,126
R,0,memcmp,mve16,3,1,3,126,126
R,0,memcmp,mve16,4,0,0,118,122
R,0,memcmp,mve16,4,1,1,119,126
R,0,memcmp,mve16,4,1,3,126,126
R,0,memcmp,mve16,7,0,0,122,123
R,0,memcmp,mve16,7,1,1,126,126
R,0,memcmp,mve16,7,1,3,129,133
R,0,memcmp,mve16,8,0,0,118,122
R,0,memcmp,mve16,8,1,1,133,140
R,0,memcmp,mve16,8,1,3,133,140
R,0,memcmp,mve16,15,0,0,132,136
R,0,memcmp,mve16,15,1,1,147,154
R,0,memcmp,mve16,15,1,3,148,155
R,0,memcmp,mve16,16,0,0,112,116
R,0,memcmp,mve16,16,1,1,131,138
R,0,memcmp,mve16,16,1,3,131,135
R,0,memcmp,mve16,17,0,0,144,155
R,0,memcmp,mve16,17,1,1,179,187
R,0,memcmp,mve16,17,1,3,176,183
R,0,memcmp,mve16,31,0,0,162,169
R,0,memcmp,mve16,31,1,1,209,212
R,0,memcmp,mve16,31,1,3,212,213
R,0,memcmp,mve16,32,0,0,167,167
R,0,memcmp,mve16,32,1,1,213,216
R,0,memcmp,mve16,32,1,3,213,220
R,0,memcmp,mve16,33,0,0,206,213
R,0,memcmp,mve16,33,1,1,257,267
R,0,memcmp,mve16,33,1,3,261,269
R,0,memcmp,mve16,63,0,0,272,280
R,0,memcmp,mve16,63,1,1,367,372
R,0,memcmp,mve16,63,1,3,368,372
R,0,memcmp,mve16,64,0,0,277,283
R,0,memcmp,mve16,64,1,1,366,377
R,0,memcmp,mve16,64,1,3,369,375
R,0,memcmp,mve16,65,0,0,318,328
R,0,memcmp,mve16,65,1,1,414,426
R,0,memcmp,mve16,65,1,3,413,426
R,0,memcmp,mve16,100,0,0,426,430
R,0,memcmp,mve16,100,1,1,576,583
R,0,memcmp,mve16,100,1,3,567,590
R,0,memcmp,mve16,128,0,0,497,506
R,0,memcmp,mve16,128,1,1,681,695
R,0,memcmp,mve16,128,1,3,682,695
R,0,memcmp,mve16,255,0,0,942,954
R,0,memcmp,mve16,255,1,1,1308,1321
R,0,memcmp,mve16,255,1,3,1307,1321
R,0,memcmp,mve16,256,0,0,933,955
R,0,memcmp,mve16,256,1,1,1305,1321
R,0,memcmp,mve16,256,1,3,1310,1319
R,0,memcmp,mve16,512,0,0,1832,1846
R,0,memcmp,mve16,512,1,1,2576,2589
R,0,memcmp,mve16,512,1,3,2582,2592
R,0,memcmp,mve16,1000,0,0,3540,3579
R,0,memcmp,mve16,1000,1,1,5020,5059
R,0,memcmp,mve16,1000,1,3,5033,5066
R,0,memcmp,mve16,1024,0,0,3622,3641
R,0,memcmp,mve16,1024,1,1,5113,5147
R,0,memcmp,mve16,1024,1,3,5124,5140
R,0,memcmp,mve16,4096,0,0,14324,14388
R,0,memcmp,mve16,4096,1,1,20394,20444
R,0,memcmp,mve16,4096,1,3,20350,20442
R,0,memcmp,mve16,8192,0,0,28668,28744
R,0,memcmp,mve16,8192,1,1,40808,40838
R,0,memcmp,mve16,8192,1,3,40734,40846
R,0,memcmp,mve16,16384,0,0,57284,57392
R,0,memcmp,mve16,16384,1,1,81542,81652
R,0,memcmp,mve16,16384,1,3,81551,81630
R,0,memcmp,mve64,1,0,0,154,158
R,0,memcmp,mve64,1,1,1,163,167
R,0,memcmp,mve64,1,1,3,167,167
R,0,memcmp,mve64,2,0,0,155,158
R,0,memcmp,mve64,2,1,1,163,167
R,0,memcmp,mve64,2,1,3,163,163
R,0,memcmp,mve64,3,0,0,155,158
R,0,memcmp,mve64,3,1,1,167,167
R,0,memcmp,mve64,3,1,3,162,163
R,0,memcmp,mve64,4,0,0,156,158
R,0,memcmp,mve64,4,1,1,163,168
R,0,memcmp,mve64,4,1,3,167,167
R,0,memcmp,mve64,7,0,0,156,158
R,0,memcmp,mve64,7,1,1,166,167
R,0,memcmp,mve64,7,1,3,161,165
R,0,memcmp,mve64,8,0,0,158,158
R,0,memcmp,mve64,8,1,1,176,176
R,0,memcmp,mve64,8,1,3,174,176
R,0,memcmp,mve64,15,0,0,170,172
R,0,memcmp,mve64,15,1,1,190,190
R,0,memcmp,mve64,15,1,3,187,187
R,0,memcmp,mve64,16,0,0,161,163
R,0,memcmp,mve64,16,1,1,177,177
R,0,memcmp,mve64,16,1,3,177,179
R,0,memcmp,mve64,17,0,0,191,191
R,0,memcmp,mve64,17,1,1,220,223
R,0,memcmp,mve64,17,1,3,220,225
R,0,memcmp,mve64,31,0,0,203,211
R,0,memcmp,mve64,31,1,1,239,250
R,0,memcmp,mve64,31,1,3,240,240
R,0,memcmp,mve64,32,0,0,220,222
R,0,memcmp,mve64,32,1,1,251,260
R,0,memcmp,mve64,32,1,3,251,260
R,0,memcmp,mve64,33,0,0,252,254
R,0,memcmp,mve64,33,1,1,294,303
R,0,memcmp,mve64,33,1,3,294,300
R,0,memcmp,mve64,63,0,0,327,335
R,0,memcmp,mve64,63,1,1,387,400
R,0,memcmp,mve64,63,1,3,388,396
R,0,memcmp,mve64,64,0,0,472,483
R,0,memcmp,mve64,64,1,1,603,622
R,0,memcmp,mve64,64,1,3,607,623
R,0,memcmp,mve64,65,0,0,303,307
R,0,memcmp,mve64,65,1,1,392,403
R,0,memcmp,mve64,65,1,3,392,403
R,0,memcmp,mve64,100,0,0,377,387
R,0,memcmp,mve64,100,1,1,495,520
R,0,memcmp,mve64,100,1,3,499,519
R,0,memcmp,mve64,128,0,0,639,658
R,0,memcmp,mve64,128,1,1,862,883
R,0,memcmp,mve64,128,1,3,858,886
R,0,memcmp,mve64,255,0,0,786,811
R,0,memcmp,mve64,255,1,1,1106,1119
R,0,memcmp,mve64,255,1,3,1087,1133
R,0,memcmp,mve64,256,0,0,981,1005
R,0,memcmp,mve64,256,1,1,1381,1400
R,0,memcmp,mve64,256,1,3,1361,1405
R,0,memcmp,mve64,512,0,0,1655,1698
R,0,memcmp,mve64,512,1,1,2419,2446
R,0,memcmp,mve64,512,1,3,2404,2432
R,0,memcmp,mve64,1000,0,0,2801,2810
R,0,memcmp,mve64,1000,1,1,4104,4127
R,0,memcmp,mve64,1000,1,3,4105,4126
R,0,memcmp,mve64,1024,0,0,3049,3076
R,0,memcmp,mve64,1024,1,1,4462,4504
R,0,memcmp,mve64,1024,1,3,4438,4511
R,0,memcmp,mve64,4096,0,0,11333,11385
R,0,memcmp,mve64,4096,1,1,16772,16837
R,0,memcmp,mve64,4096,1,3,16774,16828
R,0,memcmp,mve64,8192,0,0,22429,22473
R,0,memcmp,mve64,8192,1,1,33204,33284
R,0,memcmp,mve64,8192,1,3,33196,33318
R,0,memcmp,mve64,16384,0,0,44569,44629
R,0,memcmp,mve64,16384,1,1,66092,66192
R,0,memcmp,mve64,16384,1,3,66079,66173
R,0,bcmp,byte,1,0,0,87,91
R,0,bcmp,byte,1,1,1,87,91
R,0,bcmp,byte,1,1,3,91,91
R,0,bcmp,byte,2,0,0,111,111
R,0,bcmp,byte,2,1,1,107,111
R,0,bcmp,byte,2,1,3,111,111
R,0,bcmp,byte,3,0,0,126,130
R,0,bcmp,byte,3,1,1,130,130
R,0,bcmp,byte,3,1,3,130,130
R,0,bcmp,byte,4,0,0,150,154
R,0,bcmp,byte,4,1,1,150,150
R,0,bcmp,byte,4,1,3,150,158
R,0,bcmp,byte,7,0,0,222,227
R,0,bcmp,byte,7,1,1,226,228
R,0,bcmp,byte,7,1,3,216,224
R,0,bcmp,byte,8,0,0,246,253
R,0,bcmp,byte,8,1,1,242,251
R,0,bcmp,byte,8,1,3,236,238
R,0,bcmp,byte,15,0,0,414,425
R,0,bcmp,byte,15,1,1,414,426
R,0,bcmp,byte,15,1,3,384,393
R,0,bcmp,byte,16,0,0,438,450
R,0,bcmp,byte,16,1,1,438,445
R,0,bcmp,byte,16,1,3,407,420
R,0,bcmp,byte,17,0,0,475,487
R,0,bcmp,byte,17,1,1,474,485
R,0,bcmp,byte,17,1,3,444,451
R,0,bcmp,byte,31,0,0,802,824
R,0,bcmp,byte,31,1,1,801,820
R,0,bcmp,byte,31,1,3,732,748
R,0,bcmp,byte,32,0,0,822,845
R,0,bcmp,byte,32,1,1,822,843
R,0,bcmp,byte,32,1,3,751,764
R,0,bcmp,byte,33,0,0,864,879
R,0,bcmp,byte,33,1,1,859,875
R,0,bcmp,byte,33,1,3,789,806
R,0,bcmp,byte,63,0,0,1599,1608
R,0,bcmp,byte,63,1,1,1594,1610
R,0,bcmp,byte,63,1,3,1432,1445
R,0,bcmp,byte,64,0,0,1601,1629
R,0,bcmp,byte,64,1,1,1617,1631
R,0,bcmp,byte,64,1,3,1440,1469
R,0,bcmp,byte,65,0,0,1653,1665
R,0,bcmp,byte,65,1,1,1635,1667
R,0,bcmp,byte,65,1,3,1483,1502
R,0,bcmp,byte,100,0,0,2488,2507
R,0,bcmp,byte,100,1,1,2504,2510
R,0,bcmp,byte,100,1,3,2238,2256
R,0,bcmp,byte,128,0,0,3162,3204
R,0,bcmp,byte,128,1,1,3177,3197
R,0,bcmp,byte,128,1,3,2851,2865
R,0,bcmp,byte,255,0,0,6292,6322
R,0,bcmp,byte,255,1,1,6290,6327
R,0,bcmp,byte,255,1,3,5630,5649
R,0,bcmp,byte,256,0,0,6313,6344
R,0,bcmp,byte,256,1,1,6316,6341
R,0,bcmp,byte,256,1,3,5634,5665
R,0,bcmp,byte,512,0,0,12586,12633
R,0,bcmp,byte,512,1,1,12590,12633
R,0,bcmp,byte,512,1,3,11211,11266
R,0,bcmp,byte,1000,0,0,24573,24611
R,0,bcmp,byte,1000,1,1,24570,24613
R,0,bcmp,byte,1000,1,3,21874,21936
R,0,bcmp,byte,1024,0,0,25148,25199
R,0,bcmp,byte,1024,1,1,25155,25200
R,0,bcmp,byte,1024,1,3,22434,22462
R,0,bcmp,byte,4096,0,0,100549,100606
R,0,bcmp,byte,4096,1,1,100505,100604
R,0,bcmp,byte,4096,1,3,89589,89637
R,0,bcmp,byte,8192,0,0,200989,201169
R,0,bcmp,byte,8192,1,1,201046,201129
R,0,bcmp,byte,8192,1,3,179137,179192
R,0,bcmp,byte,16384,0,0,402046,402136
R,0,bcmp,byte,16384,1,1,402035,402173
R,0,bcmp,byte,16384,1,3,358256,358327
R,0,bcmp,picolibc,1,0,0,104,108
R,0,bcmp,picolibc,1,1,1,104,108
R,0,bcmp,picolibc,1,1,3,104,108
R,0,bcmp,picolibc,2,0,0,128,132
R,0,bcmp,picolibc,2,1,1,130,130
R,0,bcmp,picolibc,2,1,3,123,123
R,0,bcmp,picolibc,3,0,0,150,157
R,0,bcmp,picolibc,3,1,1,150,158
R,0,bcmp,picolibc,3,1,3,136,142
R,0,bcmp,picolibc,4,0,0,271,271
R,0,bcmp,picolibc,4,1,1,200,200
R,0,bcmp,picolibc,4,1,3,186,186
R,0,bcmp,picolibc,7,0,0,241,246
R,0,bcmp,picolibc,7,1,1,269,275
R,0,bcmp,picolibc,7,1,3,241,249
R,0,bcmp,picolibc,8,0,0,290,290
R,0,bcmp,picolibc,8,1,1,301,304
R,0,bcmp,picolibc,8,1,3,273,277
R,0,bcmp,picolibc,15,0,0,287,297
R,0,bcmp,picolibc,15,1,1,471,481
R,0,bcmp,picolibc,15,1,3,415,424
R,0,bcmp,picolibc,16,0,0,320,328
R,0,bcmp,picolibc,16,1,1,503,512
R,0,bcmp,picolibc,16,1,3,447,455
R,0,bcmp,picolibc,17,0,0,254,262
R,0,bcmp,picolibc,17,1,1,530,537
R,0,bcmp,picolibc,17,1,3,474,482
R,0,bcmp,picolibc,31,0,0,398,413
R,0,bcmp,picolibc,31,1,1,878,895
R,0,bcmp,picolibc,31,1,3,759,775
R,0,bcmp,picolibc,32,0,0,429,437
R,0,bcmp,picolibc,32,1,1,907,925
R,0,bcmp,picolibc,32,1,3,795,809
R,0,bcmp,picolibc,33,0,0,359,371
R,0,bcmp,picolibc,33,1,1,934,952
R,0,bcmp,picolibc,33,1,3,818,837
R,0,bcmp,picolibc,63,0,0,616,632
R,0,bcmp,picolibc,63,1,1,1701,1729
R,0,bcmp,picolibc,63,1,3,1469,1484
R,0,bcmp,picolibc,64,0,0,647,667
R,0,bcmp,picolibc,64,1,1,1736,1747
R,0,bcmp,picolibc,64,1,3,1491,1511
R,0,bcmp,picolibc,65,0,0,579,599
R,0,bcmp,picolibc,65,1,1,1764,1782
R,0,bcmp,picolibc,65,1,3,1528,1541
R,0,bcmp,picolibc,100,0,0,925,945
R,0,bcmp,picolibc,100,1,1,2656,2669
R,0,bcmp,picolibc,100,1,3,2281,2303
R,0,bcmp,picolibc,128,0,0,1090,1111
R,0,bcmp,picolibc,128,1,1,3370,3392
R,0,bcmp,picolibc,128,1,3,2903,2930
R,0,bcmp,picolibc,255,0,0,1954,1973
R,0,bcmp,picolibc,255,1,1,6633,6665
R,0,bcmp,picolibc,255,1,3,5694,5720
R,0,bcmp,picolibc,256,0,0,1962,2004
R,0,bcmp,picolibc,256,1,1,6656,6673
R,0,bcmp,picolibc,256,1,3,5744,5760
R,0,bcmp,picolibc,512,0,0,3767,3797
R,0,bcmp,picolibc,512,1,1,13211,13249
R,0,bcmp,picolibc,512,1,3,11352,11421
R,0,bcmp,picolibc,1000,0,0,7193,7233
R,0,bcmp,picolibc,1000,1,1,25761,25786
R,0,bcmp,picolibc,1000,1,3,22119,22184
R,0,bcmp,picolibc,1024,0,0,7352,7375
R,0,bcmp,picolibc,1024,1,1,26375,26400
R,0,bcmp,picolibc,1024,1,3,22651,22707
R,0,bcmp,picolibc,4096,0,0,28805,28853
R,0,bcmp,picolibc,4096,1,1,105274,105332
R,0,bcmp,picolibc,4096,1,3,90338,90491
R,0,bcmp,picolibc,8192,0,0,57419,57499
R,0,bcmp,picolibc,8192,1,1,210488,210551
R,0,bcmp,picolibc,8192,1,3,180790,180912
R,0,bcmp,picolibc,16384,0,0,114702,114739
R,0,bcmp,picolibc,16384,1,1,420864,421029
R,0,bcmp,picolibc,16384,1,3,361543,361760
R,0,bcmp,llvm-libc,1,0,0,85,89
R,0,bcmp,llvm-libc,1,1,1,85,89
R,0,bcmp,llvm-libc,1,1,3,85,89
R,0,bcmp,llvm-libc,2,0,0,125,125
R,0,bcmp,llvm-libc,2,1,1,125,125
R,0,bcmp,llvm-libc,2,1,3,121,121
R,0,bcmp,llvm-libc,3,0,0,161,161
R,0,bcmp,llvm-libc,3,1,1,161,161
R,0,bcmp,llvm-libc,3,1,3,147,151
R,0,bcmp,llvm-libc,4,0,0,197,197
R,0,bcmp,llvm-libc,4,1,1,193,204
R,0,bcmp,llvm-libc,4,1,3,185,185
R,0,bcmp,llvm-libc,7,0,0,305,312
R,0,bcmp,llvm-libc,7,1,1,305,310
R,0,bcmp,llvm-libc,7,1,3,283,288
R,0,bcmp,llvm-libc,8,0,0,341,344
R,0,bcmp,llvm-libc,8,1,1,341,347
R,0,bcmp,llvm-libc,8,1,3,313,322
R,0,bcmp,llvm-libc,15,0,0,593,607
R,0,bcmp,llvm-libc,15,1,1,593,607
R,0,bcmp,llvm-libc,15,1,3,544,552
R,0,bcmp,llvm-libc,16,0,0,629,639
R,0,bcmp,llvm-libc,16,1,1,629,643
R,0,bcmp,llvm-libc,16,1,3,577,590
R,0,bcmp,llvm-libc,17,0,0,668,676
R,0,bcmp,llvm-libc,17,1,1,665,675
R,0,bcmp,llvm-libc,17,1,3,617,624
R,0,bcmp,llvm-libc,31,0,0,1173,1191
R,0,bcmp,llvm-libc,31,1,1,1176,1185
R,0,bcmp,llvm-libc,31,1,3,1075,1087
R,0,bcmp,llvm-libc,32,0,0,1207,1226
R,0,bcmp,llvm-libc,32,1,1,1207,1224
R,0,bcmp,llvm-libc,32,1,3,1109,1126
R,0,bcmp,llvm-libc,33,0,0,1250,1261
R,0,bcmp,llvm-libc,33,1,1,1248,1261
R,0,bcmp,llvm-libc,33,1,3,1150,1157
R,0,bcmp,llvm-libc,63,0,0,2335,2353
R,0,bcmp,llvm-libc,63,1,1,2345,2354
R,0,bcmp,llvm-libc,63,1,3,2145,2156
R,0,bcmp,llvm-libc,64,0,0,2387,2391
R,0,bcmp,llvm-libc,64,1,1,2364,2387
R,0,bcmp,llvm-libc,64,1,3,2180,2189
R,0,bcmp,llvm-libc,65,0,0,2414,2422
R,0,bcmp,llvm-libc,65,1,1,2407,2425
R,0,bcmp,llvm-libc,65,1,3,2215,2226
R,0,bcmp,llvm-libc,100,0,0,3690,3699
R,0,bcmp,llvm-libc,100,1,1,3688,3698
R,0,bcmp,llvm-libc,100,1,3,3367,3394
R,0,bcmp,llvm-libc,128,0,0,4702,4722
R,0,bcmp,llvm-libc,128,1,1,4698,4718
R,0,bcmp,llvm-libc,128,1,3,4317,4332
R,0,bcmp,llvm-libc,255,0,0,9318,9345
R,0,bcmp,llvm-libc,255,1,1,9329,9342
R,0,bcmp,llvm-libc,255,1,3,8549,8561
R,0,bcmp,llvm-libc,256,0,0,9368,9379
R,0,bcmp,llvm-libc,256,1,1,9368,9382
R,0,bcmp,llvm-libc,256,1,3,8567,8600
R,0,bcmp,llvm-libc,512,0,0,18680,18701
R,0,bcmp,llvm-libc,512,1,1,18684,18700
R,0,bcmp,llvm-libc,512,1,3,17104,17138
R,0,bcmp,llvm-libc,1000,0,0,36447,36468
R,0,bcmp,llvm-libc,1000,1,1,36461,36481
R,0,bcmp,llvm-libc,1000,1,3,33384,33426
R,0,bcmp,llvm-libc,1024,0,0,37321,37347
R,0,bcmp,llvm-libc,1024,1,1,37323,37346
R,0,bcmp,llvm-libc,1024,1,3,34207,34228
R,0,bcmp,llvm-libc,4096,0,0,149189,149207
R,0,bcmp,llvm-libc,4096,1,1,149191,149207
R,0,bcmp,llvm-libc,4096,1,3,136634,136718
R,0,bcmp,llvm-libc,8192,0,0,298341,298358
R,0,bcmp,llvm-libc,8192,1,1,298296,298369
R,0,bcmp,llvm-libc,8192,1,3,273294,273426
R,0,bcmp,llvm-libc,16384,0,0,596614,596680
R,0,bcmp,llvm-libc,16384,1,1,596617,596672
R,0,bcmp,llvm-libc,16384,1,3,546624,546763
R,0,bcmp,word,1,0,0,134,138
R,0,bcmp,word,1,1,1,134,138
R,0,bcmp,word,1,1,3,134,138
R,0,bcmp,word,2,0,0,167,167
R,0,bcmp,word,2,1,1,167,167
R,0,bcmp,word,2,1,3,163,167
R,0,bcmp,word,3,0,0,187,187
R,0,bcmp,word,3,1,1,187,187
R,0,bcmp,word,3,1,3,184,187
R,0,bcmp,word,4,0,0,123,127
R,0,bcmp,word,4,1,1,125,129
R,0,bcmp,word,4,1,3,125,129
R,0,bcmp,word,7,0,0,242,242
R,0,bcmp,word,7,1,1,245,245
R,0,bcmp,word,7,1,3,235,235
R,0,bcmp,word,8,0,0,143,147
R,0,bcmp,word,8,1,1,157,159
R,0,bcmp,word,8,1,3,153,157
R,0,bcmp,word,15,0,0,260,264
R,0,bcmp,word,15,1,1,273,281
R,0,bcmp,word,15,1,3,259,267
R,0,bcmp,word,16,0,0,146,146
R,0,bcmp,word,16,1,1,166,166
R,0,bcmp,word,16,1,3,166,166
R,0,bcmp,word,17,0,0,170,171
R,0,bcmp,word,17,1,1,190,190
R,0,bcmp,word,17,1,3,190,194
R,0,bcmp,word,31,0,0,295,303
R,0,bcmp,word,31,1,1,327,331
R,0,bcmp,word,31,1,3,317,325
R,0,bcmp,word,32,0,0,214,218
R,0,bcmp,word,32,1,1,258,265
R,0,bcmp,word,32,1,3,258,267
R,0,bcmp,word,33,0,0,242,247
R,0,bcmp,word,33,1,1,282,292
R,0,bcmp,word,33,1,3,282,291
R,0,bcmp,word,63,0,0,435,450
R,0,bcmp,word,63,1,1,520,524
R,0,bcmp,word,63,1,3,501,509
R,0,bcmp,word,64,0,0,358,366
R,0,bcmp,word,64,1,1,438,455
R,0,bcmp,word,64,1,3,442,452
R,0,bcmp,word,65,0,0,386,399
R,0,bcmp,word,65,1,1,466,483
R,0,bcmp,word,65,1,3,462,480
R,0,bcmp,word,100,0,0,522,535
R,0,bcmp,word,100,1,1,644,661
R,0,bcmp,word,100,1,3,646,667
R,0,bcmp,word,128,0,0,646,665
R,0,bcmp,word,128,1,1,812,836
R,0,bcmp,word,128,1,3,810,837
R,0,bcmp,word,255,0,0,1318,1351
R,0,bcmp,word,255,1,1,1615,1662
R,0,bcmp,word,255,1,3,1622,1651
R,0,bcmp,word,256,0,0,1245,1275
R,0,bcmp,word,256,1,1,1558,1580
R,0,bcmp,word,256,1,3,1546,1592
R,0,bcmp,word,512,0,0,2406,2459
R,0,bcmp,word,512,1,1,3084,3108
R,0,bcmp,word,512,1,3,3091,3108
R,0,bcmp,word,1000,0,0,4691,4743
R,0,bcmp,word,1000,1,1,5951,5996
R,0,bcmp,word,1000,1,3,5900,5994
R,0,bcmp,word,1024,0,0,4820,4852
R,0,bcmp,word,1024,1,1,6085,6131
R,0,bcmp,word,1024,1,3,6103,6127
R,0,bcmp,word,4096,0,0,19100,19162
R,0,bcmp,word,4096,1,1,24266,24315
R,0,bcmp,word,4096,1,3,24258,24311
R,0,bcmp,word,8192,0,0,38207,38270
R,0,bcmp,word,8192,1,1,48508,48548
R,0,bcmp,word,8192,1,3,48493,48548
R,0,bcmp,word,16384,0,0,76305,76426
R,0,bcmp,word,16384,1,1,96998,97048
R,0,bcmp,word,16384,1,3,96974,97036
R,0,bcmp,mve16,1,0,0,88,95
R,0,bcmp,mve16,1,1,1,92,96
R,0,bcmp,mve16,1,1,3,92,96
R,0,bcmp,mve16,2,0,0,88,92
R,0,bcmp,mve16,2,1,1,92,96
R,0,bcmp,mve16,2,1,3,92,96
R,0,bcmp,mve16,3,0,0,92,96
R,0,bcmp,mve16,3,1,1,92,96
R,0,bcmp,mve16,3,1,3,92,97
R,0,bcmp,mve16,4,0,0,88,92
R,0,bcmp,mve16,4,1,1,92,96
R,0,bcmp,mve16,4,1,3,92,96
R,0,bcmp,mve16,7,0,0,92,92
R,0,bcmp,mve16,7,1,1,92,96
R,0,bcmp,mve16,7,1,3,99,106
R,0,bcmp,mve16,8,0,0,88,92
R,0,bcmp,mve16,8,1,1,106,110
R,0,bcmp,mve16,8,1,3,106,110
R,0,bcmp,mve16,15,0,0,102,106
R,0,bcmp,mve16,15,1,1,122,128
R,0,bcmp,mve16,15,1,3,125,125
R,0,bcmp,mve16,16,0,0,98,104
R,0,bcmp,mve16,16,1,1,125,126
R,0,bcmp,mve16,16,1,3,125,126
R,0,bcmp,mve16,17,0,0,125,125
R,0,bcmp,mve16,17,1,1,153,153
R,0,bcmp,mve16,17,1,3,153,153
R,0,bcmp,mve16,31,0,0,139,141
R,0,bcmp,mve16,31,1,1,181,189
R,0,bcmp,mve16,31,1,3,182,188
R,0,bcmp,mve16,32,0,0,157,157
R,0,bcmp,mve16,32,1,1,203,213
R,0,bcmp,mve16,32,1,3,203,213
R,0,bcmp,mve16,33,0,0,180,188
R,0,bcmp,mve16,33,1,1,231,239
R,0,bcmp,mve16,33,1,3,227,237
R,0,bcmp,mve16,63,0,0,245,254
R,0,bcmp,mve16,63,1,1,333,346
R,0,bcmp,mve16,63,1,3,334,348
R,0,bcmp,mve16,64,0,0,267,277
R,0,bcmp,mve16,64,1,1,356,364
R,0,bcmp,mve16,64,1,3,359,359
R,0,bcmp,mve16,65,0,0,290,298
R,0,bcmp,mve16,65,1,1,387,399
R,0,bcmp,mve16,65,1,3,385,395
R,0,bcmp,mve16,100,0,0,400,406
R,0,bcmp,mve16,100,1,1,543,558
R,0,bcmp,mve16,100,1,3,543,555
R,0,bcmp,mve16,128,0,0,487,493
R,0,bcmp,mve16,128,1,1,671,681
R,0,bcmp,mve16,128,1,3,671,687
R,0,bcmp,mve16,255,0,0,915,926
R,0,bcmp,mve16,255,1,1,1273,1299
R,0,bcmp,mve16,255,1,3,1281,1298
R,0,bcmp,mve16,256,0,0,927,944
R,0,bcmp,mve16,256,1,1,1306,1323
R,0,bcmp,mve16,256,1,3,1306,1322
R,0,bcmp,mve16,512,0,0,1832,1843
R,0,bcmp,mve16,512,1,1,2571,2589
R,0,bcmp,mve16,512,1,3,2588,2596
R,0,bcmp,mve16,1000,0,0,3529,3538
R,0,bcmp,mve16,1000,1,1,4996,5063
R,0,bcmp,mve16,1000,1,3,4969,5049
R,0,bcmp,mve16,1024,0,0,3617,3640
R,0,bcmp,mve16,1024,1,1,5093,5140
R,0,bcmp,mve16,1024,1,3,5125,5150
R,0,bcmp,mve16,4096,0,0,14356,14399
R,0,bcmp,mve16,4096,1,1,20380,20440
R,0,bcmp,mve16,4096,1,3,20387,20445
R,0,bcmp,mve16,8192,0,0,28656,28707
R,0,bcmp,mve16,8192,1,1,40771,40836
R,0,bcmp,mve16,8192,1,3,40803,40835
R,0,bcmp,mve16,16384,0,0,57287,57384
R,0,bcmp,mve16,16384,1,1,81558,81596
R,0,bcmp,mve16,16384,1,3,81571,81631
R,0,bcmp,mve64,1,0,0,117,117
R,0,bcmp,mve64,1,1,1,116,120
R,0,bcmp,mve64,1,1,3,120,120
R,0,bcmp,mve64,2,0,0,117,117
R,0,bcmp,mve64,2,1,1,120,120
R,0,bcmp,mve64,2,1,3,120,120
R,0,bcmp,mve64,3,0,0,117,117
R,0,bcmp,mve64,3,1,1,116,120
R,0,bcmp,mve64,3,1,3,120,123
R,0,bcmp,mve64,4,0,0,117,117
R,0,bcmp,mve64,4,1,1,120,120
R,0,bcmp,mve64,4,1,3,120,121
R,0,bcmp,mve64,7,0,0,117,117
R,0,bcmp,mve64,7,1,1,120,120
R,0,bcmp,mve64,7,1,3,127,127
R,0,bcmp,mve64,8,0,0,113,117
R,0,bcmp,mve64,8,1,1,134,134
R,0,bcmp,mve64,8,1,3,134,134
R,0,bcmp,mve64,15,0,0,131,131
R,0,bcmp,mve64,15,1,1,144,148
R,0,bcmp,mve64,15,1,3,149,149
R,0,bcmp,mve64,16,0,0,131,131
R,0,bcmp,mve64,16,1,1,150,151
R,0,bcmp,mve64,16,1,3,150,151
R,0,bcmp,mve64,17,0,0,148,148
R,0,bcmp,mve64,17,1,1,172,173
R,0,bcmp,mve64,17,1,3,172,172
R,0,bcmp,mve64,31,0,0,162,166
R,0,bcmp,mve64,31,1,1,200,207
R,0,bcmp,mve64,31,1,3,197,201
R,0,bcmp,mve64,32,0,0,187,187
R,0,bcmp,mve64,32,1,1,226,228
R,0,bcmp,mve64,32,1,3,226,229
R,0,bcmp,mve64,33,0,0,204,211
R,0,bcmp,mve64,33,1,1,247,256
R,0,bcmp,mve64,33,1,3,247,257
R,0,bcmp,mve64,63,0,0,274,282
R,0,bcmp,mve64,63,1,1,350,365
R,0,bcmp,mve64,63,1,3,351,360
R,0,bcmp,mve64,64,0,0,230,238
R,0,bcmp,mve64,64,1,1,310,318
R,0,bcmp,mve64,64,1,3,310,322
R,0,bcmp,mve64,65,0,0,285,293
R,0,bcmp,mve64,65,1,1,368,383
R,0,bcmp,mve64,65,1,3,368,380
R,0,bcmp,mve64,100,0,0,372,380
R,0,bcmp,mve64,100,1,1,501,512
R,0,bcmp,mve64,100,1,3,495,511
R,0,bcmp,mve64,128,0,0,398,410
R,0,bcmp,mve64,128,1,1,558,578
R,0,bcmp,mve64,128,1,3,558,575
R,0,bcmp,mve64,255,0,0,783,807
R,0,bcmp,mve64,255,1,1,1094,1135
R,0,bcmp,mve64,255,1,3,1117,1131
R,0,bcmp,mve64,256,0,0,739,761
R,0,bcmp,mve64,256,1,1,1078,1097
R,0,bcmp,mve64,256,1,3,1076,1098
R,0,bcmp,mve64,512,0,0,1427,1458
R,0,bcmp,mve64,512,1,1,2099,2123
R,0,bcmp,mve64,512,1,3,2109,2123
R,0,bcmp,mve64,1000,0,0,2783,2809
R,0,bcmp,mve64,1000,1,1,4106,4131
R,0,bcmp,mve64,1000,1,3,4099,4131
R,0,bcmp,mve64,1024,0,0,2792,2839
R,0,bcmp,mve64,1024,1,1,4131,4176
R,0,bcmp,mve64,1024,1,3,4157,4177
R,0,bcmp,mve64,4096,0,0,11108,11174
R,0,bcmp,mve64,4096,1,1,16443,16520
R,0,bcmp,mve64,4096,1,3,16455,16514
R,0,bcmp,mve64,8192,0,0,22234,22284
R,0,bcmp,mve64,8192,1,1,32889,32940
R,0,bcmp,mve64,8192,1,3,32826,32951
R,0,bcmp,mve64,16384,0,0,44444,44482
R,0,bcmp,mve64,16384,1,1,65784,65812
R,0,bcmp,mve64,16384,1,3,65749,65785
R,0,strlen,byte,1,0,0,84,84
R,0,strlen,byte,1,1,0,80,84
R,0,strlen,byte,2,0,0,102,103
R,0,strlen,byte,2,1,0,98,105
R,0,strlen,byte,3,0,0,106,110
R,0,strlen,byte,3,1,0,110,110
R,0,strlen,byte,4,0,0,131,135
R,0,strlen,byte,4,1,0,135,135
R,0,strlen,byte,7,0,0,152,154
R,0,strlen,byte,7,1,0,154,156
R,0,strlen,byte,8,0,0,177,179
R,0,strlen,byte,8,1,0,177,181
R,0,strlen,byte,15,0,0,242,244
R,0,strlen,byte,15,1,0,241,244
R,0,strlen,byte,16,0,0,265,269
R,0,strlen,byte,16,1,0,267,269
R,0,strlen,byte,17,0,0,260,262
R,0,strlen,byte,17,1,0,258,265
R,0,strlen,byte,31,0,0,414,429
R,0,strlen,byte,31,1,0,416,425
R,0,strlen,byte,32,0,0,443,447
R,0,strlen,byte,32,1,0,443,448
R,0,strlen,byte,33,0,0,436,447
R,0,strlen,byte,33,1,0,436,442
R,0,strlen,byte,63,0,0,772,785
R,0,strlen,byte,63,1,0,772,793
R,0,strlen,byte,64,0,0,795,811
R,0,strlen,byte,64,1,0,797,811
R,0,strlen,byte,65,0,0,790,805
R,0,strlen,byte,65,1,0,790,810
R,0,strlen,byte,100,0,0,1197,1212
R,0,strlen,byte,100,1,0,1199,1218
R,0,strlen,byte,128,0,0,1512,1530
R,0,strlen,byte,128,1,0,1514,1532
R,0,strlen,byte,255,0,0,2927,2948
R,0,strlen,byte,255,1,0,2924,2949
R,0,strlen,byte,256,0,0,2942,2973
R,0,strlen,byte,256,1,0,2947,2979
R,0,strlen,byte,512,0,0,5779,5857
R,0,strlen,byte,512,1,0,5814,5857
R,0,strlen,byte,1000,0,0,11268,11320
R,0,strlen,byte,1000,1,0,11277,11331
R,0,strlen,byte,1024,0,0,11553,11590
R,0,strlen,byte,1024,1,0,11522,11580
R,0,strlen,byte,4096,0,0,46019,46098
R,0,strlen,byte,4096,1,0,46049,46106
R,0,strlen,byte,8192,0,0,92014,92100
R,0,strlen,byte,8192,1,0,92015,92107
R,0,strlen,byte,16384,0,0,184040,184251
R,0,strlen,byte,16384,1,0,184124,184294
R,0,strlen,picolibc,1,0,0,86,86
R,0,strlen,picolibc,1,1,0,86,86
R,0,strlen,picolibc,2,0,0,82,86
R,0,strlen,picolibc,2,1,0,82,86
R,0,strlen,picolibc,3,0,0,82,86
R,0,strlen,picolibc,3,1,0,107,111
R,0,strlen,picolibc,4,0,0,111,111
R,0,strlen,picolibc,4,1,0,111,111
R,0,strlen,picolibc,7,0,0,111,111
R,0,strlen,picolibc,7,1,0,137,141
R,0,strlen,picolibc,8,0,0,141,141
R,0,strlen,picolibc,8,1,0,141,141
R,0,strlen,picolibc,15,0,0,167,171
R,0,strlen,picolibc,15,1,0,197,201
R,0,strlen,picolibc,16,0,0,201,204
R,0,strlen,picolibc,16,1,0,197,201
R,0,strlen,picolibc,17,0,0,201,201
R,0,strlen,picolibc,17,1,0,201,201
R,0,strlen,picolibc,31,0,0,287,293
R,0,strlen,picolibc,31,1,0,317,321
R,0,strlen,picolibc,32,0,0,317,321
R,0,strlen,picolibc,32,1,0,321,321
R,0,strlen,picolibc,33,0,0,317,323
R,0,strlen,picolibc,33,1,0,317,321
R,0,strlen,picolibc,63,0,0,531,534
R,0,strlen,picolibc,63,1,0,557,564
R,0,strlen,picolibc,64,0,0,561,564
R,0,strlen,picolibc,64,1,0,561,564
R,0,strlen,picolibc,65,0,0,561,563
R,0,strlen,picolibc,65,1,0,557,561
R,0,strlen,picolibc,100,0,0,827,831
R,0,strlen,picolibc,100,1,0,827,834
R,0,strlen,picolibc,128,0,0,1037,1046
R,0,strlen,picolibc,128,1,0,1038,1041
R,0,strlen,picolibc,255,0,0,1971,1973
R,0,strlen,picolibc,255,1,0,1997,2008
R,0,strlen,picolibc,256,0,0,1997,2005
R,0,strlen,picolibc,256,1,0,2001,2006
R,0,strlen,picolibc,512,0,0,3920,3927
R,0,strlen,picolibc,512,1,0,3922,3926
R,0,strlen,picolibc,1000,0,0,7588,7592
R,0,strlen,picolibc,1000,1,0,7582,7591
R,0,strlen,picolibc,1024,0,0,7767,7774
R,0,strlen,picolibc,1024,1,0,7767,7775
R,0,strlen,picolibc,4096,0,0,30846,30857
R,0,strlen,picolibc,4096,1,0,30843,30853
R,0,strlen,picolibc,8192,0,0,61602,61625
R,0,strlen,picolibc,8192,1,0,61615,61624
R,0,strlen,picolibc,16384,0,0,123166,123177
R,0,strlen,picolibc,16384,1,0,123149,123167
R,0,strlen,llvm-libc,1,0,0,82,82
R,0,strlen,llvm-libc,1,1,0,82,82
R,0,strlen,llvm-libc,2,0,0,97,100
R,0,strlen,llvm-libc,2,1,0,96,100
R,0,strlen,llvm-libc,3,0,0,103,107
R,0,strlen,llvm-libc,3,1,0,107,107
R,0,strlen,llvm-libc,4,0,0,117,117
R,0,strlen,llvm-libc,4,1,0,117,117
R,0,strlen,llvm-libc,7,0,0,146,152
R,0,strlen,llvm-libc,7,1,0,150,156
R,0,strlen,llvm-libc,8,0,0,156,160
R,0,strlen,llvm-libc,8,1,0,156,160
R,0,strlen,llvm-libc,15,0,0,236,245
R,0,strlen,llvm-libc,15,1,0,236,239
R,0,strlen,llvm-libc,16,0,0,246,250
R,0,strlen,llvm-libc,16,1,0,242,253
R,0,strlen,llvm-libc,17,0,0,257,265
R,0,strlen,llvm-libc,17,1,0,253,257
R,0,strlen,llvm-libc,31,0,0,404,424
R,0,strlen,llvm-libc,31,1,0,408,424
R,0,strlen,llvm-libc,32,0,0,418,434
R,0,strlen,llvm-libc,32,1,0,418,430
R,0,strlen,llvm-libc,33,0,0,429,445
R,0,strlen,llvm-libc,33,1,0,429,442
R,0,strlen,llvm-libc,63,0,0,752,784
R,0,strlen,llvm-libc,63,1,0,756,784
R,0,strlen,llvm-libc,64,0,0,762,786
R,0,strlen,llvm-libc,64,1,0,766,794
R,0,strlen,llvm-libc,65,0,0,781,805
R,0,strlen,llvm-libc,65,1,0,786,806
R,0,strlen,llvm-libc,100,0,0,1169,1193
R,0,strlen,llvm-libc,100,1,0,1169,1190
R,0,strlen,llvm-libc,128,0,0,1470,1498
R,0,strlen,llvm-libc,128,1,0,1486,1498
R,0,strlen,llvm-libc,255,0,0,2912,2929
R,0,strlen,llvm-libc,255,1,0,2912,2933
R,0,strlen,llvm-libc,256,0,0,2866,2938
R,0,strlen,llvm-libc,256,1,0,2850,2938
R,0,strlen,llvm-libc,512,0,0,5749,5809
R,0,strlen,llvm-libc,512,1,0,5738,5802
R,0,strlen,llvm-libc,1000,0,0,11219,11260
R,0,strlen,llvm-libc,1000,1,0,11208,11264
R,0,strlen,llvm-libc,1024,0,0,11489,11522
R,0,strlen,llvm-libc,1024,1,0,11490,11523
R,0,strlen,llvm-libc,4096,0,0,45840,45862
R,0,strlen,llvm-libc,4096,1,0,45846,45883
R,0,strlen,llvm-libc,8192,0,0,91590,91689
R,0,strlen,llvm-libc,8192,1,0,91667,91707
R,0,strlen,llvm-libc,16384,0,0,183318,183349
R,0,strlen,llvm-libc,16384,1,0,183282,183314
R,0,strlen,llvm-word,1,0,0,156,156
R,0,strlen,llvm-word,1,1,0,92,96
R,0,strlen,llvm-word,2,0,0,157,161
R,0,strlen,llvm-word,2,1,0,104,104
R,0,strlen,llvm-word,3,0,0,176,180
R,0,strlen,llvm-word,3,1,0,161,165
R,0,strlen,llvm-word,4,0,0,213,213
R,0,strlen,llvm-word,4,1,0,181,186
R,0,strlen,llvm-word,7,0,0,253,257
R,0,strlen,llvm-word,7,1,0,239,242
R,0,strlen,llvm-word,8,0,0,206,206
R,0,strlen,llvm-word,8,1,0,262,265
R,0,strlen,llvm-word,15,0,0,269,272
R,0,strlen,llvm-word,15,1,0,254,257
R,0,strlen,llvm-word,16,0,0,253,260
R,0,strlen,llvm-word,16,1,0,270,274
R,0,strlen,llvm-word,17,0,0,277,280
R,0,strlen,llvm-word,17,1,0,275,279
R,0,strlen,llvm-word,31,0,0,333,340
R,0,strlen,llvm-word,31,1,0,322,327
R,0,strlen,llvm-word,32,0,0,321,328
R,0,strlen,llvm-word,32,1,0,339,345
R,0,strlen,llvm-word,33,0,0,341,357
R,0,strlen,llvm-word,33,1,0,343,351
R,0,strlen,llvm-word,63,0,0,473,486
R,0,strlen,llvm-word,63,1,0,458,466
R,0,strlen,llvm-word,64,0,0,461,469
R,0,strlen,llvm-word,64,1,0,478,491
R,0,strlen,llvm-word,65,0,0,481,489
R,0,strlen,llvm-word,65,1,0,483,498
R,0,strlen,llvm-word,100,0,0,621,637
R,0,strlen,llvm-word,100,1,0,646,660
R,0,strlen,llvm-word,128,0,0,739,753
R,0,strlen,llvm-word,128,1,0,752,771
R,0,strlen,llvm-word,255,0,0,1297,1317
R,0,strlen,llvm-word,255,1,0,1277,1303
R,0,strlen,llvm-word,256,0,0,1289,1306
R,0,strlen,llvm-word,256,1,0,1311,1328
R,0,strlen,llvm-word,512,0,0,2411,2425
R,0,strlen,llvm-word,512,1,0,2428,2441
R,0,strlen,llvm-word,1000,0,0,4507,4535
R,0,strlen,llvm-word,1000,1,0,4563,4590
R,0,strlen,llvm-word,1024,0,0,4614,4652
R,0,strlen,llvm-word,1024,1,0,4662,4676
R,0,strlen,llvm-word,4096,0,0,18001,18059
R,0,strlen,llvm-word,4096,1,0,18041,18068
R,0,strlen,llvm-word,8192,0,0,35860,35911
R,0,strlen,llvm-word,8192,1,0,35900,35949
R,0,strlen,llvm-word,16384,0,0,71616,71655
R,0,strlen,llvm-word,16384,1,0,71612,71676
R,0,strlen,word,1,0,0,132,134
R,0,strlen,word,1,1,0,78,78
R,0,strlen,word,2,0,0,151,151
R,0,strlen,word,2,1,0,88,88
R,0,strlen,word,3,0,0,151,153
R,0,strlen,word,3,1,0,143,147
R,0,strlen,word,4,0,0,129,129
R,0,strlen,word,4,1,0,151,154
R,0,strlen,word,7,0,0,148,153
R,0,strlen,word,7,1,0,148,150
R,0,strlen,word,8,0,0,135,139
R,0,strlen,word,8,1,0,152,155
R,0,strlen,word,15,0,0,180,180
R,0,strlen,word,15,1,0,176,176
R,0,strlen,word,16,0,0,187,187
R,0,strlen,word,16,1,0,176,183
R,0,strlen,word,17,0,0,191,199
R,0,strlen,word,17,1,0,199,199
R,0,strlen,word,31,0,0,239,242
R,0,strlen,word,31,1,0,235,243
R,0,strlen,word,32,0,0,242,248
R,0,strlen,word,32,1,0,239,242
R,0,strlen,word,33,0,0,250,253
R,0,strlen,word,33,1,0,254,261
R,0,strlen,word,63,0,0,353,357
R,0,strlen,word,63,1,0,349,357
R,0,strlen,word,64,0,0,360,371
R,0,strlen,word,64,1,0,357,365
R,0,strlen,word,65,0,0,364,375
R,0,strlen,word,65,1,0,372,379
R,0,strlen,word,100,0,0,483,490
R,0,strlen,word,100,1,0,502,516
R,0,strlen,word,128,0,0,600,608
R,0,strlen,word,128,1,0,593,607
R,0,strlen,word,255,0,0,1069,1081
R,0,strlen,word,255,1,0,1061,1075
R,0,strlen,word,256,0,0,1084,1090
R,0,strlen,word,256,1,0,1061,1085
R,0,strlen,word,512,0,0,2037,2049
R,0,strlen,word,512,1,0,2030,2045
R,0,strlen,word,1000,0,0,3842,3856
R,0,strlen,word,1000,1,0,3861,3871
R,0,strlen,word,1024,0,0,3951,3963
R,0,strlen,word,1024,1,0,3942,3959
R,0,strlen,word,4096,0,0,15427,15460
R,0,strlen,word,4096,1,0,15428,15459
R,0,strlen,word,8192,0,0,30750,30800
R,0,strlen,word,8192,1,0,30759,30800
R,0,strlen,word,16384,0,0,61441,61488
R,0,strlen,word,16384,1,0,61401,61488
R,0,strlen,mve16,1,0,0,68,72
R,0,strlen,mve16,1,1,0,72,72
R,0,strlen,mve16,2,0,0,72,72
R,0,strlen,mve16,2,1,0,68,74
R,0,strlen,mve16,3,0,0,68,72
R,0,strlen,mve16,3,1,0,68,72
R,0,strlen,mve16,4,0,0,68,72
R,0,strlen,mve16,4,1,0,69,72
R,0,strlen,mve16,7,0,0,68,72
R,0,strlen,mve16,7,1,0,68,72
R,0,strlen,mve16,8,0,0,68,72
R,0,strlen,mve16,8,1,0,68,72
R,0,strlen,mve16,15,0,0,68,72
R,0,strlen,mve16,15,1,0,130,130
R,0,strlen,mve16,16,0,0,130,130
R,0,strlen,mve16,16,1,0,130,130
R,0,strlen,mve16,17,0,0,126,130
R,0,strlen,mve16,17,1,0,126,130
R,0,strlen,mve16,31,0,0,126,130
R,0,strlen,mve16,31,1,0,164,164
R,0,strlen,mve16,32,0,0,160,164
R,0,strlen,mve16,32,1,0,161,164
R,0,strlen,mve16,33,0,0,160,164
R,0,strlen,mve16,33,1,0,164,164
R,0,strlen,mve16,63,0,0,194,198
R,0,strlen,mve16,63,1,0,229,234
R,0,strlen,mve16,64,0,0,228,232
R,0,strlen,mve16,64,1,0,232,234
R,0,strlen,mve16,65,0,0,228,232
R,0,strlen,mve16,65,1,0,232,234
R,0,strlen,mve16,100,0,0,296,303
R,0,strlen,mve16,100,1,0,296,300
R,0,strlen,mve16,128,0,0,368,370
R,0,strlen,mve16,128,1,0,364,368
R,0,strlen,mve16,255,0,0,606,609
R,0,strlen,mve16,255,1,0,640,644
R,0,strlen,mve16,256,0,0,640,644
R,0,strlen,mve16,256,1,0,640,640
R,0,strlen,mve16,512,0,0,1184,1190
R,0,strlen,mve16,512,1,0,1184,1187
R,0,strlen,mve16,1000,0,0,2209,2213
R,0,strlen,mve16,1000,1,0,2204,2213
R,0,strlen,mve16,1024,0,0,2273,2279
R,0,strlen,mve16,1024,1,0,2274,2278
R,0,strlen,mve16,4096,0,0,8815,8840
R,0,strlen,mve16,4096,1,0,8823,8833
R,0,strlen,mve16,8192,0,0,17559,17567
R,0,strlen,mve16,8192,1,0,17550,17568
R,0,strlen,mve16,16384,0,0,35010,35043
R,0,strlen,mve16,16384,1,0,35021,35035
R,0,strlen,mve64,1,0,0,72,72
R,0,strlen,mve64,1,1,0,72,72
R,0,strlen,mve64,2,0,0,68,72
R,0,strlen,mve64,2,1,0,68,72
R,0,strlen,mve64,3,0,0,69,72
R,0,strlen,mve64,3,1,0,68,72
R,0,strlen,mve64,4,0,0,68,72
R,0,strlen,mve64,4,1,0,68,72
R,0,strlen,mve64,7,0,0,68,72
R,0,strlen,mve64,7,1,0,68,72
R,0,strlen,mve64,8,0,0,72,74
R,0,strlen,mve64,8,1,0,68,72
R,0,strlen,mve64,15,0,0,68,72
R,0,strlen,mve64,15,1,0,123,127
R,0,strlen,mve64,16,0,0,123,127
R,0,strlen,mve64,16,1,0,123,127
R,0,strlen,mve64,17,0,0,127,127
R,0,strlen,mve64,17,1,0,123,127
R,0,strlen,mve64,31,0,0,126,127
R,0,strlen,mve64,31,1,0,180,183
R,0,strlen,mve64,32,0,0,179,183
R,0,strlen,mve64,32,1,0,183,183
R,0,strlen,mve64,33,0,0,179,183
R,0,strlen,mve64,33,1,0,179,183
R,0,strlen,mve64,63,0,0,205,206
R,0,strlen,mve64,63,1,0,302,304
R,0,strlen,mve64,64,0,0,302,307
R,0,strlen,mve64,64,1,0,302,311
R,0,strlen,mve64,65,0,0,302,307
R,0,strlen,mve64,65,1,0,302,311
R,0,strlen,mve64,100,0,0,346,355
R,0,strlen,mve64,100,1,0,350,355
R,0,strlen,mve64,128,0,0,392,408
R,0,strlen,mve64,128,1,0,396,405
R,0,strlen,mve64,255,0,0,538,552
R,0,strlen,mve64,255,1,0,584,602
R,0,strlen,mve64,256,0,0,580,599
R,0,strlen,mve64,256,1,0,584,600
R,0,strlen,mve64,512,0,0,968,996
R,0,strlen,mve64,512,1,0,960,993
R,0,strlen,mve64,1000,0,0,1699,1720
R,0,strlen,mve64,1000,1,0,1694,1714
R,0,strlen,mve64,1024,0,0,1747,1765
R,0,strlen,mve64,1024,1,0,1741,1763
R,0,strlen,mve64,4096,0,0,6410,6427
R,0,strlen,mve64,4096,1,0,6396,6422
R,0,strlen,mve64,8192,0,0,12597,12636
R,0,strlen,mve64,8192,1,0,12577,12651
R,0,strlen,mve64,16384,0,0,24997,25087
R,0,strlen,mve64,16384,1,0,25017,25075
R,0,memchr,byte,1,0,0,96,96
R,0,memchr,byte,1,1,0,92,96
R,0,memchr,byte,2,0,0,107,107
R,0,memchr,byte,2,1,0,107,107
R,0,memchr,byte,3,0,0,115,116
R,0,memchr,byte,3,1,0,115,115
R,0,memchr,byte,4,0,0,126,126
R,0,memchr,byte,4,1,0,126,126
R,0,memchr,byte,7,0,0,178,179
R,0,memchr,byte,7,1,0,178,178
R,0,memchr,byte,8,0,0,189,189
R,0,memchr,byte,8,1,0,189,189
R,0,memchr,byte,15,0,0,304,307
R,0,memchr,byte,15,1,0,304,312
R,0,memchr,byte,16,0,0,315,319
R,0,memchr,byte,16,1,0,311,323
R,0,memchr,byte,17,0,0,344,353
R,0,memchr,byte,17,1,0,348,353
R,0,memchr,byte,31,0,0,556,570
R,0,memchr,byte,31,1,0,556,570
R,0,memchr,byte,32,0,0,567,579
R,0,memchr,byte,32,1,0,567,574
R,0,memchr,byte,33,0,0,597,613
R,0,memchr,byte,33,1,0,601,611
R,0,memchr,byte,63,0,0,1076,1085
R,0,memchr,byte,63,1,0,1072,1083
R,0,memchr,byte,64,0,0,1077,1092
R,0,memchr,byte,64,1,0,1078,1090
R,0,memchr,byte,65,0,0,1115,1125
R,0,memchr,byte,65,1,0,1115,1118
R,0,memchr,byte,100,0,0,1646,1664
R,0,memchr,byte,100,1,0,1656,1667
R,0,memchr,byte,128,0,0,2094,2115
R,0,memchr,byte,128,1,0,2107,2119
R,0,memchr,byte,255,0,0,4131,4151
R,0,memchr,byte,255,1,0,4130,4151
R,0,memchr,byte,256,0,0,4147,4164
R,0,memchr,byte,256,1,0,4151,4164
R,0,memchr,byte,512,0,0,8235,8254
R,0,memchr,byte,512,1,0,8233,8261
R,0,memchr,byte,1000,0,0,16035,16063
R,0,memchr,byte,1000,1,0,16052,16070
R,0,memchr,byte,1024,0,0,16430,16454
R,0,memchr,byte,1024,1,0,16420,16461
R,0,memchr,byte,4096,0,0,65570,65601
R,0,memchr,byte,4096,1,0,65557,65605
R,0,memchr,byte,8192,0,0,131062,131145
R,0,memchr,byte,8192,1,0,131044,131154
R,0,memchr,byte,16384,0,0,262148,262235
R,0,memchr,byte,16384,1,0,262129,262223
R,0,memchr,picolibc,1,0,0,121,123
R,0,memchr,picolibc,1,1,0,67,71
R,0,memchr,picolibc,2,0,0,130,134
R,0,memchr,picolibc,2,1,0,121,121
R,0,memchr,picolibc,3,0,0,144,144
R,0,memchr,picolibc,3,1,0,125,129
R,0,memchr,picolibc,4,0,0,171,171
R,0,memchr,picolibc,4,1,0,178,182
R,0,memchr,picolibc,7,0,0,162,165
R,0,memchr,picolibc,7,1,0,219,220
R,0,memchr,picolibc,8,0,0,181,187
R,0,memchr,picolibc,8,1,0,195,195
R,0,memchr,picolibc,15,0,0,191,198
R,0,memchr,picolibc,15,1,0,253,258
R,0,memchr,picolibc,16,0,0,212,212
R,0,memchr,picolibc,16,1,0,221,225
R,0,memchr,picolibc,17,0,0,182,183
R,0,memchr,picolibc,17,1,0,231,239
R,0,memchr,picolibc,31,0,0,261,274
R,0,memchr,picolibc,31,1,0,327,342
R,0,memchr,picolibc,32,0,0,287,296
R,0,memchr,picolibc,32,1,0,296,303
R,0,memchr,picolibc,33,0,0,255,260
R,0,memchr,picolibc,33,1,0,303,311
R,0,memchr,picolibc,63,0,0,411,424
R,0,memchr,picolibc,63,1,0,480,497
R,0,memchr,picolibc,64,0,0,437,444
R,0,memchr,picolibc,64,1,0,445,455
R,0,memchr,picolibc,65,0,0,407,423
R,0,memchr,picolibc,65,1,0,457,471
R,0,memchr,picolibc,100,0,0,611,639
R,0,memchr,picolibc,100,1,0,613,633
R,0,memchr,picolibc,128,0,0,739,762
R,0,memchr,picolibc,128,1,0,746,771
R,0,memchr,picolibc,255,0,0,1331,1358
R,0,memchr,picolibc,255,1,0,1392,1417
R,0,memchr,picolibc,256,0,0,1364,1380
R,0,memchr,picolibc,256,1,0,1381,1395
R,0,memchr,picolibc,512,0,0,2612,2631
R,0,memchr,picolibc,512,1,0,2612,2635
R,0,memchr,picolibc,1000,0,0,4994,5013
R,0,memchr,picolibc,1000,1,0,4962,5031
R,0,memchr,picolibc,1024,0,0,5095,5128
R,0,memchr,picolibc,1024,1,0,5052,5136
R,0,memchr,picolibc,4096,0,0,20015,20096
R,0,memchr,picolibc,4096,1,0,20043,20093
R,0,memchr,picolibc,8192,0,0,39977,40058
R,0,memchr,picolibc,8192,1,0,40017,40054
R,0,memchr,picolibc,16384,0,0,79824,79946
R,0,memchr,picolibc,16384,1,0,79857,79953
R,0,memchr,llvm-libc,1,0,0,79,83
R,0,memchr,llvm-libc,1,1,0,79,83
R,0,memchr,llvm-libc,2,0,0,95,95
R,0,memchr,llvm-libc,2,1,0,95,95
R,0,memchr,llvm-libc,3,0,0,111,115
R,0,memchr,llvm-libc,3,1,0,111,115
R,0,memchr,llvm-libc,4,0,0,124,124
R,0,memchr,llvm-libc,4,1,0,120,124
R,0,memchr,llvm-libc,7,0,0,177,180
R,0,memchr,llvm-libc,7,1,0,177,180
R,0,memchr,llvm-libc,8,0,0,186,189
R,0,memchr,llvm-libc,8,1,0,189,202
R,0,memchr,llvm-libc,15,0,0,310,314
R,0,memchr,llvm-libc,15,1,0,310,316
R,0,memchr,llvm-libc,16,0,0,316,323
R,0,memchr,llvm-libc,16,1,0,319,323
R,0,memchr,llvm-libc,17,0,0,346,351
R,0,memchr,llvm-libc,17,1,0,346,352
R,0,memchr,llvm-libc,31,0,0,570,578
R,0,memchr,llvm-libc,31,1,0,570,576
R,0,memchr,llvm-libc,32,0,0,579,589
R,0,memchr,llvm-libc,32,1,0,584,590
R,0,memchr,llvm-libc,33,0,0,603,611
R,0,memchr,llvm-libc,33,1,0,603,615
R,0,memchr,llvm-libc,63,0,0,1094,1102
R,0,memchr,llvm-libc,63,1,0,1093,1106
R,0,memchr,llvm-libc,64,0,0,1110,1117
R,0,memchr,llvm-libc,64,1,0,1108,1118
R,0,memchr,llvm-libc,65,0,0,1126,1144
R,0,memchr,llvm-libc,65,1,0,1129,1145
R,0,memchr,llvm-libc,100,0,0,1696,1715
R,0,memchr,llvm-libc,100,1,0,1699,1705
R,0,memchr,llvm-libc,128,0,0,2152,2170
R,0,memchr,llvm-libc,128,1,0,2163,2173
R,0,memchr,llvm-libc,255,0,0,4264,4270
R,0,memchr,llvm-libc,255,1,0,4247,4274
R,0,memchr,llvm-libc,256,0,0,4257,4286
R,0,memchr,llvm-libc,256,1,0,4263,4279
R,0,memchr,llvm-libc,512,0,0,8482,8504
R,0,memchr,llvm-libc,512,1,0,8481,8500
R,0,memchr,llvm-libc,1000,0,0,16531,16549
R,0,memchr,llvm-libc,1000,1,0,16530,16544
R,0,memchr,llvm-libc,1024,0,0,16924,16950
R,0,memchr,llvm-libc,1024,1,0,16914,16936
R,0,memchr,llvm-libc,4096,0,0,67562,67579
R,0,memchr,llvm-libc,4096,1,0,67556,67580
R,0,memchr,llvm-libc,8192,0,0,135072,135105
R,0,memchr,llvm-libc,8192,1,0,135048,135095
R,0,memchr,llvm-libc,16384,0,0,270093,270146
R,0,memchr,llvm-libc,16384,1,0,270097,270130
R,0,memchr,llvm-word,1,0,0,101,101
R,0,memchr,llvm-word,1,1,0,99,101
R,0,memchr,llvm-word,2,0,0,111,111
R,0,memchr,llvm-word,2,1,0,111,111
R,0,memchr,llvm-word,3,0,0,120,127
R,0,memchr,llvm-word,3,1,0,120,123
R,0,memchr,llvm-word,4,0,0,137,141
R,0,memchr,llvm-word,4,1,0,137,141
R,0,memchr,llvm-word,7,0,0,180,180
R,0,memchr,llvm-word,7,1,0,176,182
R,0,memchr,llvm-word,8,0,0,197,201
R,0,memchr,llvm-word,8,1,0,201,201
R,0,memchr,llvm-word,15,0,0,300,300
R,0,memchr,llvm-word,15,1,0,296,305
R,0,memchr,llvm-word,16,0,0,262,267
R,0,memchr,llvm-word,16,1,0,267,271
R,0,memchr,llvm-word,17,0,0,278,282
R,0,memchr,llvm-word,17,1,0,286,293
R,0,memchr,llvm-word,31,0,0,337,347
R,0,memchr,llvm-word,31,1,0,386,390
R,0,memchr,llvm-word,32,0,0,349,353
R,0,memchr,llvm-word,32,1,0,352,358
R,0,memchr,llvm-word,33,0,0,361,369
R,0,memchr,llvm-word,33,1,0,366,369
R,0,memchr,llvm-word,63,0,0,503,507
R,0,memchr,llvm-word,63,1,0,556,566
R,0,memchr,llvm-word,64,0,0,511,519
R,0,memchr,llvm-word,64,1,0,520,528
R,0,memchr,llvm-word,65,0,0,527,536
R,0,memchr,llvm-word,65,1,0,535,541
R,0,memchr,llvm-word,100,0,0,735,748
R,0,memchr,llvm-word,100,1,0,736,743
R,0,memchr,llvm-word,128,0,0,852,865
R,0,memchr,llvm-word,128,1,0,853,871
R,0,memchr,llvm-word,255,0,0,1518,1527
R,0,memchr,llvm-word,255,1,0,1552,1575
R,0,memchr,llvm-word,256,0,0,1529,1538
R,0,memchr,llvm-word,256,1,0,1526,1540
R,0,memchr,llvm-word,512,0,0,2867,2889
R,0,memchr,llvm-word,512,1,0,2873,2898
R,0,memchr,llvm-word,1000,0,0,5454,5483
R,0,memchr,llvm-word,1000,1,0,5474,5485
R,0,memchr,llvm-word,1024,0,0,5576,5593
R,0,memchr,llvm-word,1024,1,0,5562,5594
R,0,memchr,llvm-word,4096,0,0,21759,21820
R,0,memchr,llvm-word,4096,1,0,21800,21833
R,0,memchr,llvm-word,8192,0,0,43434,43466
R,0,memchr,llvm-word,8192,1,0,43434,43491
R,0,memchr,llvm-word,16384,0,0,86713,86785
R,0,memchr,llvm-word,16384,1,0,86695,86768
R,0,memchr,word,1,0,0,129,129
R,0,memchr,word,1,1,0,127,129
R,0,memchr,word,2,0,0,139,139
R,0,memchr,word,2,1,0,139,139
R,0,memchr,word,3,0,0,172,173
R,0,memchr,word,3,1,0,169,173
R,0,memchr,word,4,0,0,176,178
R,0,memchr,word,4,1,0,174,178
R,0,memchr,word,7,0,0,180,183
R,0,memchr,word,7,1,0,179,183
R,0,memchr,word,8,0,0,176,181
R,0,memchr,word,8,1,0,183,188
R,0,memchr,word,15,0,0,190,194
R,0,memchr,word,15,1,0,200,200
R,0,memchr,word,16,0,0,196,199
R,0,memchr,word,16,1,0,204,212
R,0,memchr,word,17,0,0,198,198
R,0,memchr,word,17,1,0,206,206
R,0,memchr,word,31,0,0,261,269
R,0,memchr,word,31,1,0,276,283
R,0,memchr,word,32,0,0,265,271
R,0,memchr,word,32,1,0,280,287
R,0,memchr,word,33,0,0,267,277
R,0,memchr,word,33,1,0,282,284
R,0,memchr,word,63,0,0,401,414
R,0,memchr,word,63,1,0,428,444
R,0,memchr,word,64,0,0,403,418
R,0,memchr,word,64,1,0,432,451
R,0,memchr,word,65,0,0,405,412
R,0,memchr,word,65,1,0,434,448
R,0,memchr,word,100,0,0,592,603
R,0,memchr,word,100,1,0,640,657
R,0,memchr,word,128,0,0,686,703
R,0,memchr,word,128,1,0,738,759
R,0,memchr,word,255,0,0,1243,1259
R,0,memchr,word,255,1,0,1354,1383
R,0,memchr,word,256,0,0,1251,1271
R,0,memchr,word,256,1,0,1361,1397
R,0,memchr,word,512,0,0,2387,2405
R,0,memchr,word,512,1,0,2609,2661
R,0,memchr,word,1000,0,0,4575,4590
R,0,memchr,word,1000,1,0,5018,5067
R,0,memchr,word,1024,0,0,4623,4671
R,0,memchr,word,1024,1,0,5145,5173
R,0,memchr,word,4096,0,0,18253,18312
R,0,memchr,word,4096,1,0,20162,20317
R,0,memchr,word,8192,0,0,36443,36477
R,0,memchr,word,8192,1,0,40346,40473
R,0,memchr,word,16384,0,0,72753,72815
R,0,memchr,word,16384,1,0,80617,80817
R,0,memchr,mve16,1,0,0,85,87
R,0,memchr,mve16,1,1,0,83,86
R,0,memchr,mve16,2,0,0,81,85
R,0,memchr,mve16,2,1,0,82,86
R,0,memchr,mve16,3,0,0,81,85
R,0,memchr,mve16,3,1,0,82,86
R,0,memchr,mve16,4,0,0,85,85
R,0,memchr,mve16,4,1,0,82,86
R,0,memchr,mve16,7,0,0,85,85
R,0,memchr,mve16,7,1,0,86,86
R,0,memchr,mve16,8,0,0,85,85
R,0,memchr,mve16,8,1,0,94,94
R,0,memchr,mve16,15,0,0,89,93
R,0,memchr,mve16,15,1,0,101,101
R,0,memchr,mve16,16,0,0,105,105
R,0,memchr,mve16,16,1,0,108,115
R,0,memchr,mve16,17,0,0,119,119
R,0,memchr,mve16,17,1,0,130,130
R,0,memchr,mve16,31,0,0,127,127
R,0,memchr,mve16,31,1,0,145,145
R,0,memchr,mve16,32,0,0,135,139
R,0,memchr,mve16,32,1,0,155,159
R,0,memchr,mve16,33,0,0,149,153
R,0,memchr,mve16,33,1,0,170,174
R,0,memchr,mve16,63,0,0,192,199
R,0,memchr,mve16,63,1,0,230,236
R,0,memchr,mve16,64,0,0,207,208
R,0,memchr,mve16,64,1,0,240,249
R,0,memchr,mve16,65,0,0,218,221
R,0,memchr,mve16,65,1,0,258,266
R,0,memchr,mve16,100,0,0,285,292
R,0,memchr,mve16,100,1,0,348,356
R,0,memchr,mve16,128,0,0,342,345
R,0,memchr,mve16,128,1,0,423,426
R,0,memchr,mve16,255,0,0,603,610
R,0,memchr,mve16,255,1,0,762,775
R,0,memchr,mve16,256,0,0,614,618
R,0,memchr,mve16,256,1,0,775,788
R,0,memchr,mve16,512,0,0,1159,1167
R,0,memchr,mve16,512,1,0,1488,1508
R,0,memchr,mve16,1000,0,0,2201,2205
R,0,memchr,mve16,1000,1,0,2862,2872
R,0,memchr,mve16,1024,0,0,2254,2261
R,0,memchr,mve16,1024,1,0,2925,2934
R,0,memchr,mve16,4096,0,0,8822,8832
R,0,memchr,mve16,4096,1,0,11494,11534
R,0,memchr,mve16,8192,0,0,17584,17591
R,0,memchr,mve16,8192,1,0,22944,23001
R,0,memchr,mve16,16384,0,0,35096,35113
R,0,memchr,mve16,16384,1,0,45882,45938
# phase 1 CCR=0x00030201 overhead=29
R,1,memcpy,byte,1,0,0,27,27
R,1,memcpy,byte,1,1,1,27,27
R,1,memcpy,byte,1,1,3,27,27
R,1,memcpy,byte,2,0,0,36,36
R,1,memcpy,byte,2,1,1,36,36
R,1,memcpy,byte,2,1,3,36,36
R,1,memcpy,byte,3,0,0,39,39
R,1,memcpy,byte,3,1,1,39,39
R,1,memcpy,byte,3,1,3,39,39
R,1,memcpy,byte,4,0,0,39,39
R,1,memcpy,byte,4,1,1,39,39
R,1,memcpy,byte,4,1,3,39,39
R,1,memcpy,byte,7,0,0,46,46
R,1,memcpy,byte,7,1,1,46,46
R,1,memcpy,byte,7,1,3,46,46
R,1,memcpy,byte,8,0,0,47,56
R,1,memcpy,byte,8,1,1,47,47
R,1,memcpy,byte,8,1,3,47,47
R,1,memcpy,byte,15,0,0,62,62
R,1,memcpy,byte,15,1,1,62,71
R,1,memcpy,byte,15,1,3,62,71
R,1,memcpy,byte,16,0,0,63,72
R,1,memcpy,byte,16,1,1,63,63
R,1,memcpy,byte,16,1,3,63,63
R,1,memcpy,byte,17,0,0,58,58
R,1,memcpy,byte,17,1,1,58,58
R,1,memcpy,byte,17,1,3,58,75
R,1,memcpy,byte,31,0,0,94,110
R,1,memcpy,byte,31,1,1,94,111
R,1,memcpy,byte,31,1,3,94,111
R,1,memcpy,byte,32,0,0,95,108
R,1,memcpy,byte,32,1,1,95,111
R,1,memcpy,byte,32,1,3,95,112
R,1,memcpy,byte,33,0,0,90,107
R,1,memcpy,byte,33,1,1,90,90
R,1,memcpy,byte,33,1,3,90,90
R,1,memcpy,byte,63,0,0,158,174
R,1,memcpy,byte,63,1,1,158,171
R,1,memcpy,byte,63,1,3,158,171
R,1,memcpy,byte,64,0,0,159,172
R,1,memcpy,byte,64,1,1,159,176
R,1,memcpy,byte,64,1,3,159,176
R,1,memcpy,byte,65,0,0,154,163
R,1,memcpy,byte,65,1,1,154,171
R,1,memcpy,byte,65,1,3,154,171
R,1,memcpy,byte,100,0,0,231,245
R,1,memcpy,byte,100,1,1,231,264
R,1,memcpy,byte,100,1,3,231,264
R,1,memcpy,byte,128,0,0,287,314
R,1,memcpy,byte,128,1,1,287,320
R,1,memcpy,byte,128,1,3,287,321
R,1,memcpy,byte,255,0,0,542,606
R,1,memcpy,byte,255,1,1,555,593
R,1,memcpy,byte,255,1,3,555,587
R,1,memcpy,byte,256,0,0,552,579
R,1,memcpy,byte,256,1,1,543,609
R,1,memcpy,byte,256,1,3,543,609
R,1,memcpy,byte,512,0,0,1103,1131
R,1,memcpy,byte,512,1,1,1122,1156
R,1,memcpy,byte,512,1,3,1072,1139
R,1,memcpy,byte,1000,0,0,2150,2166
R,1,memcpy,byte,1000,1,1,2064,2216
R,1,memcpy,byte,1000,1,3,2181,2216
R,1,memcpy,byte,1024,0,0,2183,2214
R,1,memcpy,byte,1024,1,1,2246,2264
R,1,memcpy,byte,1024,1,3,2129,2264
R,1,memcpy,byte,4096,0,0,8714,8783
R,1,memcpy,byte,4096,1,1,8846,8944
R,1,memcpy,byte,4096,1,3,8811,8946
R,1,memcpy,byte,8192,0,0,18134,18286
R,1,memcpy,byte,8192,1,1,18292,18617
R,1,memcpy,byte,8192,1,3,18400,18539
R,1,memcpy,byte,16384,0,0,37905,38239
R,1,memcpy,byte,16384,1,1,38176,38446
R,1,memcpy,byte,16384,1,3,38923,39151
R,1,memcpy,autovec,1,0,0,23,23
R,1,memcpy,autovec,1,1,1,24,24
R,1,memcpy,autovec,1,1,3,24,24
R,1,memcpy,autovec,2,0,0,23,23
R,1,memcpy,autovec,2,1,1,24,24
R,1,memcpy,autovec,2,1,3,24,24
R,1,memcpy,autovec,3,0,0,23,23
R,1,memcpy,autovec,3,1,1,24,24
R,1,memcpy,autovec,3,1,3,24,24
R,1,memcpy,autovec,4,0,0,23,23
R,1,memcpy,autovec,4,1,1,24,24
R,1,memcpy,autovec,4,1,3,24,24
R,1,memcpy,autovec,7,0,0,23,23
R,1,memcpy,autovec,7,1,1,24,24
R,1,memcpy,autovec,7,1,3,24,24
R,1,memcpy,autovec,8,0,0,23,23
R,1,memcpy,autovec,8,1,1,24,24
R,1,memcpy,autovec,8,1,3,24,24
R,1,memcpy,autovec,15,0,0,23,23
R,1,memcpy,autovec,15,1,1,24,24
R,1,memcpy,autovec,15,1,3,24,24
R,1,memcpy,autovec,16,0,0,23,23
R,1,memcpy,autovec,16,1,1,24,24
R,1,memcpy,autovec,16,1,3,24,24
R,1,memcpy,autovec,17,0,0,29,29
R,1,memcpy,autovec,17,1,1,31,31
R,1,memcpy,autovec,17,1,3,31,31
R,1,memcpy,autovec,31,0,0,29,29
R,1,memcpy,autovec,31,1,1,31,31
R,1,memcpy,autovec,31,1,3,31,31
R,1,memcpy,autovec,32,0,0,29,29
R,1,memcpy,autovec,32,1,1,31,31
R,1,memcpy,autovec,32,1,3,31,31
R,1,memcpy,autovec,33,0,0,35,35
R,1,memcpy,autovec,33,1,1,38,38
R,1,memcpy,autovec,33,1,3,38,38
R,1,memcpy,autovec,63,0,0,41,41
R,1,memcpy,autovec,63,1,1,45,45
R,1,memcpy,autovec,63,1,3,45,45
R,1,memcpy,autovec,64,0,0,41,50
R,1,memcpy,autovec,64,1,1,45,45
R,1,memcpy,autovec,64,1,3,45,45
R,1,memcpy,autovec,65,0,0,47,47
R,1,memcpy,autovec,65,1,1,52,52
R,1,memcpy,autovec,65,1,3,52,52
R,1,memcpy,autovec,100,0,0,59,59
R,1,memcpy,autovec,100,1,1,66,75
R,1,memcpy,autovec,100,1,3,66,82
R,1,memcpy,autovec,128,0,0,65,74
R,1,memcpy,autovec,128,1,1,73,89
R,1,memcpy,autovec,128,1,3,73,89
R,1,memcpy,autovec,255,0,0,113,123
R,1,memcpy,autovec,255,1,1,129,145
R,1,memcpy,autovec,255,1,3,129,145
R,1,memcpy,autovec,256,0,0,113,123
R,1,memcpy,autovec,256,1,1,129,145
R,1,memcpy,autovec,256,1,3,129,145
R,1,memcpy,autovec,512,0,0,209,219
R,1,memcpy,autovec,512,1,1,241,273
R,1,memcpy,autovec,512,1,3,241,273
R,1,memcpy,autovec,1000,0,0,395,425
R,1,memcpy,autovec,1000,1,1,467,509
R,1,memcpy,autovec,1000,1,3,458,508
R,1,memcpy,autovec,1024,0,0,401,421
R,1,memcpy,autovec,1024,1,1,466,514
R,1,memcpy,autovec,1024,1,3,466,516
R,1,memcpy,autovec,4096,0,0,1633,1645
R,1,memcpy,autovec,4096,1,1,1912,1988
R,1,memcpy,autovec,4096,1,3,1972,1984
R,1,memcpy,autovec,8192,0,0,3562,3723
R,1,memcpy,autovec,8192,1,1,4264,4525
R,1,memcpy,autovec,8192,1,3,4404,4541
R,1,memcpy,autovec,16384,0,0,8013,8304
R,1,memcpy,autovec,16384,1,1,10282,10615
R,1,memcpy,autovec,16384,1,3,10367,10651
R,1,memcpy,picolibc,1,0,0,42,42
R,1,memcpy,picolibc,1,1,1,40,40
R,1,memcpy,picolibc,1,1,3,40,40
R,1,memcpy,picolibc,2,0,0,40,40
R,1,memcpy,picolibc,2,1,1,40,40
R,1,memcpy,picolibc,2,1,3,40,41
R,1,memcpy,picolibc,3,0,0,40,40
R,1,memcpy,picolibc,3,1,1,39,39
R,1,memcpy,picolibc,3,1,3,39,39
R,1,memcpy,picolibc,4,0,0,37,37
R,1,memcpy,picolibc,4,1,1,33,33
R,1,memcpy,picolibc,4,1,3,33,33
R,1,memcpy,picolibc,7,0,0,37,37
R,1,memcpy,picolibc,7,1,1,54,69
R,1,memcpy,picolibc,7,1,3,54,67
R,1,memcpy,picolibc,8,0,0,45,45
R,1,memcpy,picolibc,8,1,1,55,55
R,1,memcpy,picolibc,8,1,3,56,56
R,1,memcpy,picolibc,15,0,0,53,53
R,1,memcpy,picolibc,15,1,1,70,86
R,1,memcpy,picolibc,15,1,3,73,73
R,1,memcpy,picolibc,16,0,0,41,41
R,1,memcpy,picolibc,16,1,1,71,88
R,1,memcpy,picolibc,16,1,3,74,74
R,1,memcpy,picolibc,17,0,0,42,42
R,1,memcpy,picolibc,17,1,1,70,70
R,1,memcpy,picolibc,17,1,3,73,73
R,1,memcpy,picolibc,31,0,0,54,54
R,1,memcpy,picolibc,31,1,1,71,71
R,1,memcpy,picolibc,31,1,3,78,87
R,1,memcpy,picolibc,32,0,0,53,53
R,1,memcpy,picolibc,32,1,1,72,81
R,1,memcpy,picolibc,32,1,3,79,80
R,1,memcpy,picolibc,33,0,0,54,54
R,1,memcpy,picolibc,33,1,1,71,71
R,1,memcpy,picolibc,33,1,3,78,78
R,1,memcpy,picolibc,63,0,0,78,87
R,1,memcpy,picolibc,63,1,1,95,104
R,1,memcpy,picolibc,63,1,3,110,123
R,1,memcpy,picolibc,64,0,0,57,66
R,1,memcpy,picolibc,64,1,1,96,109
R,1,memcpy,picolibc,64,1,3,112,124
R,1,memcpy,picolibc,65,0,0,57,70
R,1,memcpy,picolibc,65,1,1,95,112
R,1,memcpy,picolibc,65,1,3,111,123
R,1,memcpy,picolibc,100,0,0,67,79
R,1,memcpy,picolibc,100,1,1,87,104
R,1,memcpy,picolibc,100,1,3,122,133
R,1,memcpy,picolibc,128,0,0,86,87
R,1,memcpy,picolibc,128,1,1,114,127
R,1,memcpy,picolibc,128,1,3,154,164
R,1,memcpy,picolibc,255,0,0,152,163
R,1,memcpy,picolibc,255,1,1,162,175
R,1,memcpy,picolibc,255,1,3,244,268
R,1,memcpy,picolibc,256,0,0,144,153
R,1,memcpy,picolibc,256,1,1,164,180
R,1,memcpy,picolibc,256,1,3,248,269
R,1,memcpy,picolibc,512,0,0,260,278
R,1,memcpy,picolibc,512,1,1,269,293
R,1,memcpy,picolibc,512,1,3,434,470
R,1,memcpy,picolibc,1000,0,0,481,508
R,1,memcpy,picolibc,1000,1,1,449,495
R,1,memcpy,picolibc,1000,1,3,785,839
R,1,memcpy,picolibc,1024,0,0,492,519
R,1,memcpy,picolibc,1024,1,1,476,525
R,1,memcpy,picolibc,1024,1,3,812,869
R,1,memcpy,picolibc,4096,0,0,1967,1971
R,1,memcpy,picolibc,4096,1,1,1827,1865
R,1,memcpy,picolibc,4096,1,3,3245,3282
R,1,memcpy,picolibc,8192,0,0,4256,4443
R,1,memcpy,picolibc,8192,1,1,4260,4374
R,1,memcpy,picolibc,8192,1,3,7051,7185
R,1,memcpy,picolibc,16384,0,0,9889,10142
R,1,memcpy,picolibc,16384,1,1,9732,10277
R,1,memcpy,picolibc,16384,1,3,15415,15592
R,1,memcpy,llvm-libc,1,0,0,54,70
R,1,memcpy,llvm-libc,1,1,1,65,65
R,1,memcpy,llvm-libc,1,1,3,65,65
R,1,memcpy,llvm-libc,2,0,0,60,76
R,1,memcpy,llvm-libc,2,1,1,60,60
R,1,memcpy,llvm-libc,2,1,3,61,77
R,1,memcpy,llvm-libc,3,0,0,57,74
R,1,memcpy,llvm-libc,3,1,1,60,60
R,1,memcpy,llvm-libc,3,1,3,61,61
R,1,memcpy,llvm-libc,4,0,0,54,54
R,1,memcpy,llvm-libc,4,1,1,54,63
R,1,memcpy,llvm-libc,4,1,3,54,70
R,1,memcpy,llvm-libc,7,0,0,54,70
R,1,memcpy,llvm-libc,7,1,1,56,72
R,1,memcpy,llvm-libc,7,1,3,57,57
R,1,memcpy,llvm-libc,8,0,0,59,68
R,1,memcpy,llvm-libc,8,1,1,68,85
R,1,memcpy,llvm-libc,8,1,3,69,84
R,1,memcpy,llvm-libc,15,0,0,64,64
R,1,memcpy,llvm-libc,15,1,1,81,98
R,1,memcpy,llvm-libc,15,1,3,82,82
R,1,memcpy,llvm-libc,16,0,0,58,58
R,1,memcpy,llvm-libc,16,1,1,78,95
R,1,memcpy,llvm-libc,16,1,3,79,96
R,1,memcpy,llvm-libc,17,0,0,55,63
R,1,memcpy,llvm-libc,17,1,1,84,84
R,1,memcpy,llvm-libc,17,1,3,85,101
R,1,memcpy,llvm-libc,31,0,0,65,65
R,1,memcpy,llvm-libc,31,1,1,82,82
R,1,memcpy,llvm-libc,31,1,3,88,97
R,1,memcpy,llvm-libc,32,0,0,67,80
R,1,memcpy,llvm-libc,32,1,1,79,94
R,1,memcpy,llvm-libc,32,1,3,85,86
R,1,memcpy,llvm-libc,33,0,0,64,64
R,1,memcpy,llvm-libc,33,1,1,85,100
R,1,memcpy,llvm-libc,33,1,3,91,92
R,1,memcpy,llvm-libc,63,0,0,83,99
R,1,memcpy,llvm-libc,63,1,1,100,109
R,1,memcpy,llvm-libc,63,1,3,116,125
R,1,memcpy,llvm-libc,64,0,0,73,82
R,1,memcpy,llvm-libc,64,1,1,97,110
R,1,memcpy,llvm-libc,64,1,3,114,126
R,1,memcpy,llvm-libc,65,0,0,69,71
R,1,memcpy,llvm-libc,65,1,1,103,118
R,1,memcpy,llvm-libc,65,1,3,120,135
R,1,memcpy,llvm-libc,100,0,0,79,93
R,1,memcpy,llvm-libc,100,1,1,96,111
R,1,memcpy,llvm-libc,100,1,3,131,142
R,1,memcpy,llvm-libc,128,0,0,99,99
R,1,memcpy,llvm-libc,128,1,1,115,128
R,1,memcpy,llvm-libc,128,1,3,155,164
R,1,memcpy,llvm-libc,255,0,0,150,159
R,1,memcpy,llvm-libc,255,1,1,166,180
R,1,memcpy,llvm-libc,255,1,3,244,264
R,1,memcpy,llvm-libc,256,0,0,151,160
R,1,memcpy,llvm-libc,256,1,1,164,178
R,1,memcpy,llvm-libc,256,1,3,240,267
R,1,memcpy,llvm-libc,512,0,0,255,272
R,1,memcpy,llvm-libc,512,1,1,267,293
R,1,memcpy,llvm-libc,512,1,3,432,458
R,1,memcpy,llvm-libc,1000,0,0,448,481
R,1,memcpy,llvm-libc,1000,1,1,458,494
R,1,memcpy,llvm-libc,1000,1,3,767,815
R,1,memcpy,llvm-libc,1024,0,0,463,492
R,1,memcpy,llvm-libc,1024,1,1,478,514
R,1,memcpy,llvm-libc,1024,1,3,809,838
R,1,memcpy,llvm-libc,4096,0,0,1797,1809
R,1,memcpy,llvm-libc,4096,1,1,1798,1827
R,1,memcpy,llvm-libc,4096,1,3,3094,3130
R,1,memcpy,llvm-libc,8192,0,0,4008,4128
R,1,memcpy,llvm-libc,8192,1,1,3976,4089
R,1,memcpy,llvm-libc,8192,1,3,6809,6895
R,1,memcpy,llvm-libc,16384,0,0,9393,9658
R,1,memcpy,llvm-libc,16384,1,1,9390,9769
R,1,memcpy,llvm-libc,16384,1,3,15017,15195
R,1,memcpy,mve16,1,0,0,23,23
R,1,memcpy,mve16,1,1,1,24,24
R,1,memcpy,mve16,1,1,3,24,24
R,1,memcpy,mve16,2,0,0,23,23
R,1,memcpy,mve16,2,1,1,24,24
R,1,memcpy,mve16,2,1,3,24,24
R,1,memcpy,mve16,3,0,0,23,23
R,1,memcpy,mve16,3,1,1,24,24
R,1,memcpy,mve16,3,1,3,24,24
R,1,memcpy,mve16,4,0,0,23,36
R,1,memcpy,mve16,4,1,1,24,24
R,1,memcpy,mve16,4,1,3,24,24
R,1,memcpy,mve16,7,0,0,23,23
R,1,memcpy,mve16,7,1,1,24,24
R,1,memcpy,mve16,7,1,3,24,24
R,1,memcpy,mve16,8,0,0,23,23
R,1,memcpy,mve16,8,1,1,24,24
R,1,memcpy,mve16,8,1,3,24,24
R,1,memcpy,mve16,15,0,0,23,23
R,1,memcpy,mve16,15,1,1,24,24
R,1,memcpy,mve16,15,1,3,24,24
R,1,memcpy,mve16,16,0,0,23,23
R,1,memcpy,mve16,16,1,1,24,24
R,1,memcpy,mve16,16,1,3,24,40
R,1,memcpy,mve16,17,0,0,29,29
R,1,memcpy,mve16,17,1,1,31,31
R,1,memcpy,mve16,17,1,3,31,31
R,1,memcpy,mve16,31,0,0,29,29
R,1,memcpy,mve16,31,1,1,31,31
R,1,memcpy,mve16,31,1,3,31,31
R,1,memcpy,mve16,32,0,0,29,29
R,1,memcpy,mve16,32,1,1,31,32
R,1,memcpy,mve16,32,1,3,31,31
R,1,memcpy,mve16,33,0,0,35,35
R,1,memcpy,mve16,33,1,1,38,38
R,1,memcpy,mve16,33,1,3,38,38
R,1,memcpy,mve16,63,0,0,41,41
R,1,memcpy,mve16,63,1,1,45,45
R,1,memcpy,mve16,63,1,3,45,45
R,1,memcpy,mve16,64,0,0,41,41
R,1,memcpy,mve16,64,1,1,45,45
R,1,memcpy,mve16,64,1,3,45,45
R,1,memcpy,mve16,65,0,0,47,47
R,1,memcpy,mve16,65,1,1,52,52
R,1,memcpy,mve16,65,1,3,52,61
R,1,memcpy,mve16,100,0,0,59,59
R,1,memcpy,mve16,100,1,1,66,66
R,1,memcpy,mve16,100,1,3,66,66
R,1,memcpy,mve16,128,0,0,65,74
R,1,memcpy,mve16,128,1,1,73,89
R,1,memcpy,mve16,128,1,3,73,89
R,1,memcpy,mve16,255,0,0,113,123
R,1,memcpy,mve16,255,1,1,129,142
R,1,memcpy,mve16,255,1,3,129,138
R,1,memcpy,mve16,256,0,0,113,123
R,1,memcpy,mve16,256,1,1,129,145
R,1,memcpy,mve16,256,1,3,129,145
R,1,memcpy,mve16,512,0,0,209,219
R,1,memcpy,mve16,512,1,1,241,273
R,1,memcpy,mve16,512,1,3,241,274
R,1,memcpy,mve16,1000,0,0,395,425
R,1,memcpy,mve16,1000,1,1,458,508
R,1,memcpy,mve16,1000,1,3,458,507
R,1,memcpy,mve16,1024,0,0,401,431
R,1,memcpy,mve16,1024,1,1,466,514
R,1,memcpy,mve16,1024,1,3,466,515
R,1,memcpy,mve16,4096,0,0,1613,1630
R,1,memcpy,mve16,4096,1,1,1956,1975
R,1,memcpy,mve16,4096,1,3,1858,1967
R,1,memcpy,mve16,8192,0,0,3630,3715
R,1,memcpy,mve16,8192,1,1,4497,4573
R,1,memcpy,mve16,8192,1,3,4403,4514
R,1,memcpy,mve16,16384,0,0,8196,8394
R,1,memcpy,mve16,16384,1,1,10494,10635
R,1,memcpy,mve16,16384,1,3,10205,10651
R,1,memcpy,mve64,1,0,0,41,41
R,1,memcpy,mve64,1,1,1,42,42
R,1,memcpy,mve64,1,1,3,42,42
R,1,memcpy,mve64,2,0,0,41,41
R,1,memcpy,mve64,2,1,1,42,42
R,1,memcpy,mve64,2,1,3,42,42
R,1,memcpy,mve64,3,0,0,41,41
R,1,memcpy,mve64,3,1,1,42,42
R,1,memcpy,mve64,3,1,3,42,42
R,1,memcpy,mve64,4,0,0,41,41
R,1,memcpy,mve64,4,1,1,42,42
R,1,memcpy,mve64,4,1,3,42,42
R,1,memcpy,mve64,7,0,0,41,41
R,1,memcpy,mve64,7,1,1,42,51
R,1,memcpy,mve64,7,1,3,42,51
R,1,memcpy,mve64,8,0,0,41,41
R,1,memcpy,mve64,8,1,1,42,42
R,1,memcpy,mve64,8,1,3,42,58
R,1,memcpy,mve64,15,0,0,41,41
R,1,memcpy,mve64,15,1,1,42,42
R,1,memcpy,mve64,15,1,3,42,42
R,1,memcpy,mve64,16,0,0,33,33
R,1,memcpy,mve64,16,1,1,34,34
R,1,memcpy,mve64,16,1,3,34,34
R,1,memcpy,mve64,17,0,0,40,40
R,1,memcpy,mve64,17,1,1,42,42
R,1,memcpy,mve64,17,1,3,42,42
R,1,memcpy,mve64,31,0,0,40,40
R,1,memcpy,mve64,31,1,1,42,42
R,1,memcpy,mve64,31,1,3,42,42
R,1,memcpy,mve64,32,0,0,39,39
R,1,memcpy,mve64,32,1,1,41,41
R,1,memcpy,mve64,32,1,3,41,41
R,1,memcpy,mve64,33,0,0,46,46
R,1,memcpy,mve64,33,1,1,49,49
R,1,memcpy,mve64,33,1,3,49,49
R,1,memcpy,mve64,63,0,0,52,52
R,1,memcpy,mve64,63,1,1,57,66
R,1,memcpy,mve64,63,1,3,57,66
R,1,memcpy,mve64,64,0,0,41,41
R,1,memcpy,mve64,64,1,1,48,64
R,1,memcpy,mve64,64,1,3,48,64
R,1,memcpy,mve64,65,0,0,47,58
R,1,memcpy,mve64,65,1,1,55,66
R,1,memcpy,mve64,65,1,3,55,56
R,1,memcpy,mve64,100,0,0,61,62
R,1,memcpy,mve64,100,1,1,70,71
R,1,memcpy,mve64,100,1,3,70,71
R,1,memcpy,mve64,128,0,0,56,65
R,1,memcpy,mve64,128,1,1,72,87
R,1,memcpy,mve64,128,1,3,72,73
R,1,memcpy,mve64,255,0,0,98,110
R,1,memcpy,mve64,255,1,1,124,139
R,1,memcpy,mve64,255,1,3,124,136
R,1,memcpy,mve64,256,0,0,89,98
R,1,memcpy,mve64,256,1,1,118,133
R,1,memcpy,mve64,256,1,3,118,133
R,1,memcpy,mve64,512,0,0,153,162
R,1,memcpy,mve64,512,1,1,209,229
R,1,memcpy,mve64,512,1,3,209,227
R,1,memcpy,mve64,1000,0,0,285,303
R,1,memcpy,mve64,1000,1,1,394,443
R,1,memcpy,mve64,1000,1,3,395,442
R,1,memcpy,mve64,1024,0,0,281,299
R,1,memcpy,mve64,1024,1,1,396,443
R,1,memcpy,mve64,1024,1,3,396,444
R,1,memcpy,mve64,4096,0,0,1075,1094
R,1,memcpy,mve64,4096,1,1,1630,1652
R,1,memcpy,mve64,4096,1,3,1520,1637
R,1,memcpy,mve64,8192,0,0,2768,2851
R,1,memcpy,mve64,8192,1,1,3917,3990
R,1,memcpy,mve64,8192,1,3,3847,3958
R,1,memcpy,mve64,16384,0,0,6957,7217
R,1,memcpy,mve64,16384,1,1,9814,9990
R,1,memcpy,mve64,16384,1,3,9709,9910
R,1,memmove_fwd,byte,1,0,0,45,45
R,1,memmove_fwd,byte,1,1,0,45,45
R,1,memmove_fwd,byte,2,0,0,51,68
R,1,memmove_fwd,byte,2,1,0,51,51
R,1,memmove_fwd,byte,3,0,0,53,53
R,1,memmove_fwd,byte,3,1,0,53,53
R,1,memmove_fwd,byte,4,0,0,54,66
R,1,memmove_fwd,byte,4,1,0,54,54
R,1,memmove_fwd,byte,7,0,0,58,58
R,1,memmove_fwd,byte,7,1,0,58,58
R,1,memmove_fwd,byte,8,0,0,62,62
R,1,memmove_fwd,byte,8,1,0,62,75
R,1,memmove_fwd,byte,15,0,0,74,74
R,1,memmove_fwd,byte,15,1,0,74,74
R,1,memmove_fwd,byte,16,0,0,78,87
R,1,memmove_fwd,byte,16,1,0,78,78
R,1,memmove_fwd,byte,17,0,0,75,91
R,1,memmove_fwd,byte,17,1,0,75,87
R,1,memmove_fwd,byte,31,0,0,106,122
R,1,memmove_fwd,byte,31,1,0,106,123
R,1,memmove_fwd,byte,32,0,0,110,123
R,1,memmove_fwd,byte,32,1,0,110,126
R,1,memmove_fwd,byte,33,0,0,107,124
R,1,memmove_fwd,byte,33,1,0,107,123
R,1,memmove_fwd,byte,63,0,0,170,186
R,1,memmove_fwd,byte,63,1,0,170,186
R,1,memmove_fwd,byte,64,0,0,174,187
R,1,memmove_fwd,byte,64,1,0,174,190
R,1,memmove_fwd,byte,65,0,0,171,188
R,1,memmove_fwd,byte,65,1,0,171,171
R,1,memmove_fwd,byte,100,0,0,246,267
R,1,memmove_fwd,byte,100,1,0,246,276
R,1,memmove_fwd,byte,128,0,0,302,329
R,1,memmove_fwd,byte,128,1,0,302,335
R,1,memmove_fwd,byte,255,0,0,570,618
R,1,memmove_fwd,byte,255,1,0,563,598
R,1,memmove_fwd,byte,256,0,0,558,601
R,1,memmove_fwd,byte,256,1,0,558,610
R,1,memmove_fwd,byte,512,0,0,1111,1142
R,1,memmove_fwd,byte,512,1,0,1120,1183
R,1,memmove_fwd,byte,1000,0,0,2084,2186
R,1,memmove_fwd,byte,1000,1,0,2212,2232
R,1,memmove_fwd,byte,1024,0,0,2139,2243
R,1,memmove_fwd,byte,1024,1,0,2275,2280
R,1,memmove_fwd,byte,4096,0,0,8724,8791
R,1,memmove_fwd,byte,4096,1,0,8858,8953
R,1,memmove_fwd,byte,8192,0,0,17493,17547
R,1,memmove_fwd,byte,8192,1,0,17759,17882
R,1,memmove_fwd,byte,16384,0,0,34981,35126
R,1,memmove_fwd,byte,16384,1,0,35631,35805
R,1,memmove_fwd,picolibc,1,0,0,33,33
R,1,memmove_fwd,picolibc,1,1,0,32,32
R,1,memmove_fwd,picolibc,2,0,0,41,48
R,1,memmove_fwd,picolibc,2,1,0,41,41
R,1,memmove_fwd,picolibc,3,0,0,48,48
R,1,memmove_fwd,picolibc,3,1,0,48,48
R,1,memmove_fwd,picolibc,4,0,0,66,73
R,1,memmove_fwd,picolibc,4,1,0,47,47
R,1,memmove_fwd,picolibc,7,0,0,86,86
R,1,memmove_fwd,picolibc,7,1,0,63,63
R,1,memmove_fwd,picolibc,8,0,0,72,84
R,1,memmove_fwd,picolibc,8,1,0,56,63
R,1,memmove_fwd,picolibc,15,0,0,91,108
R,1,memmove_fwd,picolibc,15,1,0,81,94
R,1,memmove_fwd,picolibc,16,0,0,77,89
R,1,memmove_fwd,picolibc,16,1,0,74,86
R,1,memmove_fwd,picolibc,17,0,0,81,96
R,1,memmove_fwd,picolibc,17,1,0,82,82
R,1,memmove_fwd,picolibc,31,0,0,111,123
R,1,memmove_fwd,picolibc,31,1,0,117,133
R,1,memmove_fwd,picolibc,32,0,0,79,88
R,1,memmove_fwd,picolibc,32,1,0,110,125
R,1,memmove_fwd,picolibc,33,0,0,83,83
R,1,memmove_fwd,picolibc,33,1,0,118,133
R,1,memmove_fwd,picolibc,63,0,0,119,134
R,1,memmove_fwd,picolibc,63,1,0,189,204
R,1,memmove_fwd,picolibc,64,0,0,79,80
R,1,memmove_fwd,picolibc,64,1,0,182,198
R,1,memmove_fwd,picolibc,65,0,0,83,99
R,1,memmove_fwd,picolibc,65,1,0,190,205
R,1,memmove_fwd,picolibc,100,0,0,106,118
R,1,memmove_fwd,picolibc,100,1,0,263,278
R,1,memmove_fwd,picolibc,128,0,0,106,118
R,1,memmove_fwd,picolibc,128,1,0,326,358
R,1,memmove_fwd,picolibc,255,0,0,188,196
R,1,memmove_fwd,picolibc,255,1,0,621,667
R,1,memmove_fwd,picolibc,256,0,0,160,168
R,1,memmove_fwd,picolibc,256,1,0,629,678
R,1,memmove_fwd,picolibc,512,0,0,268,287
R,1,memmove_fwd,picolibc,512,1,0,1252,1285
R,1,memmove_fwd,picolibc,1000,0,0,490,520
R,1,memmove_fwd,picolibc,1000,1,0,2464,2479
R,1,memmove_fwd,picolibc,1024,0,0,484,513
R,1,memmove_fwd,picolibc,1024,1,0,2418,2546
R,1,memmove_fwd,picolibc,4096,0,0,1853,1873
R,1,memmove_fwd,picolibc,4096,1,0,9968,10021
R,1,memmove_fwd,picolibc,8192,0,0,3657,3702
R,1,memmove_fwd,picolibc,8192,1,0,19854,20017
R,1,memmove_fwd,picolibc,16384,0,0,7320,7409
R,1,memmove_fwd,picolibc,16384,1,0,39893,40070
R,1,memmove_fwd,llvm-libc,1,0,0,65,82
R,1,memmove_fwd,llvm-libc,1,1,0,76,76
R,1,memmove_fwd,llvm-libc,2,0,0,71,80
R,1,memmove_fwd,llvm-libc,2,1,0,71,87
R,1,memmove_fwd,llvm-libc,3,0,0,68,84
R,1,memmove_fwd,llvm-libc,3,1,0,71,71
R,1,memmove_fwd,llvm-libc,4,0,0,65,72
R,1,memmove_fwd,llvm-libc,4,1,0,65,72
R,1,memmove_fwd,llvm-libc,7,0,0,65,65
R,1,memmove_fwd,llvm-libc,7,1,0,67,80
R,1,memmove_fwd,llvm-libc,8,0,0,70,83
R,1,memmove_fwd,llvm-libc,8,1,0,79,97
R,1,memmove_fwd,llvm-libc,15,0,0,39,39
R,1,memmove_fwd,llvm-libc,15,1,0,39,39
R,1,memmove_fwd,llvm-libc,16,0,0,38,38
R,1,memmove_fwd,llvm-libc,16,1,0,39,39
R,1,memmove_fwd,llvm-libc,17,0,0,44,44
R,1,memmove_fwd,llvm-libc,17,1,0,46,46
R,1,memmove_fwd,llvm-libc,31,0,0,44,44
R,1,memmove_fwd,llvm-libc,31,1,0,46,63
R,1,memmove_fwd,llvm-libc,32,0,0,44,44
R,1,memmove_fwd,llvm-libc,32,1,0,46,46
R,1,memmove_fwd,llvm-libc,33,0,0,50,50
R,1,memmove_fwd,llvm-libc,33,1,0,53,53
R,1,memmove_fwd,llvm-libc,63,0,0,56,56
R,1,memmove_fwd,llvm-libc,63,1,0,60,60
R,1,memmove_fwd,llvm-libc,64,0,0,56,56
R,1,memmove_fwd,llvm-libc,64,1,0,60,67
R,1,memmove_fwd,llvm-libc,65,0,0,62,62
R,1,memmove_fwd,llvm-libc,65,1,0,67,67
R,1,memmove_fwd,llvm-libc,100,0,0,74,87
R,1,memmove_fwd,llvm-libc,100,1,0,81,97
R,1,memmove_fwd,llvm-libc,128,0,0,80,80
R,1,memmove_fwd,llvm-libc,128,1,0,88,104
R,1,memmove_fwd,llvm-libc,255,0,0,128,138
R,1,memmove_fwd,llvm-libc,255,1,0,144,157
R,1,memmove_fwd,llvm-libc,256,0,0,128,138
R,1,memmove_fwd,llvm-libc,256,1,0,144,160
R,1,memmove_fwd,llvm-libc,512,0,0,224,240
R,1,memmove_fwd,llvm-libc,512,1,0,256,288
R,1,memmove_fwd,llvm-libc,1000,0,0,410,440
R,1,memmove_fwd,llvm-libc,1000,1,0,473,523
R,1,memmove_fwd,llvm-libc,1024,0,0,416,445
R,1,memmove_fwd,llvm-libc,1024,1,0,480,529
R,1,memmove_fwd,llvm-libc,4096,0,0,1634,1648
R,1,memmove_fwd,llvm-libc,4096,1,0,1955,1975
R,1,memmove_fwd,llvm-libc,8192,0,0,3184,3274
R,1,memmove_fwd,llvm-libc,8192,1,0,3913,3948
R,1,memmove_fwd,llvm-libc,16384,0,0,6501,6583
R,1,memmove_fwd,llvm-libc,16384,1,0,7848,7897
R,1,memmove_fwd,mve64,1,0,0,51,51
R,1,memmove_fwd,mve64,1,1,0,52,59
R,1,memmove_fwd,mve64,2,0,0,51,58
R,1,memmove_fwd,mve64,2,1,0,52,52
R,1,memmove_fwd,mve64,3,0,0,51,58
R,1,memmove_fwd,mve64,3,1,0,52,59
R,1,memmove_fwd,mve64,4,0,0,51,63
R,1,memmove_fwd,mve64,4,1,0,52,60
R,1,memmove_fwd,mve64,7,0,0,51,51
R,1,memmove_fwd,mve64,7,1,0,52,52
R,1,memmove_fwd,mve64,8,0,0,51,51
R,1,memmove_fwd,mve64,8,1,0,52,68
R,1,memmove_fwd,mve64,15,0,0,51,51
R,1,memmove_fwd,mve64,15,1,0,52,59
R,1,memmove_fwd,mve64,16,0,0,51,51
R,1,memmove_fwd,mve64,16,1,0,52,68
R,1,memmove_fwd,mve64,17,0,0,51,51
R,1,memmove_fwd,mve64,17,1,0,53,60
R,1,memmove_fwd,mve64,31,0,0,51,58
R,1,memmove_fwd,mve64,31,1,0,53,62
R,1,memmove_fwd,mve64,32,0,0,57,57
R,1,memmove_fwd,mve64,32,1,0,59,59
R,1,memmove_fwd,mve64,33,0,0,57,57
R,1,memmove_fwd,mve64,33,1,0,60,75
R,1,memmove_fwd,mve64,63,0,0,63,63
R,1,memmove_fwd,mve64,63,1,0,67,74
R,1,memmove_fwd,mve64,64,0,0,57,67
R,1,memmove_fwd,mve64,64,1,0,63,72
R,1,memmove_fwd,mve64,65,0,0,58,69
R,1,memmove_fwd,mve64,65,1,0,65,78
R,1,memmove_fwd,mve64,100,0,0,71,73
R,1,memmove_fwd,mve64,100,1,0,80,95
R,1,memmove_fwd,mve64,128,0,0,74,74
R,1,memmove_fwd,mve64,128,1,0,90,105
R,1,memmove_fwd,mve64,255,0,0,109,123
R,1,memmove_fwd,mve64,255,1,0,134,147
R,1,memmove_fwd,mve64,256,0,0,106,115
R,1,memmove_fwd,mve64,256,1,0,135,150
R,1,memmove_fwd,mve64,512,0,0,170,179
R,1,memmove_fwd,mve64,512,1,0,224,241
R,1,memmove_fwd,mve64,1000,0,0,296,314
R,1,memmove_fwd,mve64,1000,1,0,397,430
R,1,memmove_fwd,mve64,1024,0,0,298,316
R,1,memmove_fwd,mve64,1024,1,0,404,453
R,1,memmove_fwd,mve64,4096,0,0,1093,1120
R,1,memmove_fwd,mve64,4096,1,0,1588,1625
R,1,memmove_fwd,mve64,8192,0,0,2140,2190
R,1,memmove_fwd,mve64,8192,1,0,3206,3239
R,1,memmove_fwd,mve64,16384,0,0,4318,4416
R,1,memmove_fwd,mve64,16384,1,0,6668,6816
R,1,memmove_bwd,byte,1,0,0,45,45
R,1,memmove_bwd,byte,1,1,0,45,45
R,1,memmove_bwd,byte,2,0,0,54,54
R,1,memmove_bwd,byte,2,1,0,54,54
R,1,memmove_bwd,byte,3,0,0,56,56
R,1,memmove_bwd,byte,3,1,0,56,72
R,1,memmove_bwd,byte,4,0,0,59,73
R,1,memmove_bwd,byte,4,1,0,59,68
R,1,memmove_bwd,byte,7,0,0,71,71
R,1,memmove_bwd,byte,7,1,0,71,87
R,1,memmove_bwd,byte,8,0,0,68,77
R,1,memmove_bwd,byte,8,1,0,68,68
R,1,memmove_bwd,byte,15,0,0,89,89
R,1,memmove_bwd,byte,15,1,0,89,105
R,1,memmove_bwd,byte,16,0,0,86,95
R,1,memmove_bwd,byte,16,1,0,86,102
R,1,memmove_bwd,byte,17,0,0,87,100
R,1,memmove_bwd,byte,17,1,0,87,87
R,1,memmove_bwd,byte,31,0,0,125,134
R,1,memmove_bwd,byte,31,1,0,125,141
R,1,memmove_bwd,byte,32,0,0,122,135
R,1,memmove_bwd,byte,32,1,0,122,138
R,1,memmove_bwd,byte,33,0,0,123,132
R,1,memmove_bwd,byte,33,1,0,123,139
R,1,memmove_bwd,byte,63,0,0,197,206
R,1,memmove_bwd,byte,63,1,0,197,213
R,1,memmove_bwd,byte,64,0,0,194,207
R,1,memmove_bwd,byte,64,1,0,194,211
R,1,memmove_bwd,byte,65,0,0,195,204
R,1,memmove_bwd,byte,65,1,0,195,211
R,1,memmove_bwd,byte,100,0,0,275,301
R,1,memmove_bwd,byte,100,1,0,275,307
R,1,memmove_bwd,byte,128,0,0,338,360
R,1,memmove_bwd,byte,128,1,0,338,370
R,1,memmove_bwd,byte,255,0,0,638,674
R,1,memmove_bwd,byte,255,1,0,629,693
R,1,memmove_bwd,byte,256,0,0,639,675
R,1,memmove_bwd,byte,256,1,0,642,690
R,1,memmove_bwd,byte,512,0,0,1246,1273
R,1,memmove_bwd,byte,512,1,0,1267,1298
R,1,memmove_bwd,byte,1000,0,0,2339,2454
R,1,memmove_bwd,byte,1000,1,0,2492,2492
R,1,memmove_bwd,byte,1024,0,0,2437,2509
R,1,memmove_bwd,byte,1024,1,0,2514,2546
R,1,memmove_bwd,byte,4096,0,0,9811,9899
R,1,memmove_bwd,byte,4096,1,0,9954,10034
R,1,memmove_bwd,byte,8192,0,0,19645,19747
R,1,memmove_bwd,byte,8192,1,0,19874,20034
R,1,memmove_bwd,byte,16384,0,0,39668,39835
R,1,memmove_bwd,byte,16384,1,0,39953,40098
R,1,memmove_bwd,picolibc,1,0,0,32,32
R,1,memmove_bwd,picolibc,1,1,0,32,32
R,1,memmove_bwd,picolibc,2,0,0,41,41
R,1,memmove_bwd,picolibc,2,1,0,41,41
R,1,memmove_bwd,picolibc,3,0,0,48,48
R,1,memmove_bwd,picolibc,3,1,0,48,64
R,1,memmove_bwd,picolibc,4,0,0,66,66
R,1,memmove_bwd,picolibc,4,1,0,47,47
R,1,memmove_bwd,picolibc,7,0,0,86,102
R,1,memmove_bwd,picolibc,7,1,0,63,79
R,1,memmove_bwd,picolibc,8,0,0,72,72
R,1,memmove_bwd,picolibc,8,1,0,57,69
R,1,memmove_bwd,picolibc,15,0,0,95,112
R,1,memmove_bwd,picolibc,15,1,0,100,116
R,1,memmove_bwd,picolibc,16,0,0,67,79
R,1,memmove_bwd,picolibc,16,1,0,86,93
R,1,memmove_bwd,picolibc,17,0,0,94,103
R,1,memmove_bwd,picolibc,17,1,0,94,94
R,1,memmove_bwd,picolibc,31,0,0,131,147
R,1,memmove_bwd,picolibc,31,1,0,105,121
R,1,memmove_bwd,picolibc,32,0,0,77,77
R,1,memmove_bwd,picolibc,32,1,0,122,138
R,1,memmove_bwd,picolibc,33,0,0,130,142
R,1,memmove_bwd,picolibc,33,1,0,130,146
R,1,memmove_bwd,picolibc,63,0,0,203,233
R,1,memmove_bwd,picolibc,63,1,0,125,137
R,1,memmove_bwd,picolibc,64,0,0,97,110
R,1,memmove_bwd,picolibc,64,1,0,194,210
R,1,memmove_bwd,picolibc,65,0,0,202,215
R,1,memmove_bwd,picolibc,65,1,0,202,218
R,1,memmove_bwd,picolibc,100,0,0,132,144
R,1,memmove_bwd,picolibc,100,1,0,275,307
R,1,memmove_bwd,picolibc,128,0,0,137,149
R,1,memmove_bwd,picolibc,128,1,0,338,377
R,1,memmove_bwd,picolibc,255,0,0,635,685
R,1,memmove_bwd,picolibc,255,1,0,245,273
R,1,memmove_bwd,picolibc,256,0,0,217,238
R,1,memmove_bwd,picolibc,256,1,0,626,690
R,1,memmove_bwd,picolibc,512,0,0,377,397
R,1,memmove_bwd,picolibc,512,1,0,1266,1298
R,1,memmove_bwd,picolibc,1000,0,0,699,730
R,1,memmove_bwd,picolibc,1000,1,0,2412,2492
R,1,memmove_bwd,picolibc,1024,0,0,709,735
R,1,memmove_bwd,picolibc,1024,1,0,2546,2546
R,1,memmove_bwd,picolibc,4096,0,0,2709,2746
R,1,memmove_bwd,picolibc,4096,1,0,9954,10034
R,1,memmove_bwd,picolibc,8192,0,0,5395,5426
R,1,memmove_bwd,picolibc,8192,1,0,19936,20033
R,1,memmove_bwd,picolibc,16384,0,0,10794,10863
R,1,memmove_bwd,picolibc,16384,1,0,39994,40128
R,1,memmove_bwd,llvm-libc,1,0,0,65,65
R,1,memmove_bwd,llvm-libc,1,1,0,76,92
R,1,memmove_bwd,llvm-libc,2,0,0,71,88
R,1,memmove_bwd,llvm-libc,2,1,0,71,87
R,1,memmove_bwd,llvm-libc,3,0,0,68,85
R,1,memmove_bwd,llvm-libc,3,1,0,71,87
R,1,memmove_bwd,llvm-libc,4,0,0,65,78
R,1,memmove_bwd,llvm-libc,4,1,0,65,82
R,1,memmove_bwd,llvm-libc,7,0,0,65,65
R,1,memmove_bwd,llvm-libc,7,1,0,67,76
R,1,memmove_bwd,llvm-libc,8,0,0,70,70
R,1,memmove_bwd,llvm-libc,8,1,0,79,96
R,1,memmove_bwd,llvm-libc,15,0,0,107,124
R,1,memmove_bwd,llvm-libc,15,1,0,107,124
R,1,memmove_bwd,llvm-libc,16,0,0,112,125
R,1,memmove_bwd,llvm-libc,16,1,0,112,129
R,1,memmove_bwd,llvm-libc,17,0,0,117,133
R,1,memmove_bwd,llvm-libc,17,1,0,117,135
R,1,memmove_bwd,llvm-libc,31,0,0,187,205
R,1,memmove_bwd,llvm-libc,31,1,0,187,204
R,1,memmove_bwd,llvm-libc,32,0,0,192,209
R,1,memmove_bwd,llvm-libc,32,1,0,192,210
R,1,memmove_bwd,llvm-libc,33,0,0,197,220
R,1,memmove_bwd,llvm-libc,33,1,0,197,227
R,1,memmove_bwd,llvm-libc,63,0,0,347,381
R,1,memmove_bwd,llvm-libc,63,1,0,347,394
R,1,memmove_bwd,llvm-libc,64,0,0,352,392
R,1,memmove_bwd,llvm-libc,64,1,0,352,387
R,1,memmove_bwd,llvm-libc,65,0,0,357,399
R,1,memmove_bwd,llvm-libc,65,1,0,357,391
R,1,memmove_bwd,llvm-libc,100,0,0,532,590
R,1,memmove_bwd,llvm-libc,100,1,0,548,595
R,1,memmove_bwd,llvm-libc,128,0,0,688,748
R,1,memmove_bwd,llvm-libc,128,1,0,685,742
R,1,memmove_bwd,llvm-libc,255,0,0,1387,1406
R,1,memmove_bwd,llvm-libc,255,1,0,1383,1421
R,1,memmove_bwd,llvm-libc,256,0,0,1369,1427
R,1,memmove_bwd,llvm-libc,256,1,0,1312,1422
R,1,memmove_bwd,llvm-libc,512,0,0,2688,2821
R,1,memmove_bwd,llvm-libc,512,1,0,2789,2821
R,1,memmove_bwd,llvm-libc,1000,0,0,5343,5472
R,1,memmove_bwd,llvm-libc,1000,1,0,5335,5478
R,1,memmove_bwd,llvm-libc,1024,0,0,5488,5606
R,1,memmove_bwd,llvm-libc,1024,1,0,5551,5609
R,1,memmove_bwd,llvm-libc,4096,0,0,22022,22280
R,1,memmove_bwd,llvm-libc,4096,1,0,22173,22273
R,1,memmove_bwd,llvm-libc,8192,0,0,44370,44532
R,1,memmove_bwd,llvm-libc,8192,1,0,44386,44529
R,1,memmove_bwd,llvm-libc,16384,0,0,88986,89058
R,1,memmove_bwd,llvm-libc,16384,1,0,88896,89012
R,1,memmove_bwd,mve64,1,0,0,53,65
R,1,memmove_bwd,mve64,1,1,0,54,62
R,1,memmove_bwd,mve64,2,0,0,53,66
R,1,memmove_bwd,mve64,2,1,0,54,62
R,1,memmove_bwd,mve64,3,0,0,53,53
R,1,memmove_bwd,mve64,3,1,0,54,54
R,1,memmove_bwd,mve64,4,0,0,53,53
R,1,memmove_bwd,mve64,4,1,0,54,54
R,1,memmove_bwd,mve64,7,0,0,53,60
R,1,memmove_bwd,mve64,7,1,0,54,63
R,1,memmove_bwd,mve64,8,0,0,53,53
R,1,memmove_bwd,mve64,8,1,0,54,69
R,1,memmove_bwd,mve64,15,0,0,53,53
R,1,memmove_bwd,mve64,15,1,0,54,54
R,1,memmove_bwd,mve64,16,0,0,47,47
R,1,memmove_bwd,mve64,16,1,0,48,64
R,1,memmove_bwd,mve64,17,0,0,55,55
R,1,memmove_bwd,mve64,17,1,0,56,63
R,1,memmove_bwd,mve64,31,0,0,55,64
R,1,memmove_bwd,mve64,31,1,0,55,64
R,1,memmove_bwd,mve64,32,0,0,53,53
R,1,memmove_bwd,mve64,32,1,0,55,55
R,1,memmove_bwd,mve64,33,0,0,62,71
R,1,memmove_bwd,mve64,33,1,0,63,63
R,1,memmove_bwd,mve64,63,0,0,69,80
R,1,memmove_bwd,mve64,63,1,0,67,67
R,1,memmove_bwd,mve64,64,0,0,56,65
R,1,memmove_bwd,mve64,64,1,0,61,77
R,1,memmove_bwd,mve64,65,0,0,67,68
R,1,memmove_bwd,mve64,65,1,0,68,84
R,1,memmove_bwd,mve64,100,0,0,71,80
R,1,memmove_bwd,mve64,100,1,0,78,93
R,1,memmove_bwd,mve64,128,0,0,74,81
R,1,memmove_bwd,mve64,128,1,0,87,102
R,1,memmove_bwd,mve64,255,0,0,133,133
R,1,memmove_bwd,mve64,255,1,0,110,125
R,1,memmove_bwd,mve64,256,0,0,108,117
R,1,memmove_bwd,mve64,256,1,0,135,150
R,1,memmove_bwd,mve64,512,0,0,176,190
R,1,memmove_bwd,mve64,512,1,0,234,251
R,1,memmove_bwd,mve64,1000,0,0,307,331
R,1,memmove_bwd,mve64,1000,1,0,432,460
R,1,memmove_bwd,mve64,1024,0,0,312,337
R,1,memmove_bwd,mve64,1024,1,0,433,478
R,1,memmove_bwd,mve64,4096,0,0,1190,1205
R,1,memmove_bwd,mve64,4096,1,0,1680,1760
R,1,memmove_bwd,mve64,8192,0,0,2375,2444
R,1,memmove_bwd,mve64,8192,1,0,3443,3497
R,1,memmove_bwd,mve64,16384,0,0,4743,4815
R,1,memmove_bwd,mve64,16384,1,0,6858,7095
R,1,memset,byte,1,0,0,26,26
R,1,memset,byte,1,1,0,26,26
R,1,memset,byte,2,0,0,33,33
R,1,memset,byte,2,1,0,33,33
R,1,memset,byte,3,0,0,36,36
R,1,memset,byte,3,1,0,36,36
R,1,memset,byte,4,0,0,31,31
R,1,memset,byte,4,1,0,31,31
R,1,memset,byte,7,0,0,44,44
R,1,memset,byte,7,1,0,44,44
R,1,memset,byte,8,0,0,37,37
R,1,memset,byte,8,1,0,37,37
R,1,memset,byte,15,0,0,55,55
R,1,memset,byte,15,1,0,55,55
R,1,memset,byte,16,0,0,49,49
R,1,memset,byte,16,1,0,49,49
R,1,memset,byte,17,0,0,51,51
R,1,memset,byte,17,1,0,51,51
R,1,memset,byte,31,0,0,79,95
R,1,memset,byte,31,1,0,79,88
R,1,memset,byte,32,0,0,73,73
R,1,memset,byte,32,1,0,73,73
R,1,memset,byte,33,0,0,75,91
R,1,memset,byte,33,1,0,75,75
R,1,memset,byte,63,0,0,127,143
R,1,memset,byte,63,1,0,127,136
R,1,memset,byte,64,0,0,121,134
R,1,memset,byte,64,1,0,121,137
R,1,memset,byte,65,0,0,123,139
R,1,memset,byte,65,1,0,123,132
R,1,memset,byte,100,0,0,175,184
R,1,memset,byte,100,1,0,175,188
R,1,memset,byte,128,0,0,217,230
R,1,memset,byte,128,1,0,217,234
R,1,memset,byte,255,0,0,431,463
R,1,memset,byte,255,1,0,415,446
R,1,memset,byte,256,0,0,409,440
R,1,memset,byte,256,1,0,409,444
R,1,memset,byte,512,0,0,811,850
R,1,memset,byte,512,1,0,810,862
R,1,memset,byte,1000,0,0,1587,1608
R,1,memset,byte,1000,1,0,1611,1629
R,1,memset,byte,1024,0,0,1636,1652
R,1,memset,byte,1024,1,0,1648,1665
R,1,memset,byte,4096,0,0,6467,6528
R,1,memset,byte,4096,1,0,6531,6601
R,1,memset,byte,8192,0,0,12948,13040
R,1,memset,byte,8192,1,0,13075,13191
R,1,memset,byte,16384,0,0,26000,26101
R,1,memset,byte,16384,1,0,26265,26420
R,1,memset,autovec,1,0,0,23,23
R,1,memset,autovec,1,1,0,23,23
R,1,memset,autovec,2,0,0,23,23
R,1,memset,autovec,2,1,0,23,23
R,1,memset,autovec,3,0,0,23,32
R,1,memset,autovec,3,1,0,23,23
R,1,memset,autovec,4,0,0,23,23
R,1,memset,autovec,4,1,0,23,23
R,1,memset,autovec,7,0,0,23,23
R,1,memset,autovec,7,1,0,23,23
R,1,memset,autovec,8,0,0,23,23
R,1,memset,autovec,8,1,0,23,23
R,1,memset,autovec,15,0,0,23,23
R,1,memset,autovec,15,1,0,23,23
R,1,memset,autovec,16,0,0,23,23
R,1,memset,autovec,16,1,0,23,23
R,1,memset,autovec,17,0,0,28,28
R,1,memset,autovec,17,1,0,28,28
R,1,memset,autovec,31,0,0,28,28
R,1,memset,autovec,31,1,0,28,28
R,1,memset,autovec,32,0,0,28,28
R,1,memset,autovec,32,1,0,28,28
R,1,memset,autovec,33,0,0,32,32
R,1,memset,autovec,33,1,0,32,32
R,1,memset,autovec,63,0,0,36,36
R,1,memset,autovec,63,1,0,36,36
R,1,memset,autovec,64,0,0,36,36
R,1,memset,autovec,64,1,0,36,36
R,1,memset,autovec,65,0,0,40,40
R,1,memset,autovec,65,1,0,40,40
R,1,memset,autovec,100,0,0,48,48
R,1,memset,autovec,100,1,0,48,64
R,1,memset,autovec,128,0,0,52,61
R,1,memset,autovec,128,1,0,52,52
R,1,memset,autovec,255,0,0,84,94
R,1,memset,autovec,255,1,0,84,97
R,1,memset,autovec,256,0,0,84,94
R,1,memset,autovec,256,1,0,84,100
R,1,memset,autovec,512,0,0,148,158
R,1,memset,autovec,512,1,0,148,164
R,1,memset,autovec,1000,0,0,272,293
R,1,memset,autovec,1000,1,0,272,304
R,1,memset,autovec,1024,0,0,276,297
R,1,memset,autovec,1024,1,0,276,308
R,1,memset,autovec,4096,0,0,1044,1103
R,1,memset,autovec,4096,1,0,1092,1140
R,1,memset,autovec,8192,0,0,2162,2184
R,1,memset,autovec,8192,1,0,2228,2244
R,1,memset,autovec,16384,0,0,4354,4420
R,1,memset,autovec,16384,1,0,4469,4532
R,1,memset,picolibc,1,0,0,38,38
R,1,memset,picolibc,1,1,0,37,37
R,1,memset,picolibc,2,0,0,44,44
R,1,memset,picolibc,2,1,0,45,45
R,1,memset,picolibc,3,0,0,51,67
R,1,memset,picolibc,3,1,0,54,54
R,1,memset,picolibc,4,0,0,50,50
R,1,memset,picolibc,4,1,0,51,51
R,1,memset,picolibc,7,0,0,61,61
R,1,memset,picolibc,7,1,0,63,63
R,1,memset,picolibc,8,0,0,58,58
R,1,memset,picolibc,8,1,0,59,59
R,1,memset,picolibc,15,0,0,76,76
R,1,memset,picolibc,15,1,0,78,94
R,1,memset,picolibc,16,0,0,52,61
R,1,memset,picolibc,16,1,0,74,91
R,1,memset,picolibc,17,0,0,49,49
R,1,memset,picolibc,17,1,0,82,99
R,1,memset,picolibc,31,0,0,77,90
R,1,memset,picolibc,31,1,0,79,79
R,1,memset,picolibc,32,0,0,60,60
R,1,memset,picolibc,32,1,0,75,88
R,1,memset,picolibc,33,0,0,57,66
R,1,memset,picolibc,33,1,0,83,92
R,1,memset,picolibc,63,0,0,92,92
R,1,memset,picolibc,63,1,0,94,107
R,1,memset,picolibc,64,0,0,74,74
R,1,memset,picolibc,64,1,0,90,99
R,1,memset,picolibc,65,0,0,71,80
R,1,memset,picolibc,65,1,0,98,98
R,1,memset,picolibc,100,0,0,87,96
R,1,memset,picolibc,100,1,0,98,111
R,1,memset,picolibc,128,0,0,102,102
R,1,memset,picolibc,128,1,0,118,131
R,1,memset,picolibc,255,0,0,176,185
R,1,memset,picolibc,255,1,0,178,191
R,1,memset,picolibc,256,0,0,158,167
R,1,memset,picolibc,256,1,0,174,187
R,1,memset,picolibc,512,0,0,270,288
R,1,memset,picolibc,512,1,0,286,312
R,1,memset,picolibc,1000,0,0,487,514
R,1,memset,picolibc,1000,1,0,489,528
R,1,memset,picolibc,1024,0,0,494,521
R,1,memset,picolibc,1024,1,0,523,549
R,1,memset,picolibc,4096,0,0,1874,1923
R,1,memset,picolibc,4096,1,0,1963,1975
R,1,memset,picolibc,8192,0,0,3774,3799
R,1,memset,picolibc,8192,1,0,3815,3887
R,1,memset,picolibc,16384,0,0,7526,7569
R,1,memset,picolibc,16384,1,0,7676,7764
R,1,memset,llvm-libc,1,0,0,56,56
R,1,memset,llvm-libc,1,1,0,57,57
R,1,memset,llvm-libc,2,0,0,58,74
R,1,memset,llvm-libc,2,1,0,57,73
R,1,memset,llvm-libc,3,0,0,58,74
R,1,memset,llvm-libc,3,1,0,57,57
R,1,memset,llvm-libc,4,0,0,52,52
R,1,memset,llvm-libc,4,1,0,52,68
R,1,memset,llvm-libc,7,0,0,54,54
R,1,memset,llvm-libc,7,1,0,52,68
R,1,memset,llvm-libc,8,0,0,57,57
R,1,memset,llvm-libc,8,1,0,68,85
R,1,memset,llvm-libc,15,0,0,63,79
R,1,memset,llvm-libc,15,1,0,77,93
R,1,memset,llvm-libc,16,0,0,53,53
R,1,memset,llvm-libc,16,1,0,77,94
R,1,memset,llvm-libc,17,0,0,53,69
R,1,memset,llvm-libc,17,1,0,79,79
R,1,memset,llvm-libc,31,0,0,60,60
R,1,memset,llvm-libc,31,1,0,74,74
R,1,memset,llvm-libc,32,0,0,59,67
R,1,memset,llvm-libc,32,1,0,74,83
R,1,memset,llvm-libc,33,0,0,59,59
R,1,memset,llvm-libc,33,1,0,76,92
R,1,memset,llvm-libc,63,0,0,72,82
R,1,memset,llvm-libc,63,1,0,86,95
R,1,memset,llvm-libc,64,0,0,59,59
R,1,memset,llvm-libc,64,1,0,86,86
R,1,memset,llvm-libc,65,0,0,59,60
R,1,memset,llvm-libc,65,1,0,88,101
R,1,memset,llvm-libc,100,0,0,57,58
R,1,memset,llvm-libc,100,1,0,78,90
R,1,memset,llvm-libc,128,0,0,71,80
R,1,memset,llvm-libc,128,1,0,89,101
R,1,memset,llvm-libc,255,0,0,98,106
R,1,memset,llvm-libc,255,1,0,113,126
R,1,memset,llvm-libc,256,0,0,95,103
R,1,memset,llvm-libc,256,1,0,113,127
R,1,memset,llvm-libc,512,0,0,143,152
R,1,memset,llvm-libc,512,1,0,161,175
R,1,memset,llvm-libc,1000,0,0,230,248
R,1,memset,llvm-libc,1000,1,0,242,270
R,1,memset,llvm-libc,1024,0,0,239,248
R,1,memset,llvm-libc,1024,1,0,257,287
R,1,memset,llvm-libc,4096,0,0,824,855
R,1,memset,llvm-libc,4096,1,0,861,906
R,1,memset,llvm-libc,8192,0,0,1637,1655
R,1,memset,llvm-libc,8192,1,0,1632,1717
R,1,memset,llvm-libc,16384,0,0,3273,3336
R,1,memset,llvm-libc,16384,1,0,3377,3567
R,1,memset,mve16,1,0,0,23,23
R,1,memset,mve16,1,1,0,23,23
R,1,memset,mve16,2,0,0,23,32
R,1,memset,mve16,2,1,0,23,23
R,1,memset,mve16,3,0,0,23,23
R,1,memset,mve16,3,1,0,23,23
R,1,memset,mve16,4,0,0,23,23
R,1,memset,mve16,4,1,0,23,23
R,1,memset,mve16,7,0,0,23,23
R,1,memset,mve16,7,1,0,23,23
R,1,memset,mve16,8,0,0,23,36
R,1,memset,mve16,8,1,0,23,23
R,1,memset,mve16,15,0,0,23,23
R,1,memset,mve16,15,1,0,23,23
R,1,memset,mve16,16,0,0,23,23
R,1,memset,mve16,16,1,0,23,23
R,1,memset,mve16,17,0,0,28,28
R,1,memset,mve16,17,1,0,28,28
R,1,memset,mve16,31,0,0,28,28
R,1,memset,mve16,31,1,0,28,28
R,1,memset,mve16,32,0,0,28,28
R,1,memset,mve16,32,1,0,28,28
R,1,memset,mve16,33,0,0,32,32
R,1,memset,mve16,33,1,0,32,32
R,1,memset,mve16,63,0,0,36,36
R,1,memset,mve16,63,1,0,36,36
R,1,memset,mve16,64,0,0,36,36
R,1,memset,mve16,64,1,0,36,36
R,1,memset,mve16,65,0,0,40,40
R,1,memset,mve16,65,1,0,40,56
R,1,memset,mve16,100,0,0,48,48
R,1,memset,mve16,100,1,0,48,48
R,1,memset,mve16,128,0,0,52,52
R,1,memset,mve16,128,1,0,52,52
R,1,memset,mve16,255,0,0,84,94
R,1,memset,mve16,255,1,0,84,97
R,1,memset,mve16,256,0,0,84,94
R,1,memset,mve16,256,1,0,84,100
R,1,memset,mve16,512,0,0,148,158
R,1,memset,mve16,512,1,0,148,164
R,1,memset,mve16,1000,0,0,272,293
R,1,memset,mve16,1000,1,0,272,304
R,1,memset,mve16,1024,0,0,276,297
R,1,memset,mve16,1024,1,0,276,308
R,1,memset,mve16,4096,0,0,1076,1108
R,1,memset,mve16,4096,1,0,1092,1125
R,1,memset,mve16,8192,0,0,2162,2187
R,1,memset,mve16,8192,1,0,2164,2245
R,1,memset,mve16,16384,0,0,4274,4447
R,1,memset,mve16,16384,1,0,4435,4550
R,1,memset,mve64,1,0,0,41,48
R,1,memset,mve64,1,1,0,39,41
R,1,memset,mve64,2,0,0,39,39
R,1,memset,mve64,2,1,0,39,39
R,1,memset,mve64,3,0,0,39,39
R,1,memset,mve64,3,1,0,39,39
R,1,memset,mve64,4,0,0,39,48
R,1,memset,mve64,4,1,0,39,39
R,1,memset,mve64,7,0,0,39,39
R,1,memset,mve64,7,1,0,39,39
R,1,memset,mve64,8,0,0,39,39
R,1,memset,mve64,8,1,0,39,48
R,1,memset,mve64,15,0,0,39,39
R,1,memset,mve64,15,1,0,39,39
R,1,memset,mve64,16,0,0,55,64
R,1,memset,mve64,16,1,0,55,55
R,1,memset,mve64,17,0,0,57,66
R,1,memset,mve64,17,1,0,57,68
R,1,memset,mve64,31,0,0,57,57
R,1,memset,mve64,31,1,0,57,57
R,1,memset,mve64,32,0,0,53,62
R,1,memset,mve64,32,1,0,53,53
R,1,memset,mve64,33,0,0,55,55
R,1,memset,mve64,33,1,0,55,55
R,1,memset,mve64,63,0,0,59,59
R,1,memset,mve64,63,1,0,59,59
R,1,memset,mve64,64,0,0,52,52
R,1,memset,mve64,64,1,0,52,68
R,1,memset,mve64,65,0,0,54,70
R,1,memset,mve64,65,1,0,54,64
R,1,memset,mve64,100,0,0,70,83
R,1,memset,mve64,100,1,0,70,70
R,1,memset,mve64,128,0,0,58,58
R,1,memset,mve64,128,1,0,60,61
R,1,memset,mve64,255,0,0,91,100
R,1,memset,mve64,255,1,0,92,92
R,1,memset,mve64,256,0,0,75,75
R,1,memset,mve64,256,1,0,77,93
R,1,memset,mve64,512,0,0,115,124
R,1,memset,mve64,512,1,0,118,133
R,1,memset,mve64,1000,0,0,205,220
R,1,memset,mve64,1000,1,0,210,241
R,1,memset,mve64,1024,0,0,195,207
R,1,memset,mve64,1024,1,0,199,217
R,1,memset,mve64,4096,0,0,687,726
R,1,memset,mve64,4096,1,0,712,774
R,1,memset,mve64,8192,0,0,1374,1404
R,1,memset,mve64,8192,1,0,1432,1474
R,1,memset,mve64,16384,0,0,2814,3144
R,1,memset,mve64,16384,1,0,2947,3046
R,1,memcmp,byte,1,0,0,23,23
R,1,memcmp,byte,1,1,1,23,23
R,1,memcmp,byte,1,1,3,23,23
R,1,memcmp,byte,2,0,0,27,36
R,1,memcmp,byte,2,1,1,27,27
R,1,memcmp,byte,2,1,3,27,27
R,1,memcmp,byte,3,0,0,31,31
R,1,memcmp,byte,3,1,1,31,31
R,1,memcmp,byte,3,1,3,31,31
R,1,memcmp,byte,4,0,0,35,35
R,1,memcmp,byte,4,1,1,35,35
R,1,memcmp,byte,4,1,3,35,35
R,1,memcmp,byte,7,0,0,53,53
R,1,memcmp,byte,7,1,1,53,53
R,1,memcmp,byte,7,1,3,51,51
R,1,memcmp,byte,8,0,0,57,57
R,1,memcmp,byte,8,1,1,57,57
R,1,memcmp,byte,8,1,3,55,55
R,1,memcmp,byte,15,0,0,97,97
R,1,memcmp,byte,15,1,1,97,97
R,1,memcmp,byte,15,1,3,91,91
R,1,memcmp,byte,16,0,0,101,101
R,1,memcmp,byte,16,1,1,101,112
R,1,memcmp,byte,16,1,3,95,95
R,1,memcmp,byte,17,0,0,111,111
R,1,memcmp,byte,17,1,1,111,119
R,1,memcmp,byte,17,1,3,105,117
R,1,memcmp,byte,31,0,0,185,193
R,1,memcmp,byte,31,1,1,185,197
R,1,memcmp,byte,31,1,3,171,179
R,1,memcmp,byte,32,0,0,189,202
R,1,memcmp,byte,32,1,1,189,201
R,1,memcmp,byte,32,1,3,175,187
R,1,memcmp,byte,33,0,0,199,208
R,1,memcmp,byte,33,1,1,199,211
R,1,memcmp,byte,33,1,3,185,185
R,1,memcmp,byte,63,0,0,361,378
R,1,memcmp,byte,63,1,1,361,388
R,1,memcmp,byte,63,1,3,331,344
R,1,memcmp,byte,64,0,0,365,377
R,1,memcmp,byte,64,1,1,365,382
R,1,memcmp,byte,64,1,3,335,355
R,1,memcmp,byte,65,0,0,375,395
R,1,memcmp,byte,65,1,1,375,388
R,1,memcmp,byte,65,1,3,345,365
R,1,memcmp,byte,100,0,0,571,598
R,1,memcmp,byte,100,1,1,563,592
R,1,memcmp,byte,100,1,3,523,544
R,1,memcmp,byte,128,0,0,717,747
R,1,memcmp,byte,128,1,1,725,749
R,1,memcmp,byte,128,1,3,663,691
R,1,memcmp,byte,255,0,0,1457,1475
R,1,memcmp,byte,255,1,1,1458,1472
R,1,memcmp,byte,255,1,3,1331,1347
R,1,memcmp,byte,256,0,0,1443,1475
R,1,memcmp,byte,256,1,1,1468,1478
R,1,memcmp,byte,256,1,3,1316,1345
R,1,memcmp,byte,512,0,0,2879,2947
R,1,memcmp,byte,512,1,1,2924,2950
R,1,memcmp,byte,512,1,3,2671,2682
R,1,memcmp,byte,1000,0,0,5708,5738
R,1,memcmp,byte,1000,1,1,5692,5740
R,1,memcmp,byte,1000,1,3,5174,5222
R,1,memcmp,byte,1024,0,0,5838,5863
R,1,memcmp,byte,1024,1,1,5839,5878
R,1,memcmp,byte,1024,1,3,5295,5348
R,1,memcmp,byte,4096,0,0,23389,23446
R,1,memcmp,byte,4096,1,1,23376,23421
R,1,memcmp,byte,4096,1,3,21266,21322
R,1,memcmp,byte,8192,0,0,48099,48136
R,1,memcmp,byte,8192,1,1,47315,47419
R,1,memcmp,byte,8192,1,3,43223,43259
R,1,memcmp,byte,16384,0,0,99401,99586
R,1,memcmp,byte,16384,1,1,99365,99496
R,1,memcmp,byte,16384,1,3,90320,90548
R,1,memcmp,picolibc,1,0,0,42,49
R,1,memcmp,picolibc,1,1,1,42,42
R,1,memcmp,picolibc,1,1,3,42,42
R,1,memcmp,picolibc,2,0,0,47,47
R,1,memcmp,picolibc,2,1,1,47,47
R,1,memcmp,picolibc,2,1,3,47,47
R,1,memcmp,picolibc,3,0,0,51,51
R,1,memcmp,picolibc,3,1,1,51,51
R,1,memcmp,picolibc,3,1,3,50,50
R,1,memcmp,picolibc,4,0,0,75,87
R,1,memcmp,picolibc,4,1,1,55,55
R,1,memcmp,picolibc,4,1,3,54,54
R,1,memcmp,picolibc,7,0,0,78,88
R,1,memcmp,picolibc,7,1,1,74,74
R,1,memcmp,picolibc,7,1,3,72,80
R,1,memcmp,picolibc,8,0,0,79,92
R,1,memcmp,picolibc,8,1,1,78,78
R,1,memcmp,picolibc,8,1,3,76,76
R,1,memcmp,picolibc,15,0,0,87,87
R,1,memcmp,picolibc,15,1,1,120,120
R,1,memcmp,picolibc,15,1,3,116,125
R,1,memcmp,picolibc,16,0,0,85,98
R,1,memcmp,picolibc,16,1,1,124,137
R,1,memcmp,picolibc,16,1,3,120,133
R,1,memcmp,picolibc,17,0,0,75,75
R,1,memcmp,picolibc,17,1,1,134,134
R,1,memcmp,picolibc,17,1,3,130,139
R,1,memcmp,picolibc,31,0,0,109,121
R,1,memcmp,picolibc,31,1,1,212,225
R,1,memcmp,picolibc,31,1,3,204,213
R,1,memcmp,picolibc,32,0,0,108,108
R,1,memcmp,picolibc,32,1,1,216,229
R,1,memcmp,picolibc,32,1,3,208,221
R,1,memcmp,picolibc,33,0,0,98,111
R,1,memcmp,picolibc,33,1,1,226,239
R,1,memcmp,picolibc,33,1,3,218,231
R,1,memcmp,picolibc,63,0,0,155,167
R,1,memcmp,picolibc,63,1,1,396,426
R,1,memcmp,picolibc,63,1,3,380,401
R,1,memcmp,picolibc,64,0,0,154,163
R,1,memcmp,picolibc,64,1,1,400,422
R,1,memcmp,picolibc,64,1,3,384,402
R,1,memcmp,picolibc,65,0,0,144,156
R,1,memcmp,picolibc,65,1,1,410,437
R,1,memcmp,picolibc,65,1,3,394,423
R,1,memcmp,picolibc,100,0,0,213,213
R,1,memcmp,picolibc,100,1,1,607,644
R,1,memcmp,picolibc,100,1,3,582,617
R,1,memcmp,picolibc,128,0,0,246,268
R,1,memcmp,picolibc,128,1,1,777,814
R,1,memcmp,picolibc,128,1,3,753,772
R,1,memcmp,picolibc,255,0,0,431,456
R,1,memcmp,picolibc,255,1,1,1548,1566
R,1,memcmp,picolibc,255,1,3,1436,1503
R,1,memcmp,picolibc,256,0,0,430,458
R,1,memcmp,picolibc,256,1,1,1559,1572
R,1,memcmp,picolibc,256,1,3,1491,1506
R,1,memcmp,picolibc,512,0,0,806,844
R,1,memcmp,picolibc,512,1,1,3088,3118
R,1,memcmp,picolibc,512,1,3,2953,2982
R,1,memcmp,picolibc,1000,0,0,1553,1568
R,1,memcmp,picolibc,1000,1,1,5988,6038
R,1,memcmp,picolibc,1000,1,3,5731,5785
R,1,memcmp,picolibc,1024,0,0,1594,1596
R,1,memcmp,picolibc,1024,1,1,6132,6174
R,1,memcmp,picolibc,1024,1,3,5885,5918
R,1,memcmp,picolibc,4096,0,0,6166,6203
R,1,memcmp,picolibc,4096,1,1,24544,24604
R,1,memcmp,picolibc,4096,1,3,23468,23547
R,1,memcmp,picolibc,8192,0,0,13061,13151
R,1,memcmp,picolibc,8192,1,1,49736,49790
R,1,memcmp,picolibc,8192,1,3,47908,47940
R,1,memcmp,picolibc,16384,0,0,29398,29762
R,1,memcmp,picolibc,16384,1,1,103941,104077
R,1,memcmp,picolibc,16384,1,3,99124,99327
R,1,memcmp,llvm-libc,1,0,0,25,25
R,1,memcmp,llvm-libc,1,1,1,25,25
R,1,memcmp,llvm-libc,1,1,3,25,25
R,1,memcmp,llvm-libc,2,0,0,35,35
R,1,memcmp,llvm-libc,2,1,1,35,35
R,1,memcmp,llvm-libc,2,1,3,34,34
R,1,memcmp,llvm-libc,3,0,0,45,45
R,1,memcmp,llvm-libc,3,1,1,45,45
R,1,memcmp,llvm-libc,3,1,3,43,43
R,1,memcmp,llvm-libc,4,0,0,55,55
R,1,memcmp,llvm-libc,4,1,1,55,64
R,1,memcmp,llvm-libc,4,1,3,53,53
R,1,memcmp,llvm-libc,7,0,0,85,85
R,1,memcmp,llvm-libc,7,1,1,85,85
R,1,memcmp,llvm-libc,7,1,3,81,93
R,1,memcmp,llvm-libc,8,0,0,95,95
R,1,memcmp,llvm-libc,8,1,1,95,95
R,1,memcmp,llvm-libc,8,1,3,91,100
R,1,memcmp,llvm-libc,15,0,0,165,174
R,1,memcmp,llvm-libc,15,1,1,165,177
R,1,memcmp,llvm-libc,15,1,3,157,169
R,1,memcmp,llvm-libc,16,0,0,175,183
R,1,memcmp,llvm-libc,16,1,1,175,187
R,1,memcmp,llvm-libc,16,1,3,167,179
R,1,memcmp,llvm-libc,17,0,0,185,197
R,1,memcmp,llvm-libc,17,1,1,185,197
R,1,memcmp,llvm-libc,17,1,3,177,189
R,1,memcmp,llvm-libc,31,0,0,325,333
R,1,memcmp,llvm-libc,31,1,1,325,341
R,1,memcmp,llvm-libc,31,1,3,309,321
R,1,memcmp,llvm-libc,32,0,0,335,355
R,1,memcmp,llvm-libc,32,1,1,335,351
R,1,memcmp,llvm-libc,32,1,3,319,332
R,1,memcmp,llvm-libc,33,0,0,345,365
R,1,memcmp,llvm-libc,33,1,1,345,366
R,1,memcmp,llvm-libc,33,1,3,329,346
R,1,memcmp,llvm-libc,63,0,0,645,681
R,1,memcmp,llvm-libc,63,1,1,653,681
R,1,memcmp,llvm-libc,63,1,3,625,646
R,1,memcmp,llvm-libc,64,0,0,663,691
R,1,memcmp,llvm-libc,64,1,1,663,683
R,1,memcmp,llvm-libc,64,1,3,623,651
R,1,memcmp,llvm-libc,65,0,0,665,701
R,1,memcmp,llvm-libc,65,1,1,673,697
R,1,memcmp,llvm-libc,65,1,3,641,669
R,1,memcmp,llvm-libc,100,0,0,1039,1060
R,1,memcmp,llvm-libc,100,1,1,1015,1052
R,1,memcmp,llvm-libc,100,1,3,985,1017
R,1,memcmp,llvm-libc,128,0,0,1336,1348
R,1,memcmp,llvm-libc,128,1,1,1295,1340
R,1,memcmp,llvm-libc,128,1,3,1263,1281
R,1,memcmp,llvm-libc,255,0,0,2645,2673
R,1,memcmp,llvm-libc,255,1,1,2661,2673
R,1,memcmp,llvm-libc,255,1,3,2506,2538
R,1,memcmp,llvm-libc,256,0,0,2611,2683
R,1,memcmp,llvm-libc,256,1,1,2671,2684
R,1,memcmp,llvm-libc,256,1,3,2544,2548
R,1,memcmp,llvm-libc,512,0,0,5321,5344
R,1,memcmp,llvm-libc,512,1,1,5288,5347
R,1,memcmp,llvm-libc,512,1,3,5029,5077
R,1,memcmp,llvm-libc,1000,0,0,10368,10429
R,1,memcmp,llvm-libc,1000,1,1,10368,10426
R,1,memcmp,llvm-libc,1000,1,3,9841,9909
R,1,memcmp,llvm-libc,1024,0,0,10639,10676
R,1,memcmp,llvm-libc,1024,1,1,10531,10665
R,1,memcmp,llvm-libc,1024,1,3,10095,10144
R,1,memcmp,llvm-libc,4096,0,0,42591,42624
R,1,memcmp,llvm-libc,4096,1,1,42563,42613
R,1,memcmp,llvm-libc,4096,1,3,40479,40522
R,1,memcmp,llvm-libc,8192,0,0,86132,86197
R,1,memcmp,llvm-libc,8192,1,1,86009,86035
R,1,memcmp,llvm-libc,8192,1,3,81692,81766
R,1,memcmp,llvm-libc,16384,0,0,176412,176518
R,1,memcmp,llvm-libc,16384,1,1,176216,176386
R,1,memcmp,llvm-libc,16384,1,3,167276,167374
R,1,memcmp,word,1,0,0,46,46
R,1,memcmp,word,1,1,1,46,46
R,1,memcmp,word,1,1,3,46,46
R,1,memcmp,word,2,0,0,50,50
R,1,memcmp,word,2,1,1,50,50
R,1,memcmp,word,2,1,3,49,49
R,1,memcmp,word,3,0,0,54,54
R,1,memcmp,word,3,1,1,54,54
R,1,memcmp,word,3,1,3,52,52
R,1,memcmp,word,4,0,0,54,54
R,1,memcmp,word,4,1,1,57,57
R,1,memcmp,word,4,1,3,57,66
R,1,memcmp,word,7,0,0,72,72
R,1,memcmp,word,7,1,1,76,76
R,1,memcmp,word,7,1,3,74,74
R,1,memcmp,word,8,0,0,58,58
R,1,memcmp,word,8,1,1,64,72
R,1,memcmp,word,8,1,3,64,75
R,1,memcmp,word,15,0,0,75,84
R,1,memcmp,word,15,1,1,85,94
R,1,memcmp,word,15,1,3,83,92
R,1,memcmp,word,16,0,0,79,79
R,1,memcmp,word,16,1,1,90,90
R,1,memcmp,word,16,1,3,90,90
R,1,memcmp,word,17,0,0,61,70
R,1,memcmp,word,17,1,1,63,63
R,1,memcmp,word,17,1,3,63,63
R,1,memcmp,word,31,0,0,86,99
R,1,memcmp,word,31,1,1,98,110
R,1,memcmp,word,31,1,3,96,96
R,1,memcmp,word,32,0,0,105,114
R,1,memcmp,word,32,1,1,118,129
R,1,memcmp,word,32,1,3,118,119
R,1,memcmp,word,33,0,0,87,87
R,1,memcmp,word,33,1,1,91,103
R,1,memcmp,word,33,1,3,91,100
R,1,memcmp,word,63,0,0,138,151
R,1,memcmp,word,63,1,1,154,163
R,1,memcmp,word,63,1,3,152,159
R,1,memcmp,word,64,0,0,157,166
R,1,memcmp,word,64,1,1,175,186
R,1,memcmp,word,64,1,3,175,187
R,1,memcmp,word,65,0,0,139,151
R,1,memcmp,word,65,1,1,148,160
R,1,memcmp,word,65,1,3,148,148
R,1,memcmp,word,100,0,0,198,211
R,1,memcmp,word,100,1,1,217,236
R,1,memcmp,word,100,1,3,217,229
R,1,memcmp,word,128,0,0,261,274
R,1,memcmp,word,128,1,1,292,311
R,1,memcmp,word,128,1,3,292,313
R,1,memcmp,word,255,0,0,450,480
R,1,memcmp,word,255,1,1,497,526
R,1,memcmp,word,255,1,3,495,525
R,1,memcmp,word,256,0,0,469,495
R,1,memcmp,word,256,1,1,518,547
R,1,memcmp,word,256,1,3,526,548
R,1,memcmp,word,512,0,0,903,937
R,1,memcmp,word,512,1,1,992,1021
R,1,memcmp,word,512,1,3,1002,1022
R,1,memcmp,word,1000,0,0,1657,1731
R,1,memcmp,word,1000,1,1,1857,1926
R,1,memcmp,word,1000,1,3,1857,1927
R,1,memcmp,word,1024,0,0,1737,1793
R,1,memcmp,word,1024,1,1,1964,1993
R,1,memcmp,word,1024,1,3,1970,1998
R,1,memcmp,word,4096,0,0,6978,7018
R,1,memcmp,word,4096,1,1,7813,7850
R,1,memcmp,word,4096,1,3,7768,7815
R,1,memcmp,word,8192,0,0,14815,14897
R,1,memcmp,word,8192,1,1,16118,16190
R,1,memcmp,word,8192,1,3,16017,16155
R,1,memcmp,word,16384,0,0,32302,32542
R,1,memcmp,word,16384,1,1,35343,35579
R,1,memcmp,word,16384,1,3,35226,35535
R,1,memcmp,mve16,1,0,0,41,41
R,1,memcmp,mve16,1,1,1,43,43
R,1,memcmp,mve16,1,1,3,43,43
R,1,memcmp,mve16,2,0,0,41,41
R,1,memcmp,mve16,2,1,1,43,43
R,1,memcmp,mve16,2,1,3,42,42
R,1,memcmp,mve16,3,0,0,41,41
R,1,memcmp,mve16,3,1,1,43,43
R,1,memcmp,mve16,3,1,3,42,42
R,1,memcmp,mve16,4,0,0,41,41
R,1,memcmp,mve16,4,1,1,43,51
R,1,memcmp,mve16,4,1,3,43,43
R,1,memcmp,mve16,7,0,0,41,41
R,1,memcmp,mve16,7,1,1,43,43
R,1,memcmp,mve16,7,1,3,42,42
R,1,memcmp,mve16,8,0,0,41,41
R,1,memcmp,mve16,8,1,1,43,43
R,1,memcmp,mve16,8,1,3,43,43
R,1,memcmp,mve16,15,0,0,41,41
R,1,memcmp,mve16,15,1,1,43,43
R,1,memcmp,mve16,15,1,3,42,42
R,1,memcmp,mve16,16,0,0,36,36
R,1,memcmp,mve16,16,1,1,38,38
R,1,memcmp,mve16,16,1,3,38,38
R,1,memcmp,mve16,17,0,0,45,45
R,1,memcmp,mve16,17,1,1,49,49
R,1,memcmp,mve16,17,1,3,49,49
R,1,memcmp,mve16,31,0,0,45,45
R,1,memcmp,mve16,31,1,1,49,49
R,1,memcmp,mve16,31,1,3,48,48
R,1,memcmp,mve16,32,0,0,50,50
R,1,memcmp,mve16,32,1,1,54,54
R,1,memcmp,mve16,32,1,3,54,54
R,1,memcmp,mve16,33,0,0,59,59
R,1,memcmp,mve16,33,1,1,65,65
R,1,memcmp,mve16,33,1,3,65,65
R,1,memcmp,mve16,63,0,0,73,84
R,1,memcmp,mve16,63,1,1,82,91
R,1,memcmp,mve16,63,1,3,81,93
R,1,memcmp,mve16,64,0,0,78,90
R,1,memcmp,mve16,64,1,1,87,87
R,1,memcmp,mve16,64,1,3,87,100
R,1,memcmp,mve16,65,0,0,87,100
R,1,memcmp,mve16,65,1,1,98,109
R,1,memcmp,mve16,65,1,3,98,98
R,1,memcmp,mve16,100,0,0,115,127
R,1,memcmp,mve16,100,1,1,130,141
R,1,memcmp,mve16,100,1,3,130,130
R,1,memcmp,mve16,128,0,0,134,147
R,1,memcmp,mve16,128,1,1,152,165
R,1,memcmp,mve16,128,1,3,152,165
R,1,memcmp,mve16,255,0,0,241,263
R,1,memcmp,mve16,255,1,1,275,296
R,1,memcmp,mve16,255,1,3,274,291
R,1,memcmp,mve16,256,0,0,246,267
R,1,memcmp,mve16,256,1,1,280,302
R,1,memcmp,mve16,256,1,3,280,302
R,1,memcmp,mve16,512,0,0,470,501
R,1,memcmp,mve16,512,1,1,565,588
R,1,memcmp,mve16,512,1,3,563,581
R,1,memcmp,mve16,1000,0,0,921,944
R,1,memcmp,mve16,1000,1,1,1111,1130
R,1,memcmp,mve16,1000,1,3,1108,1135
R,1,memcmp,mve16,1024,0,0,940,967
R,1,memcmp,mve16,1024,1,1,1135,1144
R,1,memcmp,mve16,1024,1,3,1139,1158
R,1,memcmp,mve16,4096,0,0,3730,3788
R,1,memcmp,mve16,4096,1,1,4534,4573
R,1,memcmp,mve16,4096,1,3,4564,4574
R,1,memcmp,mve16,8192,0,0,8178,8296
R,1,memcmp,mve16,8192,1,1,9810,9874
R,1,memcmp,mve16,8192,1,3,9738,9847
R,1,memcmp,mve16,16384,0,0,18698,18964
R,1,memcmp,mve16,16384,1,1,21571,22016
R,1,memcmp,mve16,16384,1,3,21573,22084
R,1,memcmp,mve64,1,0,0,52,52
R,1,memcmp,mve64,1,1,1,54,54
R,1,memcmp,mve64,1,1,3,54,54
R,1,memcmp,mve64,2,0,0,52,61
R,1,memcmp,mve64,2,1,1,54,54
R,1,memcmp,mve64,2,1,3,53,53
R,1,memcmp,mve64,3,0,0,52,52
R,1,memcmp,mve64,3,1,1,54,54
R,1,memcmp,mve64,3,1,3,53,53
R,1,memcmp,mve64,4,0,0,52,52
R,1,memcmp,mve64,4,1,1,54,54
R,1,memcmp,mve64,4,1,3,54,54
R,1,memcmp,mve64,7,0,0,52,52
R,1,memcmp,mve64,7,1,1,54,54
R,1,memcmp,mve64,7,1,3,53,53
R,1,memcmp,mve64,8,0,0,52,52
R,1,memcmp,mve64,8,1,1,54,54
R,1,memcmp,mve64,8,1,3,54,54
R,1,memcmp,mve64,15,0,0,52,52
R,1,memcmp,mve64,15,1,1,54,54
R,1,memcmp,mve64,15,1,3,53,53
R,1,memcmp,mve64,16,0,0,45,45
R,1,memcmp,mve64,16,1,1,47,47
R,1,memcmp,mve64,16,1,3,47,47
R,1,memcmp,mve64,17,0,0,55,55
R,1,memcmp,mve64,17,1,1,59,59
R,1,memcmp,mve64,17,1,3,59,59
R,1,memcmp,mve64,31,0,0,55,55
R,1,memcmp,mve64,31,1,1,59,59
R,1,memcmp,mve64,31,1,3,58,58
R,1,memcmp,mve64,32,0,0,59,59
R,1,memcmp,mve64,32,1,1,63,63
R,1,memcmp,mve64,32,1,3,63,64
R,1,memcmp,mve64,33,0,0,69,81
R,1,memcmp,mve64,33,1,1,75,75
R,1,memcmp,mve64,33,1,3,75,75
R,1,memcmp,mve64,63,0,0,83,83
R,1,memcmp,mve64,63,1,1,91,91
R,1,memcmp,mve64,63,1,3,90,90
R,1,memcmp,mve64,64,0,0,108,108
R,1,memcmp,mve64,64,1,1,124,124
R,1,memcmp,mve64,64,1,3,124,137
R,1,memcmp,mve64,65,0,0,71,71
R,1,memcmp,mve64,65,1,1,81,93
R,1,memcmp,mve64,65,1,3,81,81
R,1,memcmp,mve64,100,0,0,87,87
R,1,memcmp,mve64,100,1,1,102,114
R,1,memcmp,mve64,100,1,3,102,114
R,1,memcmp,mve64,128,0,0,137,150
R,1,memcmp,mve64,128,1,1,162,175
R,1,memcmp,mve64,128,1,3,162,173
R,1,memcmp,mve64,255,0,0,159,171
R,1,memcmp,mve64,255,1,1,193,205
R,1,memcmp,mve64,255,1,3,192,205
R,1,memcmp,mve64,256,0,0,195,212
R,1,memcmp,mve64,256,1,1,237,257
R,1,memcmp,mve64,256,1,3,237,256
R,1,memcmp,mve64,512,0,0,311,333
R,1,memcmp,mve64,512,1,1,405,424
R,1,memcmp,mve64,512,1,3,405,433
R,1,memcmp,mve64,1000,0,0,493,519
R,1,memcmp,mve64,1000,1,1,682,710
R,1,memcmp,mve64,1000,1,3,684,709
R,1,memcmp,mve64,1024,0,0,543,580
R,1,memcmp,mve64,1024,1,1,753,761
R,1,memcmp,mve64,1024,1,3,753,762
R,1,memcmp,mve64,4096,0,0,2021,2035
R,1,memcmp,mve64,4096,1,1,2821,2843
R,1,memcmp,mve64,4096,1,3,2819,2838
R,1,memcmp,mve64,8192,0,0,4581,4776
R,1,memcmp,mve64,8192,1,1,6270,6331
R,1,memcmp,mve64,8192,1,3,6157,6213
R,1,memcmp,mve64,16384,0,0,11990,12190
R,1,memcmp,mve64,16384,1,1,14921,15120
R,1,memcmp,mve64,16384,1,3,14962,15201
R,1,bcmp,byte,1,0,0,23,23
R,1,bcmp,byte,1,1,1,23,23
R,1,bcmp,byte,1,1,3,23,23
R,1,bcmp,byte,2,0,0,27,27
R,1,bcmp,byte,2,1,1,27,27
R,1,bcmp,byte,2,1,3,27,27
R,1,bcmp,byte,3,0,0,31,31
R,1,bcmp,byte,3,1,1,31,31
R,1,bcmp,byte,3,1,3,31,31
R,1,bcmp,byte,4,0,0,35,35
R,1,bcmp,byte,4,1,1,35,35
R,1,bcmp,byte,4,1,3,35,35
R,1,bcmp,byte,7,0,0,53,53
R,1,bcmp,byte,7,1,1,53,53
R,1,bcmp,byte,7,1,3,51,51
R,1,bcmp,byte,8,0,0,57,57
R,1,bcmp,byte,8,1,1,57,57
R,1,bcmp,byte,8,1,3,55,55
R,1,bcmp,byte,15,0,0,97,97
R,1,bcmp,byte,15,1,1,97,97
R,1,bcmp,byte,15,1,3,91,91
R,1,bcmp,byte,16,0,0,101,114
R,1,bcmp,byte,16,1,1,101,113
R,1,bcmp,byte,16,1,3,95,107
R,1,bcmp,byte,17,0,0,111,123
R,1,bcmp,byte,17,1,1,111,111
R,1,bcmp,byte,17,1,3,105,117
R,1,bcmp,byte,31,0,0,185,197
R,1,bcmp,byte,31,1,1,185,197
R,1,bcmp,byte,31,1,3,171,183
R,1,bcmp,byte,32,0,0,189,201
R,1,bcmp,byte,32,1,1,189,201
R,1,bcmp,byte,32,1,3,175,187
R,1,bcmp,byte,33,0,0,199,207
R,1,bcmp,byte,33,1,1,199,199
R,1,bcmp,byte,33,1,3,185,197
R,1,bcmp,byte,63,0,0,361,381
R,1,bcmp,byte,63,1,1,361,382
R,1,bcmp,byte,63,1,3,331,352
R,1,bcmp,byte,64,0,0,365,392
R,1,bcmp,byte,64,1,1,365,378
R,1,bcmp,byte,64,1,3,335,352
R,1,bcmp,byte,65,0,0,375,389
R,1,bcmp,byte,65,1,1,375,393
R,1,bcmp,byte,65,1,3,345,362
R,1,bcmp,byte,100,0,0,563,598
R,1,bcmp,byte,100,1,1,563,595
R,1,bcmp,byte,100,1,3,515,545
R,1,bcmp,byte,128,0,0,717,741
R,1,bcmp,byte,128,1,1,733,750
R,1,bcmp,byte,128,1,3,668,691
R,1,bcmp,byte,255,0,0,1461,1472
R,1,bcmp,byte,255,1,1,1455,1476
R,1,bcmp,byte,255,1,3,1323,1348
R,1,bcmp,byte,256,0,0,1437,1478
R,1,bcmp,byte,256,1,1,1460,1477
R,1,bcmp,byte,256,1,3,1295,1350
R,1,bcmp,byte,512,0,0,2921,2944
R,1,bcmp,byte,512,1,1,2922,2950
R,1,bcmp,byte,512,1,3,2671,2685
R,1,bcmp,byte,1000,0,0,5687,5733
R,1,bcmp,byte,1000,1,1,5701,5742
R,1,bcmp,byte,1000,1,3,5166,5228
R,1,bcmp,byte,1024,0,0,5827,5880
R,1,bcmp,byte,1024,1,1,5831,5870
R,1,bcmp,byte,1024,1,3,5301,5347
R,1,bcmp,byte,4096,0,0,23400,23449
R,1,bcmp,byte,4096,1,1,23383,23429
R,1,bcmp,byte,4096,1,3,21297,21341
R,1,bcmp,byte,8192,0,0,47766,47821
R,1,bcmp,byte,8192,1,1,47533,47575
R,1,bcmp,byte,8192,1,3,43334,43391
R,1,bcmp,byte,16384,0,0,99350,99585
R,1,bcmp,byte,16384,1,1,99188,99404
R,1,bcmp,byte,16384,1,3,90651,90725
R,1,bcmp,picolibc,1,0,0,47,47
R,1,bcmp,picolibc,1,1,1,47,47
R,1,bcmp,picolibc,1,1,3,47,47
R,1,bcmp,picolibc,2,0,0,52,52
R,1,bcmp,picolibc,2,1,1,52,52
R,1,bcmp,picolibc,2,1,3,52,52
R,1,bcmp,picolibc,3,0,0,56,56
R,1,bcmp,picolibc,3,1,1,56,64
R,1,bcmp,picolibc,3,1,3,55,55
R,1,bcmp,picolibc,4,0,0,80,92
R,1,bcmp,picolibc,4,1,1,60,60
R,1,bcmp,picolibc,4,1,3,59,59
R,1,bcmp,picolibc,7,0,0,83,94
R,1,bcmp,picolibc,7,1,1,79,79
R,1,bcmp,picolibc,7,1,3,77,77
R,1,bcmp,picolibc,8,0,0,84,84
R,1,bcmp,picolibc,8,1,1,83,83
R,1,bcmp,picolibc,8,1,3,81,81
R,1,bcmp,picolibc,15,0,0,91,100
R,1,bcmp,picolibc,15,1,1,125,125
R,1,bcmp,picolibc,15,1,3,121,133
R,1,bcmp,picolibc,16,0,0,90,102
R,1,bcmp,picolibc,16,1,1,129,141
R,1,bcmp,picolibc,16,1,3,125,125
R,1,bcmp,picolibc,17,0,0,80,80
R,1,bcmp,picolibc,17,1,1,139,148
R,1,bcmp,picolibc,17,1,3,135,146
R,1,bcmp,picolibc,31,0,0,114,125
R,1,bcmp,picolibc,31,1,1,217,230
R,1,bcmp,picolibc,31,1,3,209,221
R,1,bcmp,picolibc,32,0,0,113,113
R,1,bcmp,picolibc,32,1,1,221,234
R,1,bcmp,picolibc,32,1,3,213,225
R,1,bcmp,picolibc,33,0,0,103,115
R,1,bcmp,picolibc,33,1,1,231,247
R,1,bcmp,picolibc,33,1,3,223,236
R,1,bcmp,picolibc,63,0,0,160,160
R,1,bcmp,picolibc,63,1,1,401,419
R,1,bcmp,picolibc,63,1,3,385,399
R,1,bcmp,picolibc,64,0,0,159,171
R,1,bcmp,picolibc,64,1,1,405,436
R,1,bcmp,picolibc,64,1,3,389,411
R,1,bcmp,picolibc,65,0,0,149,149
R,1,bcmp,picolibc,65,1,1,415,437
R,1,bcmp,picolibc,65,1,3,399,417
R,1,bcmp,picolibc,100,0,0,218,231
R,1,bcmp,picolibc,100,1,1,612,646
R,1,bcmp,picolibc,100,1,3,587,622
R,1,bcmp,picolibc,128,0,0,251,263
R,1,bcmp,picolibc,128,1,1,782,820
R,1,bcmp,picolibc,128,1,3,750,785
R,1,bcmp,picolibc,255,0,0,436,463
R,1,bcmp,picolibc,255,1,1,1505,1578
R,1,bcmp,picolibc,255,1,3,1492,1507
R,1,bcmp,picolibc,256,0,0,435,464
R,1,bcmp,picolibc,256,1,1,1559,1576
R,1,bcmp,picolibc,256,1,3,1501,1507
R,1,bcmp,picolibc,512,0,0,810,847
R,1,bcmp,picolibc,512,1,1,3047,3116
R,1,bcmp,picolibc,512,1,3,2920,2984
R,1,bcmp,picolibc,1000,0,0,1552,1574
R,1,bcmp,picolibc,1000,1,1,5964,6039
R,1,bcmp,picolibc,1000,1,3,5737,5782
R,1,bcmp,picolibc,1024,0,0,1587,1600
R,1,bcmp,picolibc,1024,1,1,6129,6188
R,1,bcmp,picolibc,1024,1,3,5872,5928
R,1,bcmp,picolibc,4096,0,0,6160,6211
R,1,bcmp,picolibc,4096,1,1,24561,24620
R,1,bcmp,picolibc,4096,1,3,23502,23555
R,1,bcmp,picolibc,8192,0,0,13002,13132
R,1,bcmp,picolibc,8192,1,1,49862,49914
R,1,bcmp,picolibc,8192,1,3,47610,47644
R,1,bcmp,picolibc,16384,0,0,29224,29715
R,1,bcmp,picolibc,16384,1,1,104095,104174
R,1,bcmp,picolibc,16384,1,3,99170,99286
R,1,bcmp,llvm-libc,1,0,0,24,24
R,1,bcmp,llvm-libc,1,1,1,24,24
R,1,bcmp,llvm-libc,1,1,3,24,24
R,1,bcmp,llvm-libc,2,0,0,34,34
R,1,bcmp,llvm-libc,2,1,1,34,34
R,1,bcmp,llvm-libc,2,1,3,33,33
R,1,bcmp,llvm-libc,3,0,0,44,44
R,1,bcmp,llvm-libc,3,1,1,44,44
R,1,bcmp,llvm-libc,3,1,3,42,42
R,1,bcmp,llvm-libc,4,0,0,54,54
R,1,bcmp,llvm-libc,4,1,1,54,62
R,1,bcmp,llvm-libc,4,1,3,52,52
R,1,bcmp,llvm-libc,7,0,0,84,84
R,1,bcmp,llvm-libc,7,1,1,84,84
R,1,bcmp,llvm-libc,7,1,3,80,80
R,1,bcmp,llvm-libc,8,0,0,94,94
R,1,bcmp,llvm-libc,8,1,1,94,94
R,1,bcmp,llvm-libc,8,1,3,90,102
R,1,bcmp,llvm-libc,15,0,0,164,176
R,1,bcmp,llvm-libc,15,1,1,164,164
R,1,bcmp,llvm-libc,15,1,3,156,168
R,1,bcmp,llvm-libc,16,0,0,174,186
R,1,bcmp,llvm-libc,16,1,1,174,186
R,1,bcmp,llvm-libc,16,1,3,166,178
R,1,bcmp,llvm-libc,17,0,0,184,192
R,1,bcmp,llvm-libc,17,1,1,184,196
R,1,bcmp,llvm-libc,17,1,3,176,176
R,1,bcmp,llvm-libc,31,0,0,324,336
R,1,bcmp,llvm-libc,31,1,1,324,340
R,1,bcmp,llvm-libc,31,1,3,308,328
R,1,bcmp,llvm-libc,32,0,0,334,354
R,1,bcmp,llvm-libc,32,1,1,334,350
R,1,bcmp,llvm-libc,32,1,3,318,330
R,1,bcmp,llvm-libc,33,0,0,344,360
R,1,bcmp,llvm-libc,33,1,1,344,360
R,1,bcmp,llvm-libc,33,1,3,328,345
R,1,bcmp,llvm-libc,63,0,0,644,680
R,1,bcmp,llvm-libc,63,1,1,652,680
R,1,bcmp,llvm-libc,63,1,3,612,632
R,1,bcmp,llvm-libc,64,0,0,662,690
R,1,bcmp,llvm-libc,64,1,1,662,690
R,1,bcmp,llvm-libc,64,1,3,630,647
R,1,bcmp,llvm-libc,65,0,0,672,696
R,1,bcmp,llvm-libc,65,1,1,672,696
R,1,bcmp,llvm-libc,65,1,3,632,660
R,1,bcmp,llvm-libc,100,0,0,1038,1058
R,1,bcmp,llvm-libc,100,1,1,1038,1059
R,1,bcmp,llvm-libc,100,1,3,988,1012
R,1,bcmp,llvm-libc,128,0,0,1294,1339
R,1,bcmp,llvm-libc,128,1,1,1334,1342
R,1,bcmp,llvm-libc,128,1,3,1267,1282
R,1,bcmp,llvm-libc,255,0,0,2660,2672
R,1,bcmp,llvm-libc,255,1,1,2605,2673
R,1,bcmp,llvm-libc,255,1,3,2532,2539
R,1,bcmp,llvm-libc,256,0,0,2670,2683
R,1,bcmp,llvm-libc,256,1,1,2624,2682
R,1,bcmp,llvm-libc,256,1,3,2543,2548
R,1,bcmp,llvm-libc,512,0,0,5286,5347
R,1,bcmp,llvm-libc,512,1,1,5308,5346
R,1,bcmp,llvm-libc,512,1,3,5032,5084
R,1,bcmp,llvm-libc,1000,0,0,10383,10426
R,1,bcmp,llvm-libc,1000,1,1,10372,10425
R,1,bcmp,llvm-libc,1000,1,3,9851,9907
R,1,bcmp,llvm-libc,1024,0,0,10624,10672
R,1,bcmp,llvm-libc,1024,1,1,10623,10672
R,1,bcmp,llvm-libc,1024,1,3,10072,10147
R,1,bcmp,llvm-libc,4096,0,0,42515,42641
R,1,bcmp,llvm-libc,4096,1,1,42568,42628
R,1,bcmp,llvm-libc,4096,1,3,40468,40489
R,1,bcmp,llvm-libc,8192,0,0,86167,86207
R,1,bcmp,llvm-libc,8192,1,1,85824,85843
R,1,bcmp,llvm-libc,8192,1,3,81585,81620
R,1,bcmp,llvm-libc,16384,0,0,176453,176495
R,1,bcmp,llvm-libc,16384,1,1,176155,176212
R,1,bcmp,llvm-libc,16384,1,3,167105,167258
R,1,bcmp,word,1,0,0,43,43
R,1,bcmp,word,1,1,1,43,43
R,1,bcmp,word,1,1,3,43,43
R,1,bcmp,word,2,0,0,47,47
R,1,bcmp,word,2,1,1,47,56
R,1,bcmp,word,2,1,3,47,47
R,1,bcmp,word,3,0,0,51,51
R,1,bcmp,word,3,1,1,51,51
R,1,bcmp,word,3,1,3,51,51
R,1,bcmp,word,4,0,0,39,39
R,1,bcmp,word,4,1,1,42,42
R,1,bcmp,word,4,1,3,42,42
R,1,bcmp,word,7,0,0,71,79
R,1,bcmp,word,7,1,1,75,75
R,1,bcmp,word,7,1,3,73,73
R,1,bcmp,word,8,0,0,43,43
R,1,bcmp,word,8,1,1,49,49
R,1,bcmp,word,8,1,3,49,49
R,1,bcmp,word,15,0,0,73,73
R,1,bcmp,word,15,1,1,83,83
R,1,bcmp,word,15,1,3,81,81
R,1,bcmp,word,16,0,0,46,46
R,1,bcmp,word,16,1,1,48,48
R,1,bcmp,word,16,1,3,48,57
R,1,bcmp,word,17,0,0,58,58
R,1,bcmp,word,17,1,1,60,60
R,1,bcmp,word,17,1,3,60,60
R,1,bcmp,word,31,0,0,86,86
R,1,bcmp,word,31,1,1,98,110
R,1,bcmp,word,31,1,3,96,108
R,1,bcmp,word,32,0,0,72,72
R,1,bcmp,word,32,1,1,76,88
R,1,bcmp,word,32,1,3,76,76
R,1,bcmp,word,33,0,0,84,84
R,1,bcmp,word,33,1,1,88,88
R,1,bcmp,word,33,1,3,88,100
R,1,bcmp,word,63,0,0,138,138
R,1,bcmp,word,63,1,1,154,154
R,1,bcmp,word,63,1,3,152,152
R,1,bcmp,word,64,0,0,124,124
R,1,bcmp,word,64,1,1,132,141
R,1,bcmp,word,64,1,3,132,132
R,1,bcmp,word,65,0,0,136,145
R,1,bcmp,word,65,1,1,144,153
R,1,bcmp,word,65,1,3,144,144
R,1,bcmp,word,100,0,0,183,196
R,1,bcmp,word,100,1,1,198,211
R,1,bcmp,word,100,1,3,198,211
R,1,bcmp,word,128,0,0,228,241
R,1,bcmp,word,128,1,1,244,263
R,1,bcmp,word,128,1,3,244,265
R,1,bcmp,word,255,0,0,450,477
R,1,bcmp,word,255,1,1,490,520
R,1,bcmp,word,255,1,3,497,518
R,1,bcmp,word,256,0,0,436,465
R,1,bcmp,word,256,1,1,468,498
R,1,bcmp,word,256,1,3,468,497
R,1,bcmp,word,512,0,0,873,901
R,1,bcmp,word,512,1,1,959,985
R,1,bcmp,word,512,1,3,951,987
R,1,bcmp,word,1000,0,0,1663,1714
R,1,bcmp,word,1000,1,1,1871,1905
R,1,bcmp,word,1000,1,3,1846,1905
R,1,bcmp,word,1024,0,0,1750,1758
R,1,bcmp,word,1024,1,1,1932,1948
R,1,bcmp,word,1024,1,3,1941,1949
R,1,bcmp,word,4096,0,0,6905,6971
R,1,bcmp,word,4096,1,1,7736,7785
R,1,bcmp,word,4096,1,3,7740,7784
R,1,bcmp,word,8192,0,0,14778,14892
R,1,bcmp,word,8192,1,1,16227,16343
R,1,bcmp,word,8192,1,3,16385,16427
R,1,bcmp,word,16384,0,0,32059,32347
R,1,bcmp,word,16384,1,1,35110,35447
R,1,bcmp,word,16384,1,3,35201,35457
R,1,bcmp,mve16,1,0,0,29,29
R,1,bcmp,mve16,1,1,1,31,31
R,1,bcmp,mve16,1,1,3,31,31
R,1,bcmp,mve16,2,0,0,29,29
R,1,bcmp,mve16,2,1,1,31,31
R,1,bcmp,mve16,2,1,3,31,31
R,1,bcmp,mve16,3,0,0,29,29
R,1,bcmp,mve16,3,1,1,31,31
R,1,bcmp,mve16,3,1,3,31,31
R,1,bcmp,mve16,4,0,0,29,29
R,1,bcmp,mve16,4,1,1,31,31
R,1,bcmp,mve16,4,1,3,31,31
R,1,bcmp,mve16,7,0,0,29,29
R,1,bcmp,mve16,7,1,1,31,31
R,1,bcmp,mve16,7,1,3,31,31
R,1,bcmp,mve16,8,0,0,29,29
R,1,bcmp,mve16,8,1,1,31,31
R,1,bcmp,mve16,8,1,3,31,31
R,1,bcmp,mve16,15,0,0,29,29
R,1,bcmp,mve16,15,1,1,31,31
R,1,bcmp,mve16,15,1,3,31,31
R,1,bcmp,mve16,16,0,0,28,28
R,1,bcmp,mve16,16,1,1,30,30
R,1,bcmp,mve16,16,1,3,30,30
R,1,bcmp,mve16,17,0,0,33,33
R,1,bcmp,mve16,17,1,1,37,37
R,1,bcmp,mve16,17,1,3,37,37
R,1,bcmp,mve16,31,0,0,33,33
R,1,bcmp,mve16,31,1,1,37,37
R,1,bcmp,mve16,31,1,3,37,37
R,1,bcmp,mve16,32,0,0,42,42
R,1,bcmp,mve16,32,1,1,46,46
R,1,bcmp,mve16,32,1,3,46,55
R,1,bcmp,mve16,33,0,0,47,47
R,1,bcmp,mve16,33,1,1,53,61
R,1,bcmp,mve16,33,1,3,53,53
R,1,bcmp,mve16,63,0,0,61,61
R,1,bcmp,mve16,63,1,1,69,69
R,1,bcmp,mve16,63,1,3,69,69
R,1,bcmp,mve16,64,0,0,70,70
R,1,bcmp,mve16,64,1,1,78,91
R,1,bcmp,mve16,64,1,3,78,78
R,1,bcmp,mve16,65,0,0,75,75
R,1,bcmp,mve16,65,1,1,85,85
R,1,bcmp,mve16,65,1,3,85,85
R,1,bcmp,mve16,100,0,0,103,103
R,1,bcmp,mve16,100,1,1,117,130
R,1,bcmp,mve16,100,1,3,117,129
R,1,bcmp,mve16,128,0,0,126,139
R,1,bcmp,mve16,128,1,1,144,157
R,1,bcmp,mve16,128,1,3,144,156
R,1,bcmp,mve16,255,0,0,229,238
R,1,bcmp,mve16,255,1,1,266,287
R,1,bcmp,mve16,255,1,3,266,288
R,1,bcmp,mve16,256,0,0,238,260
R,1,bcmp,mve16,256,1,1,275,297
R,1,bcmp,mve16,256,1,3,275,284
R,1,bcmp,mve16,512,0,0,462,489
R,1,bcmp,mve16,512,1,1,548,587
R,1,bcmp,mve16,512,1,3,561,586
R,1,bcmp,mve16,1000,0,0,905,932
R,1,bcmp,mve16,1000,1,1,1099,1124
R,1,bcmp,mve16,1000,1,3,1097,1118
R,1,bcmp,mve16,1024,0,0,928,968
R,1,bcmp,mve16,1024,1,1,1097,1150
R,1,bcmp,mve16,1024,1,3,1124,1151
R,1,bcmp,mve16,4096,0,0,3757,3778
R,1,bcmp,mve16,4096,1,1,4551,4566
R,1,bcmp,mve16,4096,1,3,4501,4566
R,1,bcmp,mve16,8192,0,0,8444,8573
R,1,bcmp,mve16,8192,1,1,9709,9795
R,1,bcmp,mve16,8192,1,3,9670,9775
R,1,bcmp,mve16,16384,0,0,18223,18960
R,1,bcmp,mve16,16384,1,1,21581,22052
R,1,bcmp,mve16,16384,1,3,21802,22203
R,1,bcmp,mve64,1,0,0,41,41
R,1,bcmp,mve64,1,1,1,43,43
R,1,bcmp,mve64,1,1,3,43,43
R,1,bcmp,mve64,2,0,0,41,41
R,1,bcmp,mve64,2,1,1,43,43
R,1,bcmp,mve64,2,1,3,43,43
R,1,bcmp,mve64,3,0,0,41,41
R,1,bcmp,mve64,3,1,1,43,43
R,1,bcmp,mve64,3,1,3,43,43
R,1,bcmp,mve64,4,0,0,41,50
R,1,bcmp,mve64,4,1,1,43,43
R,1,bcmp,mve64,4,1,3,43,43
R,1,bcmp,mve64,7,0,0,41,41
R,1,bcmp,mve64,7,1,1,43,43
R,1,bcmp,mve64,7,1,3,43,43
R,1,bcmp,mve64,8,0,0,41,41
R,1,bcmp,mve64,8,1,1,43,43
R,1,bcmp,mve64,8,1,3,43,43
R,1,bcmp,mve64,15,0,0,41,41
R,1,bcmp,mve64,15,1,1,43,43
R,1,bcmp,mve64,15,1,3,43,43
R,1,bcmp,mve64,16,0,0,39,39
R,1,bcmp,mve64,16,1,1,41,41
R,1,bcmp,mve64,16,1,3,41,41
R,1,bcmp,mve64,17,0,0,44,44
R,1,bcmp,mve64,17,1,1,48,48
R,1,bcmp,mve64,17,1,3,48,48
R,1,bcmp,mve64,31,0,0,44,44
R,1,bcmp,mve64,31,1,1,48,48
R,1,bcmp,mve64,31,1,3,48,48
R,1,bcmp,mve64,32,0,0,53,53
R,1,bcmp,mve64,32,1,1,57,57
R,1,bcmp,mve64,32,1,3,57,70
R,1,bcmp,mve64,33,0,0,58,58
R,1,bcmp,mve64,33,1,1,64,64
R,1,bcmp,mve64,33,1,3,64,64
R,1,bcmp,mve64,63,0,0,72,72
R,1,bcmp,mve64,63,1,1,80,93
R,1,bcmp,mve64,63,1,3,80,89
R,1,bcmp,mve64,64,0,0,47,47
R,1,bcmp,mve64,64,1,1,55,55
R,1,bcmp,mve64,64,1,3,55,64
R,1,bcmp,mve64,65,0,0,70,82
R,1,bcmp,mve64,65,1,1,80,92
R,1,bcmp,mve64,65,1,3,80,80
R,1,bcmp,mve64,100,0,0,87,100
R,1,bcmp,mve64,100,1,1,101,112
R,1,bcmp,mve64,100,1,3,101,114
R,1,bcmp,mve64,128,0,0,77,90
R,1,bcmp,mve64,128,1,1,93,93
R,1,bcmp,mve64,128,1,3,93,93
R,1,bcmp,mve64,255,0,0,161,173
R,1,bcmp,mve64,255,1,1,195,209
R,1,bcmp,mve64,255,1,3,197,209
R,1,bcmp,mve64,256,0,0,137,149
R,1,bcmp,mve64,256,1,1,173,185
R,1,bcmp,mve64,256,1,3,173,180
R,1,bcmp,mve64,512,0,0,257,275
R,1,bcmp,mve64,512,1,1,342,361
R,1,bcmp,mve64,512,1,3,342,361
R,1,bcmp,mve64,1000,0,0,507,530
R,1,bcmp,mve64,1000,1,1,696,723
R,1,bcmp,mve64,1000,1,3,697,720
R,1,bcmp,mve64,1024,0,0,497,524
R,1,bcmp,mve64,1024,1,1,693,714
R,1,bcmp,mve64,1024,1,3,684,710
R,1,bcmp,mve64,4096,0,0,2014,2029
R,1,bcmp,mve64,4096,1,1,2794,2809
R,1,bcmp,mve64,4096,1,3,2806,2827
R,1,bcmp,mve64,8192,0,0,4886,5100
R,1,bcmp,mve64,8192,1,1,6289,6376
R,1,bcmp,mve64,8192,1,3,6181,6239
R,1,bcmp,mve64,16384,0,0,12184,12411
R,1,bcmp,mve64,16384,1,1,14966,15288
R,1,bcmp,mve64,16384,1,3,15136,15457
R,1,strlen,byte,1,0,0,23,23
R,1,strlen,byte,1,1,0,23,23
R,1,strlen,byte,2,0,0,25,25
R,1,strlen,byte,2,1,0,25,25
R,1,strlen,byte,3,0,0,26,26
R,1,strlen,byte,3,1,0,26,26
R,1,strlen,byte,4,0,0,32,32
R,1,strlen,byte,4,1,0,32,32
R,1,strlen,byte,7,0,0,35,35
R,1,strlen,byte,7,1,0,35,35
R,1,strlen,byte,8,0,0,41,41
R,1,strlen,byte,8,1,0,41,50
R,1,strlen,byte,15,0,0,53,53
R,1,strlen,byte,15,1,0,53,53
R,1,strlen,byte,16,0,0,59,68
R,1,strlen,byte,16,1,0,59,59
R,1,strlen,byte,17,0,0,59,59
R,1,strlen,byte,17,1,0,59,59
R,1,strlen,byte,31,0,0,89,98
R,1,strlen,byte,31,1,0,89,89
R,1,strlen,byte,32,0,0,95,95
R,1,strlen,byte,32,1,0,95,108
R,1,strlen,byte,33,0,0,95,108
R,1,strlen,byte,33,1,0,95,108
R,1,strlen,byte,63,0,0,161,174
R,1,strlen,byte,63,1,0,161,173
R,1,strlen,byte,64,0,0,167,180
R,1,strlen,byte,64,1,0,167,176
R,1,strlen,byte,65,0,0,167,180
R,1,strlen,byte,65,1,0,167,167
R,1,strlen,byte,100,0,0,248,261
R,1,strlen,byte,100,1,0,248,270
R,1,strlen,byte,128,0,0,311,333
R,1,strlen,byte,128,1,0,311,333
R,1,strlen,byte,255,0,0,593,629
R,1,strlen,byte,255,1,0,593,633
R,1,strlen,byte,256,0,0,608,639
R,1,strlen,byte,256,1,0,599,635
R,1,strlen,byte,512,0,0,1211,1238
R,1,strlen,byte,512,1,0,1211,1231
R,1,strlen,byte,1000,0,0,2376,2381
R,1,strlen,byte,1000,1,0,2372,2381
R,1,strlen,byte,1024,0,0,2426,2439
R,1,strlen,byte,1024,1,0,2426,2439
R,1,strlen,byte,4096,0,0,9612,9666
R,1,strlen,byte,4096,1,0,9594,9666
R,1,strlen,byte,8192,0,0,19305,19359
R,1,strlen,byte,8192,1,0,19275,19318
R,1,strlen,byte,16384,0,0,39540,39620
R,1,strlen,byte,16384,1,0,39185,39338
R,1,strlen,picolibc,1,0,0,31,31
R,1,strlen,picolibc,1,1,0,31,31
R,1,strlen,picolibc,2,0,0,31,31
R,1,strlen,picolibc,2,1,0,31,31
R,1,strlen,picolibc,3,0,0,31,31
R,1,strlen,picolibc,3,1,0,41,41
R,1,strlen,picolibc,4,0,0,41,41
R,1,strlen,picolibc,4,1,0,41,41
R,1,strlen,picolibc,7,0,0,41,41
R,1,strlen,picolibc,7,1,0,50,50
R,1,strlen,picolibc,8,0,0,50,50
R,1,strlen,picolibc,8,1,0,50,58
R,1,strlen,picolibc,15,0,0,59,59
R,1,strlen,picolibc,15,1,0,68,68
R,1,strlen,picolibc,16,0,0,68,68
R,1,strlen,picolibc,16,1,0,68,77
R,1,strlen,picolibc,17,0,0,68,68
R,1,strlen,picolibc,17,1,0,68,68
R,1,strlen,picolibc,31,0,0,95,95
R,1,strlen,picolibc,31,1,0,104,104
R,1,strlen,picolibc,32,0,0,104,117
R,1,strlen,picolibc,32,1,0,104,113
R,1,strlen,picolibc,33,0,0,104,104
R,1,strlen,picolibc,33,1,0,104,117
R,1,strlen,picolibc,63,0,0,167,180
R,1,strlen,picolibc,63,1,0,176,176
R,1,strlen,picolibc,64,0,0,176,189
R,1,strlen,picolibc,64,1,0,176,189
R,1,strlen,picolibc,65,0,0,176,189
R,1,strlen,picolibc,65,1,0,176,189
R,1,strlen,picolibc,100,0,0,257,279
R,1,strlen,picolibc,100,1,0,257,270
R,1,strlen,picolibc,128,0,0,320,338
R,1,strlen,picolibc,128,1,0,320,342
R,1,strlen,picolibc,255,0,0,599,630
R,1,strlen,picolibc,255,1,0,617,648
R,1,strlen,picolibc,256,0,0,617,648
R,1,strlen,picolibc,256,1,0,617,644
R,1,strlen,picolibc,512,0,0,1220,1247
R,1,strlen,picolibc,512,1,0,1224,1247
R,1,strlen,picolibc,1000,0,0,2381,2390
R,1,strlen,picolibc,1000,1,0,2381,2390
R,1,strlen,picolibc,1024,0,0,2435,2448
R,1,strlen,picolibc,1024,1,0,2435,2448
R,1,strlen,picolibc,4096,0,0,9627,9686
R,1,strlen,picolibc,4096,1,0,9599,9675
R,1,strlen,picolibc,8192,0,0,19258,19335
R,1,strlen,picolibc,8192,1,0,19268,19335
R,1,strlen,picolibc,16384,0,0,39875,39972
R,1,strlen,picolibc,16384,1,0,39457,39591
R,1,strlen,llvm-libc,1,0,0,22,22
R,1,strlen,llvm-libc,1,1,0,22,22
R,1,strlen,llvm-libc,2,0,0,24,24
R,1,strlen,llvm-libc,2,1,0,24,24
R,1,strlen,llvm-libc,3,0,0,24,24
R,1,strlen,llvm-libc,3,1,0,24,24
R,1,strlen,llvm-libc,4,0,0,26,26
R,1,strlen,llvm-libc,4,1,0,26,26
R,1,strlen,llvm-libc,7,0,0,33,33
R,1,strlen,llvm-libc,7,1,0,33,33
R,1,strlen,llvm-libc,8,0,0,35,35
R,1,strlen,llvm-libc,8,1,0,35,35
R,1,strlen,llvm-libc,15,0,0,51,51
R,1,strlen,llvm-libc,15,1,0,51,51
R,1,strlen,llvm-libc,16,0,0,53,53
R,1,strlen,llvm-libc,16,1,0,53,53
R,1,strlen,llvm-libc,17,0,0,58,71
R,1,strlen,llvm-libc,17,1,0,58,66
R,1,strlen,llvm-libc,31,0,0,87,100
R,1,strlen,llvm-libc,31,1,0,87,100
R,1,strlen,llvm-libc,32,0,0,89,102
R,1,strlen,llvm-libc,32,1,0,89,98
R,1,strlen,llvm-libc,33,0,0,94,103
R,1,strlen,llvm-libc,33,1,0,94,107
R,1,strlen,llvm-libc,63,0,0,159,172
R,1,strlen,llvm-libc,63,1,0,159,168
R,1,strlen,llvm-libc,64,0,0,161,174
R,1,strlen,llvm-libc,64,1,0,161,174
R,1,strlen,llvm-libc,65,0,0,166,166
R,1,strlen,llvm-libc,65,1,0,166,179
R,1,strlen,llvm-libc,100,0,0,242,259
R,1,strlen,llvm-libc,100,1,0,242,251
R,1,strlen,llvm-libc,128,0,0,305,327
R,1,strlen,llvm-libc,128,1,0,305,323
R,1,strlen,llvm-libc,255,0,0,591,627
R,1,strlen,llvm-libc,255,1,0,591,631
R,1,strlen,llvm-libc,256,0,0,602,633
R,1,strlen,llvm-libc,256,1,0,602,633
R,1,strlen,llvm-libc,512,0,0,1169,1218
R,1,strlen,llvm-libc,512,1,0,1205,1226
R,1,strlen,llvm-libc,1000,0,0,2366,2370
R,1,strlen,llvm-libc,1000,1,0,2366,2375
R,1,strlen,llvm-libc,1024,0,0,2431,2433
R,1,strlen,llvm-libc,1024,1,0,2384,2433
R,1,strlen,llvm-libc,4096,0,0,9588,9660
R,1,strlen,llvm-libc,4096,1,0,9606,9651
R,1,strlen,llvm-libc,8192,0,0,19215,19300
R,1,strlen,llvm-libc,8192,1,0,19209,19290
R,1,strlen,llvm-libc,16384,0,0,39307,39348
R,1,strlen,llvm-libc,16384,1,0,39634,39715
R,1,strlen,llvm-word,1,0,0,52,61
R,1,strlen,llvm-word,1,1,0,32,32
R,1,strlen,llvm-word,2,0,0,53,61
R,1,strlen,llvm-word,2,1,0,35,35
R,1,strlen,llvm-word,3,0,0,53,65
R,1,strlen,llvm-word,3,1,0,60,60
R,1,strlen,llvm-word,4,0,0,72,84
R,1,strlen,llvm-word,4,1,0,61,61
R,1,strlen,llvm-word,7,0,0,74,74
R,1,strlen,llvm-word,7,1,0,81,91
R,1,strlen,llvm-word,8,0,0,73,73
R,1,strlen,llvm-word,8,1,0,82,91
R,1,strlen,llvm-word,15,0,0,78,78
R,1,strlen,llvm-word,15,1,0,85,85
R,1,strlen,llvm-word,16,0,0,88,88
R,1,strlen,llvm-word,16,1,0,86,97
R,1,strlen,llvm-word,17,0,0,89,100
R,1,strlen,llvm-word,17,1,0,87,87
R,1,strlen,llvm-word,31,0,0,105,117
R,1,strlen,llvm-word,31,1,0,112,123
R,1,strlen,llvm-word,32,0,0,115,127
R,1,strlen,llvm-word,32,1,0,113,122
R,1,strlen,llvm-word,33,0,0,116,124
R,1,strlen,llvm-word,33,1,0,114,124
R,1,strlen,llvm-word,63,0,0,159,171
R,1,strlen,llvm-word,63,1,0,166,178
R,1,strlen,llvm-word,64,0,0,169,181
R,1,strlen,llvm-word,64,1,0,167,179
R,1,strlen,llvm-word,65,0,0,170,170
R,1,strlen,llvm-word,65,1,0,168,168
R,1,strlen,llvm-word,100,0,0,234,247
R,1,strlen,llvm-word,100,1,0,233,251
R,1,strlen,llvm-word,128,0,0,277,296
R,1,strlen,llvm-word,128,1,0,275,294
R,1,strlen,llvm-word,255,0,0,483,507
R,1,strlen,llvm-word,255,1,0,490,516
R,1,strlen,llvm-word,256,0,0,493,521
R,1,strlen,llvm-word,256,1,0,491,519
R,1,strlen,llvm-word,512,0,0,925,967
R,1,strlen,llvm-word,512,1,0,939,972
R,1,strlen,llvm-word,1000,0,0,1790,1817
R,1,strlen,llvm-word,1000,1,0,1756,1824
R,1,strlen,llvm-word,1024,0,0,1846,1858
R,1,strlen,llvm-word,1024,1,0,1843,1864
R,1,strlen,llvm-word,4096,0,0,7187,7254
R,1,strlen,llvm-word,4096,1,0,7197,7250
R,1,strlen,llvm-word,8192,0,0,14409,14466
R,1,strlen,llvm-word,8192,1,0,14408,14467
R,1,strlen,llvm-word,16384,0,0,29675,29785
R,1,strlen,llvm-word,16384,1,0,29626,29689
R,1,strlen,word,1,0,0,44,44
R,1,strlen,word,1,1,0,24,24
R,1,strlen,word,2,0,0,46,46
R,1,strlen,word,2,1,0,26,26
R,1,strlen,word,3,0,0,47,56
R,1,strlen,word,3,1,0,49,49
R,1,strlen,word,4,0,0,42,50
R,1,strlen,word,4,1,0,50,50
R,1,strlen,word,7,0,0,46,46
R,1,strlen,word,7,1,0,48,48
R,1,strlen,word,8,0,0,46,46
R,1,strlen,word,8,1,0,49,49
R,1,strlen,word,15,0,0,51,51
R,1,strlen,word,15,1,0,53,53
R,1,strlen,word,16,0,0,61,61
R,1,strlen,word,16,1,0,54,54
R,1,strlen,word,17,0,0,62,62
R,1,strlen,word,17,1,0,56,56
R,1,strlen,word,31,0,0,69,78
R,1,strlen,word,31,1,0,71,71
R,1,strlen,word,32,0,0,79,79
R,1,strlen,word,32,1,0,72,72
R,1,strlen,word,33,0,0,80,80
R,1,strlen,word,33,1,0,74,74
R,1,strlen,word,63,0,0,105,117
R,1,strlen,word,63,1,0,107,119
R,1,strlen,word,64,0,0,115,127
R,1,strlen,word,64,1,0,108,108
R,1,strlen,word,65,0,0,116,128
R,1,strlen,word,65,1,0,110,110
R,1,strlen,word,100,0,0,150,162
R,1,strlen,word,100,1,0,158,170
R,1,strlen,word,128,0,0,187,196
R,1,strlen,word,128,1,0,180,192
R,1,strlen,word,255,0,0,321,341
R,1,strlen,word,255,1,0,323,343
R,1,strlen,word,256,0,0,331,351
R,1,strlen,word,256,1,0,324,344
R,1,strlen,word,512,0,0,631,651
R,1,strlen,word,512,1,0,612,644
R,1,strlen,word,1000,0,0,1195,1208
R,1,strlen,word,1000,1,0,1165,1213
R,1,strlen,word,1024,0,0,1227,1244
R,1,strlen,word,1024,1,0,1221,1233
R,1,strlen,word,4096,0,0,4800,4857
R,1,strlen,word,4096,1,0,4818,4833
R,1,strlen,word,8192,0,0,9597,9649
R,1,strlen,word,8192,1,0,9561,9640
R,1,strlen,word,16384,0,0,20008,20128
R,1,strlen,word,16384,1,0,20283,20406
R,1,strlen,mve16,1,0,0,21,21
R,1,strlen,mve16,1,1,0,21,21
R,1,strlen,mve16,2,0,0,21,21
R,1,strlen,mve16,2,1,0,21,21
R,1,strlen,mve16,3,0,0,21,21
R,1,strlen,mve16,3,1,0,21,21
R,1,strlen,mve16,4,0,0,21,21
R,1,strlen,mve16,4,1,0,21,21
R,1,strlen,mve16,7,0,0,21,21
R,1,strlen,mve16,7,1,0,21,21
R,1,strlen,mve16,8,0,0,21,21
R,1,strlen,mve16,8,1,0,21,21
R,1,strlen,mve16,15,0,0,21,21
R,1,strlen,mve16,15,1,0,43,43
R,1,strlen,mve16,16,0,0,43,43
R,1,strlen,mve16,16,1,0,43,43
R,1,strlen,mve16,17,0,0,43,43
R,1,strlen,mve16,17,1,0,43,43
R,1,strlen,mve16,31,0,0,43,51
R,1,strlen,mve16,31,1,0,52,64
R,1,strlen,mve16,32,0,0,52,61
R,1,strlen,mve16,32,1,0,52,52
R,1,strlen,mve16,33,0,0,52,52
R,1,strlen,mve16,33,1,0,52,52
R,1,strlen,mve16,63,0,0,61,61
R,1,strlen,mve16,63,1,0,70,70
R,1,strlen,mve16,64,0,0,70,70
R,1,strlen,mve16,64,1,0,70,70
R,1,strlen,mve16,65,0,0,70,70
R,1,strlen,mve16,65,1,0,70,70
R,1,strlen,mve16,100,0,0,88,100
R,1,strlen,mve16,100,1,0,88,88
R,1,strlen,mve16,128,0,0,106,118
R,1,strlen,mve16,128,1,0,106,119
R,1,strlen,mve16,255,0,0,169,182
R,1,strlen,mve16,255,1,0,178,191
R,1,strlen,mve16,256,0,0,178,191
R,1,strlen,mve16,256,1,0,178,191
R,1,strlen,mve16,512,0,0,322,344
R,1,strlen,mve16,512,1,0,322,344
R,1,strlen,mve16,1000,0,0,592,628
R,1,strlen,mve16,1000,1,0,601,632
R,1,strlen,mve16,1024,0,0,619,650
R,1,strlen,mve16,1024,1,0,619,646
R,1,strlen,mve16,4096,0,0,2437,2450
R,1,strlen,mve16,4096,1,0,2396,2446
R,1,strlen,mve16,8192,0,0,4840,4858
R,1,strlen,mve16,8192,1,0,4859,4868
R,1,strlen,mve16,16384,0,0,10468,10583
R,1,strlen,mve16,16384,1,0,10312,10499
R,1,strlen,mve64,1,0,0,21,21
R,1,strlen,mve64,1,1,0,21,21
R,1,strlen,mve64,2,0,0,21,21
R,1,strlen,mve64,2,1,0,21,21
R,1,strlen,mve64,3,0,0,21,21
R,1,strlen,mve64,3,1,0,21,21
R,1,strlen,mve64,4,0,0,21,21
R,1,strlen,mve64,4,1,0,21,21
R,1,strlen,mve64,7,0,0,21,21
R,1,strlen,mve64,7,1,0,21,21
R,1,strlen,mve64,8,0,0,21,21
R,1,strlen,mve64,8,1,0,21,21
R,1,strlen,mve64,15,0,0,21,21
R,1,strlen,mve64,15,1,0,37,37
R,1,strlen,mve64,16,0,0,37,37
R,1,strlen,mve64,16,1,0,37,37
R,1,strlen,mve64,17,0,0,37,37
R,1,strlen,mve64,17,1,0,37,37
R,1,strlen,mve64,31,0,0,37,37
R,1,strlen,mve64,31,1,0,56,56
R,1,strlen,mve64,32,0,0,56,56
R,1,strlen,mve64,32,1,0,56,56
R,1,strlen,mve64,33,0,0,56,56
R,1,strlen,mve64,33,1,0,56,56
R,1,strlen,mve64,63,0,0,62,62
R,1,strlen,mve64,63,1,0,93,93
R,1,strlen,mve64,64,0,0,93,106
R,1,strlen,mve64,64,1,0,93,93
R,1,strlen,mve64,65,0,0,93,106
R,1,strlen,mve64,65,1,0,93,93
R,1,strlen,mve64,100,0,0,111,111
R,1,strlen,mve64,100,1,0,111,111
R,1,strlen,mve64,128,0,0,114,114
R,1,strlen,mve64,128,1,0,114,114
R,1,strlen,mve64,255,0,0,163,176
R,1,strlen,mve64,255,1,0,156,168
R,1,strlen,mve64,256,0,0,156,167
R,1,strlen,mve64,256,1,0,156,168
R,1,strlen,mve64,512,0,0,240,261
R,1,strlen,mve64,512,1,0,240,253
R,1,strlen,mve64,1000,0,0,405,434
R,1,strlen,mve64,1000,1,0,405,434
R,1,strlen,mve64,1024,0,0,417,437
R,1,strlen,mve64,1024,1,0,408,438
R,1,strlen,mve64,4096,0,0,1464,1480
R,1,strlen,mve64,4096,1,0,1468,1479
R,1,strlen,mve64,8192,0,0,2907,2978
R,1,strlen,mve64,8192,1,0,2898,2928
R,1,strlen,mve64,16384,0,0,6457,6576
R,1,strlen,mve64,16384,1,0,6569,6654
R,1,memchr,byte,1,0,0,37,37
R,1,memchr,byte,1,1,0,37,37
R,1,memchr,byte,2,0,0,41,41
R,1,memchr,byte,2,1,0,41,41
R,1,memchr,byte,3,0,0,44,44
R,1,memchr,byte,3,1,0,44,44
R,1,memchr,byte,4,0,0,48,48
R,1,memchr,byte,4,1,0,48,48
R,1,memchr,byte,7,0,0,63,63
R,1,memchr,byte,7,1,0,63,63
R,1,memchr,byte,8,0,0,67,76
R,1,memchr,byte,8,1,0,67,67
R,1,memchr,byte,15,0,0,101,114
R,1,memchr,byte,15,1,0,101,101
R,1,memchr,byte,16,0,0,105,105
R,1,memchr,byte,16,1,0,105,105
R,1,memchr,byte,17,0,0,113,122
R,1,memchr,byte,17,1,0,113,125
R,1,memchr,byte,31,0,0,177,189
R,1,memchr,byte,31,1,0,177,190
R,1,memchr,byte,32,0,0,181,193
R,1,memchr,byte,32,1,0,181,194
R,1,memchr,byte,33,0,0,189,202
R,1,memchr,byte,33,1,0,189,202
R,1,memchr,byte,63,0,0,329,351
R,1,memchr,byte,63,1,0,329,350
R,1,memchr,byte,64,0,0,333,354
R,1,memchr,byte,64,1,0,333,355
R,1,memchr,byte,65,0,0,341,363
R,1,memchr,byte,65,1,0,341,363
R,1,memchr,byte,100,0,0,504,542
R,1,memchr,byte,100,1,0,504,542
R,1,memchr,byte,128,0,0,637,668
R,1,memchr,byte,128,1,0,650,671
R,1,memchr,byte,255,0,0,1276,1298
R,1,memchr,byte,255,1,0,1241,1290
R,1,memchr,byte,256,0,0,1290,1302
R,1,memchr,byte,256,1,0,1293,1303
R,1,memchr,byte,512,0,0,2565,2579
R,1,memchr,byte,512,1,0,2566,2579
R,1,memchr,byte,1000,0,0,4935,4995
R,1,memchr,byte,1000,1,0,4902,4992
R,1,memchr,byte,1024,0,0,5047,5116
R,1,memchr,byte,1024,1,0,5035,5115
R,1,memchr,byte,4096,0,0,20287,20358
R,1,memchr,byte,4096,1,0,20292,20349
R,1,memchr,byte,8192,0,0,40628,40672
R,1,memchr,byte,8192,1,0,40617,40675
R,1,memchr,byte,16384,0,0,82332,82398
R,1,memchr,byte,16384,1,0,82346,82396
R,1,memchr,picolibc,1,0,0,53,60
R,1,memchr,picolibc,1,1,0,26,26
R,1,memchr,picolibc,2,0,0,57,57
R,1,memchr,picolibc,2,1,0,43,43
R,1,memchr,picolibc,3,0,0,60,60
R,1,memchr,picolibc,3,1,0,47,47
R,1,memchr,picolibc,4,0,0,66,66
R,1,memchr,picolibc,4,1,0,72,81
R,1,memchr,picolibc,7,0,0,75,87
R,1,memchr,picolibc,7,1,0,85,94
R,1,memchr,picolibc,8,0,0,77,77
R,1,memchr,picolibc,8,1,0,87,87
R,1,memchr,picolibc,15,0,0,85,85
R,1,memchr,picolibc,15,1,0,103,116
R,1,memchr,picolibc,16,0,0,88,96
R,1,memchr,picolibc,16,1,0,97,110
R,1,memchr,picolibc,17,0,0,83,95
R,1,memchr,picolibc,17,1,0,101,113
R,1,memchr,picolibc,31,0,0,119,128
R,1,memchr,picolibc,31,1,0,137,146
R,1,memchr,picolibc,32,0,0,122,132
R,1,memchr,picolibc,32,1,0,131,140
R,1,memchr,picolibc,33,0,0,117,129
R,1,memchr,picolibc,33,1,0,135,135
R,1,memchr,picolibc,63,0,0,187,199
R,1,memchr,picolibc,63,1,0,205,205
R,1,memchr,picolibc,64,0,0,190,201
R,1,memchr,picolibc,64,1,0,199,211
R,1,memchr,picolibc,65,0,0,185,197
R,1,memchr,picolibc,65,1,0,203,215
R,1,memchr,picolibc,100,0,0,270,290
R,1,memchr,picolibc,100,1,0,272,292
R,1,memchr,picolibc,128,0,0,326,346
R,1,memchr,picolibc,128,1,0,335,355
R,1,memchr,picolibc,255,0,0,595,622
R,1,memchr,picolibc,255,1,0,621,648
R,1,memchr,picolibc,256,0,0,605,630
R,1,memchr,picolibc,256,1,0,615,642
R,1,memchr,picolibc,512,0,0,1164,1197
R,1,memchr,picolibc,512,1,0,1194,1201
R,1,memchr,picolibc,1000,0,0,2272,2278
R,1,memchr,picolibc,1000,1,0,2275,2287
R,1,memchr,picolibc,1024,0,0,2313,2325
R,1,memchr,picolibc,1024,1,0,2327,2332
R,1,memchr,picolibc,4096,0,0,9047,9104
R,1,memchr,picolibc,4096,1,0,9088,9124
R,1,memchr,picolibc,8192,0,0,18134,18182
R,1,memchr,picolibc,8192,1,0,18152,18182
R,1,memchr,picolibc,16384,0,0,37101,37158
R,1,memchr,picolibc,16384,1,0,37345,37433
R,1,memchr,llvm-libc,1,0,0,37,37
R,1,memchr,llvm-libc,1,1,0,37,37
R,1,memchr,llvm-libc,2,0,0,41,41
R,1,memchr,llvm-libc,2,1,0,41,41
R,1,memchr,llvm-libc,3,0,0,44,44
R,1,memchr,llvm-libc,3,1,0,44,44
R,1,memchr,llvm-libc,4,0,0,48,57
R,1,memchr,llvm-libc,4,1,0,48,48
R,1,memchr,llvm-libc,7,0,0,63,63
R,1,memchr,llvm-libc,7,1,0,63,63
R,1,memchr,llvm-libc,8,0,0,67,80
R,1,memchr,llvm-libc,8,1,0,67,76
R,1,memchr,llvm-libc,15,0,0,101,114
R,1,memchr,llvm-libc,15,1,0,101,113
R,1,memchr,llvm-libc,16,0,0,105,105
R,1,memchr,llvm-libc,16,1,0,105,118
R,1,memchr,llvm-libc,17,0,0,113,113
R,1,memchr,llvm-libc,17,1,0,113,125
R,1,memchr,llvm-libc,31,0,0,177,190
R,1,memchr,llvm-libc,31,1,0,177,189
R,1,memchr,llvm-libc,32,0,0,181,181
R,1,memchr,llvm-libc,32,1,0,181,190
R,1,memchr,llvm-libc,33,0,0,189,201
R,1,memchr,llvm-libc,33,1,0,189,201
R,1,memchr,llvm-libc,63,0,0,329,350
R,1,memchr,llvm-libc,63,1,0,329,343
R,1,memchr,llvm-libc,64,0,0,333,347
R,1,memchr,llvm-libc,64,1,0,333,346
R,1,memchr,llvm-libc,65,0,0,341,358
R,1,memchr,llvm-libc,65,1,0,341,362
R,1,memchr,llvm-libc,100,0,0,504,533
R,1,memchr,llvm-libc,100,1,0,504,534
R,1,memchr,llvm-libc,128,0,0,637,672
R,1,memchr,llvm-libc,128,1,0,637,673
R,1,memchr,llvm-libc,255,0,0,1254,1294
R,1,memchr,llvm-libc,255,1,0,1275,1298
R,1,memchr,llvm-libc,256,0,0,1281,1307
R,1,memchr,llvm-libc,256,1,0,1289,1305
R,1,memchr,llvm-libc,512,0,0,2531,2568
R,1,memchr,llvm-libc,512,1,0,2565,2579
R,1,memchr,llvm-libc,1000,0,0,4946,4991
R,1,memchr,llvm-libc,1000,1,0,4982,4995
R,1,memchr,llvm-libc,1024,0,0,5100,5107
R,1,memchr,llvm-libc,1024,1,0,5050,5116
R,1,memchr,llvm-libc,4096,0,0,20284,20352
R,1,memchr,llvm-libc,4096,1,0,20290,20355
R,1,memchr,llvm-libc,8192,0,0,40676,40726
R,1,memchr,llvm-libc,8192,1,0,40649,40683
R,1,memchr,llvm-libc,16384,0,0,82405,82483
R,1,memchr,llvm-libc,16384,1,0,82430,82496
R,1,memchr,llvm-word,1,0,0,42,42
R,1,memchr,llvm-word,1,1,0,42,42
R,1,memchr,llvm-word,2,0,0,47,47
R,1,memchr,llvm-word,2,1,0,47,56
R,1,memchr,llvm-word,3,0,0,50,50
R,1,memchr,llvm-word,3,1,0,50,50
R,1,memchr,llvm-word,4,0,0,53,53
R,1,memchr,llvm-word,4,1,0,53,53
R,1,memchr,llvm-word,7,0,0,70,79
R,1,memchr,llvm-word,7,1,0,70,70
R,1,memchr,llvm-word,8,0,0,73,73
R,1,memchr,llvm-word,8,1,0,73,73
R,1,memchr,llvm-word,15,0,0,110,121
R,1,memchr,llvm-word,15,1,0,110,121
R,1,memchr,llvm-word,16,0,0,106,106
R,1,memchr,llvm-word,16,1,0,114,126
R,1,memchr,llvm-word,17,0,0,116,125
R,1,memchr,llvm-word,17,1,0,117,126
R,1,memchr,llvm-word,31,0,0,143,154
R,1,memchr,llvm-word,31,1,0,159,159
R,1,memchr,llvm-word,32,0,0,146,155
R,1,memchr,llvm-word,32,1,0,154,164
R,1,memchr,llvm-word,33,0,0,156,168
R,1,memchr,llvm-word,33,1,0,157,169
R,1,memchr,llvm-word,63,0,0,223,235
R,1,memchr,llvm-word,63,1,0,239,239
R,1,memchr,llvm-word,64,0,0,226,226
R,1,memchr,llvm-word,64,1,0,234,234
R,1,memchr,llvm-word,65,0,0,236,252
R,1,memchr,llvm-word,65,1,0,237,246
R,1,memchr,llvm-word,100,0,0,325,345
R,1,memchr,llvm-word,100,1,0,333,353
R,1,memchr,llvm-word,128,0,0,386,413
R,1,memchr,llvm-word,128,1,0,394,414
R,1,memchr,llvm-word,255,0,0,703,737
R,1,memchr,llvm-word,255,1,0,728,763
R,1,memchr,llvm-word,256,0,0,714,740
R,1,memchr,llvm-word,256,1,0,714,732
R,1,memchr,llvm-word,512,0,0,1386,1404
R,1,memchr,llvm-word,512,1,0,1367,1410
R,1,memchr,llvm-word,1000,0,0,2635,2681
R,1,memchr,llvm-word,1000,1,0,2634,2691
R,1,memchr,llvm-word,1024,0,0,2685,2734
R,1,memchr,llvm-word,1024,1,0,2675,2751
R,1,memchr,llvm-word,4096,0,0,10678,10737
R,1,memchr,llvm-word,4096,1,0,10680,10741
R,1,memchr,llvm-word,8192,0,0,21368,21437
R,1,memchr,llvm-word,8192,1,0,21343,21398
R,1,memchr,llvm-word,16384,0,0,43774,43872
R,1,memchr,llvm-word,16384,1,0,43587,43664
R,1,memchr,word,1,0,0,47,47
R,1,memchr,word,1,1,0,48,48
R,1,memchr,word,2,0,0,50,50
R,1,memchr,word,2,1,0,51,51
R,1,memchr,word,3,0,0,54,54
R,1,memchr,word,3,1,0,55,55
R,1,memchr,word,4,0,0,59,59
R,1,memchr,word,4,1,0,61,61
R,1,memchr,word,7,0,0,59,59
R,1,memchr,word,7,1,0,62,62
R,1,memchr,word,8,0,0,63,63
R,1,memchr,word,8,1,0,67,67
R,1,memchr,word,15,0,0,65,65
R,1,memchr,word,15,1,0,72,72
R,1,memchr,word,16,0,0,68,81
R,1,memchr,word,16,1,0,76,76
R,1,memchr,word,17,0,0,73,73
R,1,memchr,word,17,1,0,82,82
R,1,memchr,word,31,0,0,91,91
R,1,memchr,word,31,1,0,106,106
R,1,memchr,word,32,0,0,94,106
R,1,memchr,word,32,1,0,110,110
R,1,memchr,word,33,0,0,99,99
R,1,memchr,word,33,1,0,116,127
R,1,memchr,word,63,0,0,143,154
R,1,memchr,word,63,1,0,174,181
R,1,memchr,word,64,0,0,146,146
R,1,memchr,word,64,1,0,178,187
R,1,memchr,word,65,0,0,151,162
R,1,memchr,word,65,1,0,184,195
R,1,memchr,word,100,0,0,215,226
R,1,memchr,word,100,1,0,265,283
R,1,memchr,word,128,0,0,250,269
R,1,memchr,word,128,1,0,314,333
R,1,memchr,word,255,0,0,455,479
R,1,memchr,word,255,1,0,582,613
R,1,memchr,word,256,0,0,458,483
R,1,memchr,word,256,1,0,586,619
R,1,memchr,word,512,0,0,894,913
R,1,memchr,word,512,1,0,1159,1181
R,1,memchr,word,1000,0,0,1730,1740
R,1,memchr,word,1000,1,0,2251,2260
R,1,memchr,word,1024,0,0,1757,1770
R,1,memchr,word,1024,1,0,2294,2304
R,1,memchr,word,4096,0,0,6911,6946
R,1,memchr,word,4096,1,0,9011,9068
R,1,memchr,word,8192,0,0,13775,13881
R,1,memchr,word,8192,1,0,18066,18110
R,1,memchr,word,16384,0,0,28746,28805
R,1,memchr,word,16384,1,0,37199,37264
R,1,memchr,mve16,1,0,0,35,35
R,1,memchr,mve16,1,1,0,36,36
R,1,memchr,mve16,2,0,0,35,35
R,1,memchr,mve16,2,1,0,36,36
R,1,memchr,mve16,3,0,0,35,35
R,1,memchr,mve16,3,1,0,36,36
R,1,memchr,mve16,4,0,0,35,35
R,1,memchr,mve16,4,1,0,36,36
R,1,memchr,mve16,7,0,0,35,35
R,1,memchr,mve16,7,1,0,36,36
R,1,memchr,mve16,8,0,0,35,35
R,1,memchr,mve16,8,1,0,36,36
R,1,memchr,mve16,15,0,0,35,35
R,1,memchr,mve16,15,1,0,36,36
R,1,memchr,mve16,16,0,0,34,34
R,1,memchr,mve16,16,1,0,35,35
R,1,memchr,mve16,17,0,0,45,53
R,1,memchr,mve16,17,1,0,47,47
R,1,memchr,mve16,31,0,0,45,45
R,1,memchr,mve16,31,1,0,47,47
R,1,memchr,mve16,32,0,0,44,44
R,1,memchr,mve16,32,1,0,46,46
R,1,memchr,mve16,33,0,0,55,55
R,1,memchr,mve16,33,1,0,58,70
R,1,memchr,mve16,63,0,0,65,65
R,1,memchr,mve16,63,1,0,69,69
R,1,memchr,mve16,64,0,0,64,76
R,1,memchr,mve16,64,1,0,68,68
R,1,memchr,mve16,65,0,0,75,75
R,1,memchr,mve16,65,1,0,80,80
R,1,memchr,mve16,100,0,0,95,103
R,1,memchr,mve16,100,1,0,102,114
R,1,memchr,mve16,128,0,0,104,116
R,1,memchr,mve16,128,1,0,112,124
R,1,memchr,mve16,255,0,0,185,197
R,1,memchr,mve16,255,1,0,201,220
R,1,memchr,mve16,256,0,0,184,196
R,1,memchr,mve16,256,1,0,200,212
R,1,memchr,mve16,512,0,0,344,364
R,1,memchr,mve16,512,1,0,378,398
R,1,memchr,mve16,1000,0,0,655,691
R,1,memchr,mve16,1000,1,0,734,770
R,1,memchr,mve16,1024,0,0,672,700
R,1,memchr,mve16,1024,1,0,758,790
R,1,memchr,mve16,4096,0,0,2648,2693
R,1,memchr,mve16,4096,1,0,3063,3095
R,1,memchr,mve16,8192,0,0,5324,5379
R,1,memchr,mve16,8192,1,0,6139,6201
R,1,memchr,mve16,16384,0,0,11526,11593
R,1,memchr,mve16,16384,1,0,13190,13305
# phase 2 CCR=0x00030201 overhead=31
R,2,memcpy,byte,1,0,0,25,25
R,2,memcpy,byte,1,1,1,25,25
R,2,memcpy,byte,1,1,3,25,25
R,2,memcpy,byte,2,0,0,34,34
R,2,memcpy,byte,2,1,1,34,34
R,2,memcpy,byte,2,1,3,34,34
R,2,memcpy,byte,3,0,0,37,37
R,2,memcpy,byte,3,1,1,37,37
R,2,memcpy,byte,3,1,3,37,37
R,2,memcpy,byte,4,0,0,37,37
R,2,memcpy,byte,4,1,1,37,37
R,2,memcpy,byte,4,1,3,37,37
R,2,memcpy,byte,7,0,0,44,44
R,2,memcpy,byte,7,1,1,44,44
R,2,memcpy,byte,7,1,3,44,44
R,2,memcpy,byte,8,0,0,45,45
R,2,memcpy,byte,8,1,1,45,45
R,2,memcpy,byte,8,1,3,45,45
R,2,memcpy,byte,15,0,0,60,60
R,2,memcpy,byte,15,1,1,60,60
R,2,memcpy,byte,15,1,3,60,71
R,2,memcpy,byte,16,0,0,61,70
R,2,memcpy,byte,16,1,1,61,61
R,2,memcpy,byte,16,1,3,61,74
R,2,memcpy,byte,17,0,0,57,57
R,2,memcpy,byte,17,1,1,57,57
R,2,memcpy,byte,17,1,3,56,65
R,2,memcpy,byte,31,0,0,92,105
R,2,memcpy,byte,31,1,1,92,101
R,2,memcpy,byte,31,1,3,92,105
R,2,memcpy,byte,32,0,0,93,106
R,2,memcpy,byte,32,1,1,93,106
R,2,memcpy,byte,32,1,3,93,106
R,2,memcpy,byte,33,0,0,89,101
R,2,memcpy,byte,33,1,1,89,102
R,2,memcpy,byte,33,1,3,88,88
R,2,memcpy,byte,63,0,0,156,169
R,2,memcpy,byte,63,1,1,156,169
R,2,memcpy,byte,63,1,3,156,169
R,2,memcpy,byte,64,0,0,157,170
R,2,memcpy,byte,64,1,1,157,166
R,2,memcpy,byte,64,1,3,157,170
R,2,memcpy,byte,65,0,0,153,166
R,2,memcpy,byte,65,1,1,153,166
R,2,memcpy,byte,65,1,3,152,165
R,2,memcpy,byte,100,0,0,229,242
R,2,memcpy,byte,100,1,1,229,253
R,2,memcpy,byte,100,1,3,229,253
R,2,memcpy,byte,128,0,0,285,307
R,2,memcpy,byte,128,1,1,285,309
R,2,memcpy,byte,128,1,3,285,309
R,2,memcpy,byte,255,0,0,551,584
R,2,memcpy,byte,255,1,1,540,571
R,2,memcpy,byte,255,1,3,540,580
R,2,memcpy,byte,256,0,0,541,568
R,2,memcpy,byte,256,1,1,541,587
R,2,memcpy,byte,256,1,3,552,577
R,2,memcpy,byte,512,0,0,1084,1107
R,2,memcpy,byte,512,1,1,1076,1113
R,2,memcpy,byte,512,1,3,1090,1121
R,2,memcpy,byte,1000,0,0,2119,2123
R,2,memcpy,byte,1000,1,1,2077,2146
R,2,memcpy,byte,1000,1,3,2144,2147
R,2,memcpy,byte,1024,0,0,2167,2171
R,2,memcpy,byte,1024,1,1,2109,2203
R,2,memcpy,byte,1024,1,3,2182,2203
R,2,memcpy,byte,4096,0,0,8545,8594
R,2,memcpy,byte,4096,1,1,8646,8707
R,2,memcpy,byte,4096,1,3,8637,8705
R,2,memcpy,byte,8192,0,0,17070,17164
R,2,memcpy,byte,8192,1,1,17280,17386
R,2,memcpy,byte,8192,1,3,17291,17384
R,2,memcpy,byte,16384,0,0,34223,34284
R,2,memcpy,byte,16384,1,1,34625,34737
R,2,memcpy,byte,16384,1,3,34636,34736
R,2,memcpy,autovec,1,0,0,21,21
R,2,memcpy,autovec,1,1,1,22,22
R,2,memcpy,autovec,1,1,3,22,22
R,2,memcpy,autovec,2,0,0,21,21
R,2,memcpy,autovec,2,1,1,22,22
R,2,memcpy,autovec,2,1,3,22,22
R,2,memcpy,autovec,3,0,0,21,21
R,2,memcpy,autovec,3,1,1,22,22
R,2,memcpy,autovec,3,1,3,22,22
R,2,memcpy,autovec,4,0,0,21,21
R,2,memcpy,autovec,4,1,1,22,31
R,2,memcpy,autovec,4,1,3,22,22
R,2,memcpy,autovec,7,0,0,21,21
R,2,memcpy,autovec,7,1,1,22,22
R,2,memcpy,autovec,7,1,3,22,22
R,2,memcpy,autovec,8,0,0,21,21
R,2,memcpy,autovec,8,1,1,22,22
R,2,memcpy,autovec,8,1,3,22,22
R,2,memcpy,autovec,15,0,0,21,21
R,2,memcpy,autovec,15,1,1,22,22
R,2,memcpy,autovec,15,1,3,22,22
R,2,memcpy,autovec,16,0,0,21,21
R,2,memcpy,autovec,16,1,1,22,22
R,2,memcpy,autovec,16,1,3,22,22
R,2,memcpy,autovec,17,0,0,27,27
R,2,memcpy,autovec,17,1,1,29,29
R,2,memcpy,autovec,17,1,3,29,29
R,2,memcpy,autovec,31,0,0,27,27
R,2,memcpy,autovec,31,1,1,29,29
R,2,memcpy,autovec,31,1,3,29,29
R,2,memcpy,autovec,32,0,0,27,27
R,2,memcpy,autovec,32,1,1,29,29
R,2,memcpy,autovec,32,1,3,29,29
R,2,memcpy,autovec,33,0,0,33,33
R,2,memcpy,autovec,33,1,1,36,36
R,2,memcpy,autovec,33,1,3,36,36
R,2,memcpy,autovec,63,0,0,39,39
R,2,memcpy,autovec,63,1,1,43,43
R,2,memcpy,autovec,63,1,3,43,43
R,2,memcpy,autovec,64,0,0,39,39
R,2,memcpy,autovec,64,1,1,43,43
R,2,memcpy,autovec,64,1,3,43,43
R,2,memcpy,autovec,65,0,0,45,45
R,2,memcpy,autovec,65,1,1,50,50
R,2,memcpy,autovec,65,1,3,50,50
R,2,memcpy,autovec,100,0,0,57,57
R,2,memcpy,autovec,100,1,1,64,77
R,2,memcpy,autovec,100,1,3,64,77
R,2,memcpy,autovec,128,0,0,63,63
R,2,memcpy,autovec,128,1,1,71,71
R,2,memcpy,autovec,128,1,3,71,84
R,2,memcpy,autovec,255,0,0,111,124
R,2,memcpy,autovec,255,1,1,127,140
R,2,memcpy,autovec,255,1,3,127,140
R,2,memcpy,autovec,256,0,0,111,124
R,2,memcpy,autovec,256,1,1,127,140
R,2,memcpy,autovec,256,1,3,127,141
R,2,memcpy,autovec,512,0,0,207,220
R,2,memcpy,autovec,512,1,1,239,265
R,2,memcpy,autovec,512,1,3,239,264
R,2,memcpy,autovec,1000,0,0,393,411
R,2,memcpy,autovec,1000,1,1,456,496
R,2,memcpy,autovec,1000,1,3,456,494
R,2,memcpy,autovec,1024,0,0,399,430
R,2,memcpy,autovec,1024,1,1,463,502
R,2,memcpy,autovec,1024,1,3,463,502
R,2,memcpy,autovec,4096,0,0,1605,1618
R,2,memcpy,autovec,4096,1,1,1913,1926
R,2,memcpy,autovec,4096,1,3,1911,1929
R,2,memcpy,autovec,8192,0,0,3204,3244
R,2,memcpy,autovec,8192,1,1,3813,3851
R,2,memcpy,autovec,8192,1,3,3811,3841
R,2,memcpy,autovec,16384,0,0,6397,6442
R,2,memcpy,autovec,16384,1,1,7619,7677
R,2,memcpy,autovec,16384,1,3,7617,7670
R,2,memcpy,picolibc,1,0,0,38,38
R,2,memcpy,picolibc,1,1,1,38,38
R,2,memcpy,picolibc,1,1,3,38,38
R,2,memcpy,picolibc,2,0,0,38,38
R,2,memcpy,picolibc,2,1,1,37,37
R,2,memcpy,picolibc,2,1,3,38,38
R,2,memcpy,picolibc,3,0,0,38,38
R,2,memcpy,picolibc,3,1,1,37,37
R,2,memcpy,picolibc,3,1,3,37,37
R,2,memcpy,picolibc,4,0,0,35,35
R,2,memcpy,picolibc,4,1,1,31,31
R,2,memcpy,picolibc,4,1,3,31,31
R,2,memcpy,picolibc,7,0,0,35,35
R,2,memcpy,picolibc,7,1,1,52,61
R,2,memcpy,picolibc,7,1,3,52,52
R,2,memcpy,picolibc,8,0,0,43,43
R,2,memcpy,picolibc,8,1,1,53,53
R,2,memcpy,picolibc,8,1,3,54,54
R,2,memcpy,picolibc,15,0,0,51,51
R,2,memcpy,picolibc,15,1,1,68,81
R,2,memcpy,picolibc,15,1,3,71,84
R,2,memcpy,picolibc,16,0,0,39,39
R,2,memcpy,picolibc,16,1,1,69,81
R,2,memcpy,picolibc,16,1,3,72,85
R,2,memcpy,picolibc,17,0,0,40,40
R,2,memcpy,picolibc,17,1,1,68,68
R,2,memcpy,picolibc,17,1,3,71,71
R,2,memcpy,picolibc,31,0,0,52,52
R,2,memcpy,picolibc,31,1,1,69,69
R,2,memcpy,picolibc,31,1,3,76,85
R,2,memcpy,picolibc,32,0,0,51,51
R,2,memcpy,picolibc,32,1,1,70,70
R,2,memcpy,picolibc,32,1,3,77,77
R,2,memcpy,picolibc,33,0,0,52,52
R,2,memcpy,picolibc,33,1,1,69,78
R,2,memcpy,picolibc,33,1,3,76,89
R,2,memcpy,picolibc,63,0,0,76,76
R,2,memcpy,picolibc,63,1,1,93,93
R,2,memcpy,picolibc,63,1,3,108,121
R,2,memcpy,picolibc,64,0,0,51,51
R,2,memcpy,picolibc,64,1,1,94,107
R,2,memcpy,picolibc,64,1,3,109,122
R,2,memcpy,picolibc,65,0,0,52,52
R,2,memcpy,picolibc,65,1,1,93,102
R,2,memcpy,picolibc,65,1,3,108,121
R,2,memcpy,picolibc,100,0,0,61,61
R,2,memcpy,picolibc,100,1,1,82,94
R,2,memcpy,picolibc,100,1,3,107,119
R,2,memcpy,picolibc,128,0,0,75,87
R,2,memcpy,picolibc,128,1,1,107,119
R,2,memcpy,picolibc,128,1,3,138,147
R,2,memcpy,picolibc,255,0,0,137,150
R,2,memcpy,picolibc,255,1,1,154,167
R,2,memcpy,picolibc,255,1,3,217,230
R,2,memcpy,picolibc,256,0,0,123,136
R,2,memcpy,picolibc,256,1,1,155,168
R,2,memcpy,picolibc,256,1,3,218,231
R,2,memcpy,picolibc,512,0,0,219,232
R,2,memcpy,picolibc,512,1,1,251,273
R,2,memcpy,picolibc,512,1,3,378,408
R,2,memcpy,picolibc,1000,0,0,405,436
R,2,memcpy,picolibc,1000,1,1,428,445
R,2,memcpy,picolibc,1000,1,3,675,705
R,2,memcpy,picolibc,1024,0,0,411,440
R,2,memcpy,picolibc,1024,1,1,443,474
R,2,memcpy,picolibc,1024,1,3,707,748
R,2,memcpy,picolibc,4096,0,0,1630,1640
R,2,memcpy,picolibc,4096,1,1,1655,1673
R,2,memcpy,picolibc,4096,1,3,2701,2760
R,2,memcpy,picolibc,8192,0,0,3209,3243
R,2,memcpy,picolibc,8192,1,1,3244,3283
R,2,memcpy,picolibc,8192,1,3,5418,5449
R,2,memcpy,picolibc,16384,0,0,6396,6467
R,2,memcpy,picolibc,16384,1,1,6467,6508
R,2,memcpy,picolibc,16384,1,3,10767,10812
R,2,memcpy,llvm-libc,1,0,0,52,52
R,2,memcpy,llvm-libc,1,1,1,63,63
R,2,memcpy,llvm-libc,1,1,3,63,63
R,2,memcpy,llvm-libc,2,0,0,58,70
R,2,memcpy,llvm-libc,2,1,1,58,58
R,2,memcpy,llvm-libc,2,1,3,59,59
R,2,memcpy,llvm-libc,3,0,0,55,55
R,2,memcpy,llvm-libc,3,1,1,58,58
R,2,memcpy,llvm-libc,3,1,3,59,68
R,2,memcpy,llvm-libc,4,0,0,52,52
R,2,memcpy,llvm-libc,4,1,1,52,61
R,2,memcpy,llvm-libc,4,1,3,52,52
R,2,memcpy,llvm-libc,7,0,0,52,52
R,2,memcpy,llvm-libc,7,1,1,54,54
R,2,memcpy,llvm-libc,7,1,3,55,68
R,2,memcpy,llvm-libc,8,0,0,57,66
R,2,memcpy,llvm-libc,8,1,1,66,66
R,2,memcpy,llvm-libc,8,1,3,67,67
R,2,memcpy,llvm-libc,15,0,0,62,71
R,2,memcpy,llvm-libc,15,1,1,79,92
R,2,memcpy,llvm-libc,15,1,3,80,93
R,2,memcpy,llvm-libc,16,0,0,56,56
R,2,memcpy,llvm-libc,16,1,1,76,89
R,2,memcpy,llvm-libc,16,1,3,77,77
R,2,memcpy,llvm-libc,17,0,0,53,62
R,2,memcpy,llvm-libc,17,1,1,82,93
R,2,memcpy,llvm-libc,17,1,3,83,96
R,2,memcpy,llvm-libc,31,0,0,63,71
R,2,memcpy,llvm-libc,31,1,1,80,93
R,2,memcpy,llvm-libc,31,1,3,86,96
R,2,memcpy,llvm-libc,32,0,0,65,65
R,2,memcpy,llvm-libc,32,1,1,77,77
R,2,memcpy,llvm-libc,32,1,3,83,83
R,2,memcpy,llvm-libc,33,0,0,62,62
R,2,memcpy,llvm-libc,33,1,1,83,83
R,2,memcpy,llvm-libc,33,1,3,89,100
R,2,memcpy,llvm-libc,63,0,0,81,90
R,2,memcpy,llvm-libc,63,1,1,98,111
R,2,memcpy,llvm-libc,63,1,3,112,112
R,2,memcpy,llvm-libc,64,0,0,67,67
R,2,memcpy,llvm-libc,64,1,1,95,108
R,2,memcpy,llvm-libc,64,1,3,109,122
R,2,memcpy,llvm-libc,65,0,0,64,64
R,2,memcpy,llvm-libc,65,1,1,101,101
R,2,memcpy,llvm-libc,65,1,3,115,128
R,2,memcpy,llvm-libc,100,0,0,73,86
R,2,memcpy,llvm-libc,100,1,1,91,104
R,2,memcpy,llvm-libc,100,1,3,116,129
R,2,memcpy,llvm-libc,128,0,0,88,101
R,2,memcpy,llvm-libc,128,1,1,107,120
R,2,memcpy,llvm-libc,128,1,3,137,149
R,2,memcpy,llvm-libc,255,0,0,134,147
R,2,memcpy,llvm-libc,255,1,1,152,165
R,2,memcpy,llvm-libc,255,1,3,214,226
R,2,memcpy,llvm-libc,256,0,0,130,143
R,2,memcpy,llvm-libc,256,1,1,149,162
R,2,memcpy,llvm-libc,256,1,3,211,231
R,2,memcpy,llvm-libc,512,0,0,214,235
R,2,memcpy,llvm-libc,512,1,1,233,255
R,2,memcpy,llvm-libc,512,1,3,359,381
R,2,memcpy,llvm-libc,1000,0,0,372,394
R,2,memcpy,llvm-libc,1000,1,1,381,412
R,2,memcpy,llvm-libc,1000,1,3,630,664
R,2,memcpy,llvm-libc,1024,0,0,382,413
R,2,memcpy,llvm-libc,1024,1,1,401,432
R,2,memcpy,llvm-libc,1024,1,3,665,702
R,2,memcpy,llvm-libc,4096,0,0,1438,1457
R,2,memcpy,llvm-libc,4096,1,1,1458,1475
R,2,memcpy,llvm-libc,4096,1,3,2552,2563
R,2,memcpy,llvm-libc,8192,0,0,2849,2872
R,2,memcpy,llvm-libc,8192,1,1,2852,2894
R,2,memcpy,llvm-libc,8192,1,3,5004,5061
R,2,memcpy,llvm-libc,16384,0,0,5627,5700
R,2,memcpy,llvm-libc,16384,1,1,5662,5716
R,2,memcpy,llvm-libc,16384,1,3,10004,10055
R,2,memcpy,mve16,1,0,0,21,21
R,2,memcpy,mve16,1,1,1,22,22
R,2,memcpy,mve16,1,1,3,22,22
R,2,memcpy,mve16,2,0,0,21,21
R,2,memcpy,mve16,2,1,1,22,22
R,2,memcpy,mve16,2,1,3,22,22
R,2,memcpy,mve16,3,0,0,21,21
R,2,memcpy,mve16,3,1,1,22,22
R,2,memcpy,mve16,3,1,3,22,22
R,2,memcpy,mve16,4,0,0,21,21
R,2,memcpy,mve16,4,1,1,22,22
R,2,memcpy,mve16,4,1,3,22,22
R,2,memcpy,mve16,7,0,0,21,21
R,2,memcpy,mve16,7,1,1,22,22
R,2,memcpy,mve16,7,1,3,22,22
R,2,memcpy,mve16,8,0,0,21,21
R,2,memcpy,mve16,8,1,1,22,22
R,2,memcpy,mve16,8,1,3,22,22
R,2,memcpy,mve16,15,0,0,21,21
R,2,memcpy,mve16,15,1,1,22,22
R,2,memcpy,mve16,15,1,3,22,22
R,2,memcpy,mve16,16,0,0,21,21
R,2,memcpy,mve16,16,1,1,22,22
R,2,memcpy,mve16,16,1,3,22,22
R,2,memcpy,mve16,17,0,0,27,27
R,2,memcpy,mve16,17,1,1,29,29
R,2,memcpy,mve16,17,1,3,29,29
R,2,memcpy,mve16,31,0,0,27,27
R,2,memcpy,mve16,31,1,1,29,29
R,2,memcpy,mve16,31,1,3,29,29
R,2,memcpy,mve16,32,0,0,27,27
R,2,memcpy,mve16,32,1,1,29,29
R,2,memcpy,mve16,32,1,3,29,29
R,2,memcpy,mve16,33,0,0,33,33
R,2,memcpy,mve16,33,1,1,36,36
R,2,memcpy,mve16,33,1,3,36,36
R,2,memcpy,mve16,63,0,0,39,39
R,2,memcpy,mve16,63,1,1,43,43
R,2,memcpy,mve16,63,1,3,43,43
R,2,memcpy,mve16,64,0,0,39,39
R,2,memcpy,mve16,64,1,1,43,43
R,2,memcpy,mve16,64,1,3,43,43
R,2,memcpy,mve16,65,0,0,45,45
R,2,memcpy,mve16,65,1,1,50,50
R,2,memcpy,mve16,65,1,3,50,50
R,2,memcpy,mve16,100,0,0,57,57
R,2,memcpy,mve16,100,1,1,64,64
R,2,memcpy,mve16,100,1,3,64,77
R,2,memcpy,mve16,128,0,0,63,72
R,2,memcpy,mve16,128,1,1,71,84
R,2,memcpy,mve16,128,1,3,71,71
R,2,memcpy,mve16,255,0,0,111,124
R,2,memcpy,mve16,255,1,1,127,140
R,2,memcpy,mve16,255,1,3,127,140
R,2,memcpy,mve16,256,0,0,111,124
R,2,memcpy,mve16,256,1,1,127,140
R,2,memcpy,mve16,256,1,3,127,140
R,2,memcpy,mve16,512,0,0,207,229
R,2,memcpy,mve16,512,1,1,239,266
R,2,memcpy,mve16,512,1,3,239,248
R,2,memcpy,mve16,1000,0,0,393,424
R,2,memcpy,mve16,1000,1,1,456,496
R,2,memcpy,mve16,1000,1,3,456,495
R,2,memcpy,mve16,1024,0,0,399,430
R,2,memcpy,mve16,1024,1,1,476,502
R,2,memcpy,mve16,1024,1,3,463,502
R,2,memcpy,mve16,4096,0,0,1609,1623
R,2,memcpy,mve16,4096,1,1,1832,1928
R,2,memcpy,mve16,4096,1,3,1894,1925
R,2,memcpy,mve16,8192,0,0,3204,3235
R,2,memcpy,mve16,8192,1,1,3783,3840
R,2,memcpy,mve16,8192,1,3,3755,3838
R,2,memcpy,mve16,16384,0,0,6375,6442
R,2,memcpy,mve16,16384,1,1,7584,7674
R,2,memcpy,mve16,16384,1,3,7553,7685
R,2,memcpy,mve64,1,0,0,39,39
R,2,memcpy,mve64,1,1,1,40,40
R,2,memcpy,mve64,1,1,3,40,40
R,2,memcpy,mve64,2,0,0,39,39
R,2,memcpy,mve64,2,1,1,40,40
R,2,memcpy,mve64,2,1,3,40,40
R,2,memcpy,mve64,3,0,0,39,39
R,2,memcpy,mve64,3,1,1,40,40
R,2,memcpy,mve64,3,1,3,40,40
R,2,memcpy,mve64,4,0,0,39,39
R,2,memcpy,mve64,4,1,1,40,40
R,2,memcpy,mve64,4,1,3,40,40
R,2,memcpy,mve64,7,0,0,39,39
R,2,memcpy,mve64,7,1,1,40,40
R,2,memcpy,mve64,7,1,3,40,40
R,2,memcpy,mve64,8,0,0,39,39
R,2,memcpy,mve64,8,1,1,40,40
R,2,memcpy,mve64,8,1,3,40,40
R,2,memcpy,mve64,15,0,0,39,39
R,2,memcpy,mve64,15,1,1,40,40
R,2,memcpy,mve64,15,1,3,40,40
R,2,memcpy,mve64,16,0,0,31,31
R,2,memcpy,mve64,16,1,1,32,32
R,2,memcpy,mve64,16,1,3,32,32
R,2,memcpy,mve64,17,0,0,38,38
R,2,memcpy,mve64,17,1,1,41,50
R,2,memcpy,mve64,17,1,3,41,41
R,2,memcpy,mve64,31,0,0,38,38
R,2,memcpy,mve64,31,1,1,41,41
R,2,memcpy,mve64,31,1,3,41,41
R,2,memcpy,mve64,32,0,0,37,37
R,2,memcpy,mve64,32,1,1,39,48
R,2,memcpy,mve64,32,1,3,39,39
R,2,memcpy,mve64,33,0,0,44,44
R,2,memcpy,mve64,33,1,1,47,47
R,2,memcpy,mve64,33,1,3,47,60
R,2,memcpy,mve64,63,0,0,50,50
R,2,memcpy,mve64,63,1,1,54,63
R,2,memcpy,mve64,63,1,3,54,54
R,2,memcpy,mve64,64,0,0,35,35
R,2,memcpy,mve64,64,1,1,41,41
R,2,memcpy,mve64,64,1,3,41,41
R,2,memcpy,mve64,65,0,0,42,42
R,2,memcpy,mve64,65,1,1,49,58
R,2,memcpy,mve64,65,1,3,49,49
R,2,memcpy,mve64,100,0,0,55,55
R,2,memcpy,mve64,100,1,1,64,74
R,2,memcpy,mve64,100,1,3,64,74
R,2,memcpy,mve64,128,0,0,48,48
R,2,memcpy,mve64,128,1,1,57,57
R,2,memcpy,mve64,128,1,3,57,70
R,2,memcpy,mve64,255,0,0,87,100
R,2,memcpy,mve64,255,1,1,106,116
R,2,memcpy,mve64,255,1,3,106,118
R,2,memcpy,mve64,256,0,0,74,86
R,2,memcpy,mve64,256,1,1,92,105
R,2,memcpy,mve64,256,1,3,92,107
R,2,memcpy,mve64,512,0,0,126,139
R,2,memcpy,mve64,512,1,1,162,175
R,2,memcpy,mve64,512,1,3,162,175
R,2,memcpy,mve64,1000,0,0,237,259
R,2,memcpy,mve64,1000,1,1,309,333
R,2,memcpy,mve64,1000,1,3,309,334
R,2,memcpy,mve64,1024,0,0,230,243
R,2,memcpy,mve64,1024,1,1,302,329
R,2,memcpy,mve64,1024,1,3,302,329
R,2,memcpy,mve64,4096,0,0,871,903
R,2,memcpy,mve64,4096,1,1,1193,1220
R,2,memcpy,mve64,4096,1,3,1193,1220
R,2,memcpy,mve64,8192,0,0,1740,1762
R,2,memcpy,mve64,8192,1,1,2400,2413
R,2,memcpy,mve64,8192,1,3,2403,2413
R,2,memcpy,mve64,16384,0,0,3458,3516
R,2,memcpy,mve64,16384,1,1,4718,4800
R,2,memcpy,mve64,16384,1,3,4740,4791
R,2,memmove_fwd,byte,1,0,0,44,44
R,2,memmove_fwd,byte,1,1,0,44,44
R,2,memmove_fwd,byte,2,0,0,49,49
R,2,memmove_fwd,byte,2,1,0,49,49
R,2,memmove_fwd,byte,3,0,0,51,51
R,2,memmove_fwd,byte,3,1,0,51,51
R,2,memmove_fwd,byte,4,0,0,52,52
R,2,memmove_fwd,byte,4,1,0,52,52
R,2,memmove_fwd,byte,7,0,0,56,56
R,2,memmove_fwd,byte,7,1,0,56,56
R,2,memmove_fwd,byte,8,0,0,60,71
R,2,memmove_fwd,byte,8,1,0,60,60
R,2,memmove_fwd,byte,15,0,0,72,85
R,2,memmove_fwd,byte,15,1,0,72,85
R,2,memmove_fwd,byte,16,0,0,76,76
R,2,memmove_fwd,byte,16,1,0,76,87
R,2,memmove_fwd,byte,17,0,0,73,73
R,2,memmove_fwd,byte,17,1,0,73,83
R,2,memmove_fwd,byte,31,0,0,104,117
R,2,memmove_fwd,byte,31,1,0,104,104
R,2,memmove_fwd,byte,32,0,0,108,119
R,2,memmove_fwd,byte,32,1,0,108,121
R,2,memmove_fwd,byte,33,0,0,105,118
R,2,memmove_fwd,byte,33,1,0,105,117
R,2,memmove_fwd,byte,63,0,0,168,181
R,2,memmove_fwd,byte,63,1,0,168,181
R,2,memmove_fwd,byte,64,0,0,172,185
R,2,memmove_fwd,byte,64,1,0,172,185
R,2,memmove_fwd,byte,65,0,0,169,182
R,2,memmove_fwd,byte,65,1,0,169,182
R,2,memmove_fwd,byte,100,0,0,244,266
R,2,memmove_fwd,byte,100,1,0,244,257
R,2,memmove_fwd,byte,128,0,0,300,322
R,2,memmove_fwd,byte,128,1,0,300,324
R,2,memmove_fwd,byte,255,0,0,564,587
R,2,memmove_fwd,byte,255,1,0,552,583
R,2,memmove_fwd,byte,256,0,0,556,594
R,2,memmove_fwd,byte,256,1,0,568,591
R,2,memmove_fwd,byte,512,0,0,1098,1122
R,2,memmove_fwd,byte,512,1,0,1103,1136
R,2,memmove_fwd,byte,1000,0,0,2129,2143
R,2,memmove_fwd,byte,1000,1,0,2091,2167
R,2,memmove_fwd,byte,1024,0,0,2182,2191
R,2,memmove_fwd,byte,1024,1,0,2138,2219
R,2,memmove_fwd,byte,4096,0,0,8560,8614
R,2,memmove_fwd,byte,4096,1,0,8652,8720
R,2,memmove_fwd,byte,8192,0,0,17125,17179
R,2,memmove_fwd,byte,8192,1,0,17320,17399
R,2,memmove_fwd,byte,16384,0,0,34229,34306
R,2,memmove_fwd,byte,16384,1,0,34671,34752
R,2,memmove_fwd,picolibc,1,0,0,30,31
R,2,memmove_fwd,picolibc,1,1,0,30,30
R,2,memmove_fwd,picolibc,2,0,0,39,39
R,2,memmove_fwd,picolibc,2,1,0,39,39
R,2,memmove_fwd,picolibc,3,0,0,46,46
R,2,memmove_fwd,picolibc,3,1,0,46,46
R,2,memmove_fwd,picolibc,4,0,0,64,64
R,2,memmove_fwd,picolibc,4,1,0,45,45
R,2,memmove_fwd,picolibc,7,0,0,84,97
R,2,memmove_fwd,picolibc,7,1,0,61,70
R,2,memmove_fwd,picolibc,8,0,0,70,71
R,2,memmove_fwd,picolibc,8,1,0,54,54
R,2,memmove_fwd,picolibc,15,0,0,89,98
R,2,memmove_fwd,picolibc,15,1,0,79,91
R,2,memmove_fwd,picolibc,16,0,0,75,75
R,2,memmove_fwd,picolibc,16,1,0,72,72
R,2,memmove_fwd,picolibc,17,0,0,79,91
R,2,memmove_fwd,picolibc,17,1,0,81,93
R,2,memmove_fwd,picolibc,31,0,0,109,122
R,2,memmove_fwd,picolibc,31,1,0,115,127
R,2,memmove_fwd,picolibc,32,0,0,77,77
R,2,memmove_fwd,picolibc,32,1,0,108,120
R,2,memmove_fwd,picolibc,33,0,0,81,90
R,2,memmove_fwd,picolibc,33,1,0,117,129
R,2,memmove_fwd,picolibc,63,0,0,117,129
R,2,memmove_fwd,picolibc,63,1,0,187,200
R,2,memmove_fwd,picolibc,64,0,0,73,73
R,2,memmove_fwd,picolibc,64,1,0,180,192
R,2,memmove_fwd,picolibc,65,0,0,77,77
R,2,memmove_fwd,picolibc,65,1,0,189,201
R,2,memmove_fwd,picolibc,100,0,0,99,111
R,2,memmove_fwd,picolibc,100,1,0,261,281
R,2,memmove_fwd,picolibc,128,0,0,95,102
R,2,memmove_fwd,picolibc,128,1,0,324,346
R,2,memmove_fwd,picolibc,255,0,0,173,186
R,2,memmove_fwd,picolibc,255,1,0,627,655
R,2,memmove_fwd,picolibc,256,0,0,139,152
R,2,memmove_fwd,picolibc,256,1,0,612,654
R,2,memmove_fwd,picolibc,512,0,0,227,247
R,2,memmove_fwd,picolibc,512,1,0,1230,1262
R,2,memmove_fwd,picolibc,1000,0,0,413,440
R,2,memmove_fwd,picolibc,1000,1,0,2350,2414
R,2,memmove_fwd,picolibc,1024,0,0,403,433
R,2,memmove_fwd,picolibc,1024,1,0,2456,2468
R,2,memmove_fwd,picolibc,4096,0,0,1513,1527
R,2,memmove_fwd,picolibc,4096,1,0,9682,9755
R,2,memmove_fwd,picolibc,8192,0,0,2984,3012
R,2,memmove_fwd,picolibc,8192,1,0,19377,19458
R,2,memmove_fwd,picolibc,16384,0,0,5907,5959
R,2,memmove_fwd,picolibc,16384,1,0,38796,38865
R,2,memmove_fwd,llvm-libc,1,0,0,63,63
R,2,memmove_fwd,llvm-libc,1,1,0,74,74
R,2,memmove_fwd,llvm-libc,2,0,0,69,69
R,2,memmove_fwd,llvm-libc,2,1,0,69,76
R,2,memmove_fwd,llvm-libc,3,0,0,66,73
R,2,memmove_fwd,llvm-libc,3,1,0,69,82
R,2,memmove_fwd,llvm-libc,4,0,0,63,76
R,2,memmove_fwd,llvm-libc,4,1,0,63,70
R,2,memmove_fwd,llvm-libc,7,0,0,63,63
R,2,memmove_fwd,llvm-libc,7,1,0,65,65
R,2,memmove_fwd,llvm-libc,8,0,0,68,81
R,2,memmove_fwd,llvm-libc,8,1,0,77,86
R,2,memmove_fwd,llvm-libc,15,0,0,37,37
R,2,memmove_fwd,llvm-libc,15,1,0,37,37
R,2,memmove_fwd,llvm-libc,16,0,0,36,36
R,2,memmove_fwd,llvm-libc,16,1,0,37,46
R,2,memmove_fwd,llvm-libc,17,0,0,42,42
R,2,memmove_fwd,llvm-libc,17,1,0,44,44
R,2,memmove_fwd,llvm-libc,31,0,0,42,42
R,2,memmove_fwd,llvm-libc,31,1,0,44,44
R,2,memmove_fwd,llvm-libc,32,0,0,42,42
R,2,memmove_fwd,llvm-libc,32,1,0,44,44
R,2,memmove_fwd,llvm-libc,33,0,0,48,57
R,2,memmove_fwd,llvm-libc,33,1,0,51,58
R,2,memmove_fwd,llvm-libc,63,0,0,54,54
R,2,memmove_fwd,llvm-libc,63,1,0,58,58
R,2,memmove_fwd,llvm-libc,64,0,0,54,54
R,2,memmove_fwd,llvm-libc,64,1,0,58,67
R,2,memmove_fwd,llvm-libc,65,0,0,60,60
R,2,memmove_fwd,llvm-libc,65,1,0,65,65
R,2,memmove_fwd,llvm-libc,100,0,0,72,79
R,2,memmove_fwd,llvm-libc,100,1,0,79,79
R,2,memmove_fwd,llvm-libc,128,0,0,78,90
R,2,memmove_fwd,llvm-libc,128,1,0,86,98
R,2,memmove_fwd,llvm-libc,255,0,0,126,139
R,2,memmove_fwd,llvm-libc,255,1,0,142,155
R,2,memmove_fwd,llvm-libc,256,0,0,126,139
R,2,memmove_fwd,llvm-libc,256,1,0,142,155
R,2,memmove_fwd,llvm-libc,512,0,0,222,235
R,2,memmove_fwd,llvm-libc,512,1,0,254,279
R,2,memmove_fwd,llvm-libc,1000,0,0,408,438
R,2,memmove_fwd,llvm-libc,1000,1,0,471,508
R,2,memmove_fwd,llvm-libc,1024,0,0,423,445
R,2,memmove_fwd,llvm-libc,1024,1,0,478,515
R,2,memmove_fwd,llvm-libc,4096,0,0,1620,1633
R,2,memmove_fwd,llvm-libc,4096,1,0,1917,1931
R,2,memmove_fwd,llvm-libc,8192,0,0,3232,3246
R,2,memmove_fwd,llvm-libc,8192,1,0,3768,3842
R,2,memmove_fwd,llvm-libc,16384,0,0,6390,6457
R,2,memmove_fwd,llvm-libc,16384,1,0,7595,7643
R,2,memmove_fwd,mve64,1,0,0,49,49
R,2,memmove_fwd,mve64,1,1,0,50,50
R,2,memmove_fwd,mve64,2,0,0,49,58
R,2,memmove_fwd,mve64,2,1,0,50,50
R,2,memmove_fwd,mve64,3,0,0,49,49
R,2,memmove_fwd,mve64,3,1,0,50,50
R,2,memmove_fwd,mve64,4,0,0,49,49
R,2,memmove_fwd,mve64,4,1,0,50,58
R,2,memmove_fwd,mve64,7,0,0,49,56
R,2,memmove_fwd,mve64,7,1,0,50,50
R,2,memmove_fwd,mve64,8,0,0,49,58
R,2,memmove_fwd,mve64,8,1,0,50,59
R,2,memmove_fwd,mve64,15,0,0,49,56
R,2,memmove_fwd,mve64,15,1,0,50,50
R,2,memmove_fwd,mve64,16,0,0,49,58
R,2,memmove_fwd,mve64,16,1,0,50,59
R,2,memmove_fwd,mve64,17,0,0,49,49
R,2,memmove_fwd,mve64,17,1,0,51,51
R,2,memmove_fwd,mve64,31,0,0,49,58
R,2,memmove_fwd,mve64,31,1,0,51,62
R,2,memmove_fwd,mve64,32,0,0,55,55
R,2,memmove_fwd,mve64,32,1,0,57,66
R,2,memmove_fwd,mve64,33,0,0,55,64
R,2,memmove_fwd,mve64,33,1,0,58,58
R,2,memmove_fwd,mve64,63,0,0,61,61
R,2,memmove_fwd,mve64,63,1,0,65,78
R,2,memmove_fwd,mve64,64,0,0,52,52
R,2,memmove_fwd,mve64,64,1,0,56,56
R,2,memmove_fwd,mve64,65,0,0,53,53
R,2,memmove_fwd,mve64,65,1,0,58,58
R,2,memmove_fwd,mve64,100,0,0,66,66
R,2,memmove_fwd,mve64,100,1,0,73,85
R,2,memmove_fwd,mve64,128,0,0,65,65
R,2,memmove_fwd,mve64,128,1,0,73,80
R,2,memmove_fwd,mve64,255,0,0,98,98
R,2,memmove_fwd,mve64,255,1,0,114,126
R,2,memmove_fwd,mve64,256,0,0,91,91
R,2,memmove_fwd,mve64,256,1,0,107,120
R,2,memmove_fwd,mve64,512,0,0,143,156
R,2,memmove_fwd,mve64,512,1,0,175,188
R,2,memmove_fwd,mve64,1000,0,0,248,270
R,2,memmove_fwd,mve64,1000,1,0,311,336
R,2,memmove_fwd,mve64,1024,0,0,247,260
R,2,memmove_fwd,mve64,1024,1,0,311,336
R,2,memmove_fwd,mve64,4096,0,0,889,920
R,2,memmove_fwd,mve64,4096,1,0,1187,1199
R,2,memmove_fwd,mve64,8192,0,0,1761,1779
R,2,memmove_fwd,mve64,8192,1,0,2297,2348
R,2,memmove_fwd,mve64,16384,0,0,3502,3532
R,2,memmove_fwd,mve64,16384,1,0,4594,4656
R,2,memmove_bwd,byte,1,0,0,43,43
R,2,memmove_bwd,byte,1,1,0,43,43
R,2,memmove_bwd,byte,2,0,0,52,52
R,2,memmove_bwd,byte,2,1,0,52,61
R,2,memmove_bwd,byte,3,0,0,54,54
R,2,memmove_bwd,byte,3,1,0,54,63
R,2,memmove_bwd,byte,4,0,0,57,57
R,2,memmove_bwd,byte,4,1,0,57,57
R,2,memmove_bwd,byte,7,0,0,69,69
R,2,memmove_bwd,byte,7,1,0,69,81
R,2,memmove_bwd,byte,8,0,0,66,78
R,2,memmove_bwd,byte,8,1,0,66,75
R,2,memmove_bwd,byte,15,0,0,87,99
R,2,memmove_bwd,byte,15,1,0,88,100
R,2,memmove_bwd,byte,16,0,0,84,97
R,2,memmove_bwd,byte,16,1,0,85,98
R,2,memmove_bwd,byte,17,0,0,85,98
R,2,memmove_bwd,byte,17,1,0,86,98
R,2,memmove_bwd,byte,31,0,0,123,136
R,2,memmove_bwd,byte,31,1,0,126,138
R,2,memmove_bwd,byte,32,0,0,120,131
R,2,memmove_bwd,byte,32,1,0,123,135
R,2,memmove_bwd,byte,33,0,0,121,134
R,2,memmove_bwd,byte,33,1,0,124,136
R,2,memmove_bwd,byte,63,0,0,195,208
R,2,memmove_bwd,byte,63,1,0,202,215
R,2,memmove_bwd,byte,64,0,0,192,205
R,2,memmove_bwd,byte,64,1,0,199,212
R,2,memmove_bwd,byte,65,0,0,193,206
R,2,memmove_bwd,byte,65,1,0,200,213
R,2,memmove_bwd,byte,100,0,0,273,295
R,2,memmove_bwd,byte,100,1,0,285,307
R,2,memmove_bwd,byte,128,0,0,336,358
R,2,memmove_bwd,byte,128,1,0,351,373
R,2,memmove_bwd,byte,255,0,0,636,663
R,2,memmove_bwd,byte,255,1,0,667,699
R,2,memmove_bwd,byte,256,0,0,637,664
R,2,memmove_bwd,byte,256,1,0,665,692
R,2,memmove_bwd,byte,512,0,0,1213,1249
R,2,memmove_bwd,byte,512,1,0,1312,1328
R,2,memmove_bwd,byte,1000,0,0,2343,2410
R,2,memmove_bwd,byte,1000,1,0,2535,2540
R,2,memmove_bwd,byte,1024,0,0,2410,2464
R,2,memmove_bwd,byte,1024,1,0,2592,2605
R,2,memmove_bwd,byte,4096,0,0,9633,9691
R,2,memmove_bwd,byte,4096,1,0,10165,10253
R,2,memmove_bwd,byte,8192,0,0,19267,19321
R,2,memmove_bwd,byte,8192,1,0,20312,20448
R,2,memmove_bwd,byte,16384,0,0,38532,38572
R,2,memmove_bwd,byte,16384,1,0,40763,40816
R,2,memmove_bwd,picolibc,1,0,0,30,30
R,2,memmove_bwd,picolibc,1,1,0,30,30
R,2,memmove_bwd,picolibc,2,0,0,39,39
R,2,memmove_bwd,picolibc,2,1,0,39,39
R,2,memmove_bwd,picolibc,3,0,0,46,46
R,2,memmove_bwd,picolibc,3,1,0,46,46
R,2,memmove_bwd,picolibc,4,0,0,64,73
R,2,memmove_bwd,picolibc,4,1,0,45,45
R,2,memmove_bwd,picolibc,7,0,0,84,96
R,2,memmove_bwd,picolibc,7,1,0,61,73
R,2,memmove_bwd,picolibc,8,0,0,70,79
R,2,memmove_bwd,picolibc,8,1,0,55,55
R,2,memmove_bwd,picolibc,15,0,0,94,106
R,2,memmove_bwd,picolibc,15,1,0,98,110
R,2,memmove_bwd,picolibc,16,0,0,65,65
R,2,memmove_bwd,picolibc,16,1,0,85,85
R,2,memmove_bwd,picolibc,17,0,0,92,99
R,2,memmove_bwd,picolibc,17,1,0,93,100
R,2,memmove_bwd,picolibc,31,0,0,130,143
R,2,memmove_bwd,picolibc,31,1,0,103,115
R,2,memmove_bwd,picolibc,32,0,0,75,84
R,2,memmove_bwd,picolibc,32,1,0,123,135
R,2,memmove_bwd,picolibc,33,0,0,128,141
R,2,memmove_bwd,picolibc,33,1,0,131,143
R,2,memmove_bwd,picolibc,63,0,0,202,215
R,2,memmove_bwd,picolibc,63,1,0,123,134
R,2,memmove_bwd,picolibc,64,0,0,95,108
R,2,memmove_bwd,picolibc,64,1,0,199,212
R,2,memmove_bwd,picolibc,65,0,0,200,213
R,2,memmove_bwd,picolibc,65,1,0,207,220
R,2,memmove_bwd,picolibc,100,0,0,130,142
R,2,memmove_bwd,picolibc,100,1,0,285,306
R,2,memmove_bwd,picolibc,128,0,0,135,147
R,2,memmove_bwd,picolibc,128,1,0,351,372
R,2,memmove_bwd,picolibc,255,0,0,647,673
R,2,memmove_bwd,picolibc,255,1,0,243,264
R,2,memmove_bwd,picolibc,256,0,0,215,227
R,2,memmove_bwd,picolibc,256,1,0,667,696
R,2,memmove_bwd,picolibc,512,0,0,375,404
R,2,memmove_bwd,picolibc,512,1,0,1312,1324
R,2,memmove_bwd,picolibc,1000,0,0,696,724
R,2,memmove_bwd,picolibc,1000,1,0,2533,2538
R,2,memmove_bwd,picolibc,1024,0,0,707,731
R,2,memmove_bwd,picolibc,1024,1,0,2538,2604
R,2,memmove_bwd,picolibc,4096,0,0,2711,2723
R,2,memmove_bwd,picolibc,4096,1,0,10186,10254
R,2,memmove_bwd,picolibc,8192,0,0,5331,5389
R,2,memmove_bwd,picolibc,8192,1,0,20389,20445
R,2,memmove_bwd,picolibc,16384,0,0,10681,10716
R,2,memmove_bwd,picolibc,16384,1,0,40777,40815
R,2,memmove_bwd,llvm-libc,1,0,0,63,63
R,2,memmove_bwd,llvm-libc,1,1,0,74,86
R,2,memmove_bwd,llvm-libc,2,0,0,69,69
R,2,memmove_bwd,llvm-libc,2,1,0,69,69
R,2,memmove_bwd,llvm-libc,3,0,0,66,66
R,2,memmove_bwd,llvm-libc,3,1,0,69,76
R,2,memmove_bwd,llvm-libc,4,0,0,63,70
R,2,memmove_bwd,llvm-libc,4,1,0,63,75
R,2,memmove_bwd,llvm-libc,7,0,0,63,72
R,2,memmove_bwd,llvm-libc,7,1,0,65,65
R,2,memmove_bwd,llvm-libc,8,0,0,68,81
R,2,memmove_bwd,llvm-libc,8,1,0,77,90
R,2,memmove_bwd,llvm-libc,15,0,0,105,118
R,2,memmove_bwd,llvm-libc,15,1,0,105,118
R,2,memmove_bwd,llvm-libc,16,0,0,110,123
R,2,memmove_bwd,llvm-libc,16,1,0,110,123
R,2,memmove_bwd,llvm-libc,17,0,0,115,128
R,2,memmove_bwd,llvm-libc,17,1,0,115,128
R,2,memmove_bwd,llvm-libc,31,0,0,185,198
R,2,memmove_bwd,llvm-libc,31,1,0,185,198
R,2,memmove_bwd,llvm-libc,32,0,0,190,203
R,2,memmove_bwd,llvm-libc,32,1,0,190,203
R,2,memmove_bwd,llvm-libc,33,0,0,195,208
R,2,memmove_bwd,llvm-libc,33,1,0,195,208
R,2,memmove_bwd,llvm-libc,63,0,0,345,369
R,2,memmove_bwd,llvm-libc,63,1,0,345,369
R,2,memmove_bwd,llvm-libc,64,0,0,350,374
R,2,memmove_bwd,llvm-libc,64,1,0,350,374
R,2,memmove_bwd,llvm-libc,65,0,0,355,379
R,2,memmove_bwd,llvm-libc,65,1,0,355,378
R,2,memmove_bwd,llvm-libc,100,0,0,552,555
R,2,memmove_bwd,llvm-libc,100,1,0,543,565
R,2,memmove_bwd,llvm-libc,128,0,0,670,714
R,2,memmove_bwd,llvm-libc,128,1,0,681,716
R,2,memmove_bwd,llvm-libc,255,0,0,1340,1374
R,2,memmove_bwd,llvm-libc,255,1,0,1362,1382
R,2,memmove_bwd,llvm-libc,256,0,0,1317,1378
R,2,memmove_bwd,llvm-libc,256,1,0,1367,1388
R,2,memmove_bwd,llvm-libc,512,0,0,2722,2746
R,2,memmove_bwd,llvm-libc,512,1,0,2657,2742
R,2,memmove_bwd,llvm-libc,1000,0,0,5243,5321
R,2,memmove_bwd,llvm-libc,1000,1,0,5242,5322
R,2,memmove_bwd,llvm-libc,1024,0,0,5387,5451
R,2,memmove_bwd,llvm-libc,1024,1,0,5353,5451
R,2,memmove_bwd,llvm-libc,4096,0,0,21606,21668
R,2,memmove_bwd,llvm-libc,4096,1,0,21590,21666
R,2,memmove_bwd,llvm-libc,8192,0,0,43112,43282
R,2,memmove_bwd,llvm-libc,8192,1,0,43233,43286
R,2,memmove_bwd,llvm-libc,16384,0,0,86496,86535
R,2,memmove_bwd,llvm-libc,16384,1,0,86481,86533
R,2,memmove_bwd,mve64,1,0,0,51,51
R,2,memmove_bwd,mve64,1,1,0,52,61
R,2,memmove_bwd,mve64,2,0,0,51,51
R,2,memmove_bwd,mve64,2,1,0,52,52
R,2,memmove_bwd,mve64,3,0,0,51,51
R,2,memmove_bwd,mve64,3,1,0,52,52
R,2,memmove_bwd,mve64,4,0,0,51,60
R,2,memmove_bwd,mve64,4,1,0,52,64
R,2,memmove_bwd,mve64,7,0,0,51,51
R,2,memmove_bwd,mve64,7,1,0,52,61
R,2,memmove_bwd,mve64,8,0,0,51,51
R,2,memmove_bwd,mve64,8,1,0,52,52
R,2,memmove_bwd,mve64,15,0,0,51,60
R,2,memmove_bwd,mve64,15,1,0,52,52
R,2,memmove_bwd,mve64,16,0,0,45,45
R,2,memmove_bwd,mve64,16,1,0,46,53
R,2,memmove_bwd,mve64,17,0,0,53,53
R,2,memmove_bwd,mve64,17,1,0,54,54
R,2,memmove_bwd,mve64,31,0,0,53,53
R,2,memmove_bwd,mve64,31,1,0,53,53
R,2,memmove_bwd,mve64,32,0,0,51,58
R,2,memmove_bwd,mve64,32,1,0,53,53
R,2,memmove_bwd,mve64,33,0,0,60,67
R,2,memmove_bwd,mve64,33,1,0,61,68
R,2,memmove_bwd,mve64,63,0,0,67,74
R,2,memmove_bwd,mve64,63,1,0,65,76
R,2,memmove_bwd,mve64,64,0,0,54,54
R,2,memmove_bwd,mve64,64,1,0,59,68
R,2,memmove_bwd,mve64,65,0,0,66,66
R,2,memmove_bwd,mve64,65,1,0,67,79
R,2,memmove_bwd,mve64,100,0,0,67,74
R,2,memmove_bwd,mve64,100,1,0,75,87
R,2,memmove_bwd,mve64,128,0,0,71,84
R,2,memmove_bwd,mve64,128,1,0,80,93
R,2,memmove_bwd,mve64,255,0,0,125,139
R,2,memmove_bwd,mve64,255,1,0,108,121
R,2,memmove_bwd,mve64,256,0,0,105,118
R,2,memmove_bwd,mve64,256,1,0,122,135
R,2,memmove_bwd,mve64,512,0,0,173,186
R,2,memmove_bwd,mve64,512,1,0,206,227
R,2,memmove_bwd,mve64,1000,0,0,305,328
R,2,memmove_bwd,mve64,1000,1,0,369,397
R,2,memmove_bwd,mve64,1024,0,0,309,331
R,2,memmove_bwd,mve64,1024,1,0,374,414
R,2,memmove_bwd,mve64,4096,0,0,1138,1182
R,2,memmove_bwd,mve64,4096,1,0,1438,1470
R,2,memmove_bwd,mve64,8192,0,0,2263,2326
R,2,memmove_bwd,mve64,8192,1,0,2833,2940
R,2,memmove_bwd,mve64,16384,0,0,4602,4619
R,2,memmove_bwd,mve64,16384,1,0,5744,5830
R,2,memset,byte,1,0,0,24,24
R,2,memset,byte,1,1,0,24,24
R,2,memset,byte,2,0,0,31,31
R,2,memset,byte,2,1,0,31,31
R,2,memset,byte,3,0,0,34,34
R,2,memset,byte,3,1,0,34,34
R,2,memset,byte,4,0,0,29,29
R,2,memset,byte,4,1,0,29,29
R,2,memset,byte,7,0,0,42,42
R,2,memset,byte,7,1,0,42,51
R,2,memset,byte,8,0,0,35,35
R,2,memset,byte,8,1,0,35,35
R,2,memset,byte,15,0,0,53,62
R,2,memset,byte,15,1,0,53,62
R,2,memset,byte,16,0,0,47,47
R,2,memset,byte,16,1,0,47,56
R,2,memset,byte,17,0,0,49,49
R,2,memset,byte,17,1,0,49,49
R,2,memset,byte,31,0,0,77,77
R,2,memset,byte,31,1,0,77,89
R,2,memset,byte,32,0,0,71,71
R,2,memset,byte,32,1,0,71,71
R,2,memset,byte,33,0,0,73,73
R,2,memset,byte,33,1,0,73,73
R,2,memset,byte,63,0,0,125,137
R,2,memset,byte,63,1,0,125,138
R,2,memset,byte,64,0,0,119,132
R,2,memset,byte,64,1,0,119,132
R,2,memset,byte,65,0,0,121,121
R,2,memset,byte,65,1,0,121,134
R,2,memset,byte,100,0,0,173,186
R,2,memset,byte,100,1,0,173,186
R,2,memset,byte,128,0,0,215,228
R,2,memset,byte,128,1,0,215,237
R,2,memset,byte,255,0,0,413,444
R,2,memset,byte,255,1,0,422,444
R,2,memset,byte,256,0,0,407,438
R,2,memset,byte,256,1,0,407,432
R,2,memset,byte,512,0,0,804,840
R,2,memset,byte,512,1,0,791,848
R,2,memset,byte,1000,0,0,1581,1590
R,2,memset,byte,1000,1,0,1593,1606
R,2,memset,byte,1024,0,0,1613,1626
R,2,memset,byte,1024,1,0,1637,1642
R,2,memset,byte,4096,0,0,6405,6446
R,2,memset,byte,4096,1,0,6455,6529
R,2,memset,byte,8192,0,0,12806,12882
R,2,memset,byte,8192,1,0,12984,13031
R,2,memset,byte,16384,0,0,25656,25719
R,2,memset,byte,16384,1,0,25984,26048
R,2,memset,autovec,1,0,0,21,21
R,2,memset,autovec,1,1,0,21,21
R,2,memset,autovec,2,0,0,21,21
R,2,memset,autovec,2,1,0,21,21
R,2,memset,autovec,3,0,0,21,21
R,2,memset,autovec,3,1,0,21,21
R,2,memset,autovec,4,0,0,21,21
R,2,memset,autovec,4,1,0,21,21
R,2,memset,autovec,7,0,0,21,21
R,2,memset,autovec,7,1,0,21,21
R,2,memset,autovec,8,0,0,21,21
R,2,memset,autovec,8,1,0,21,21
R,2,memset,autovec,15,0,0,21,21
R,2,memset,autovec,15,1,0,21,21
R,2,memset,autovec,16,0,0,21,21
R,2,memset,autovec,16,1,0,21,21
R,2,memset,autovec,17,0,0,26,26
R,2,memset,autovec,17,1,0,26,26
R,2,memset,autovec,31,0,0,26,26
R,2,memset,autovec,31,1,0,26,26
R,2,memset,autovec,32,0,0,26,26
R,2,memset,autovec,32,1,0,26,26
R,2,memset,autovec,33,0,0,30,30
R,2,memset,autovec,33,1,0,30,30
R,2,memset,autovec,63,0,0,34,34
R,2,memset,autovec,63,1,0,34,34
R,2,memset,autovec,64,0,0,34,34
R,2,memset,autovec,64,1,0,34,34
R,2,memset,autovec,65,0,0,38,38
R,2,memset,autovec,65,1,0,38,38
R,2,memset,autovec,100,0,0,46,55
R,2,memset,autovec,100,1,0,46,46
R,2,memset,autovec,128,0,0,50,50
R,2,memset,autovec,128,1,0,50,63
R,2,memset,autovec,255,0,0,82,95
R,2,memset,autovec,255,1,0,82,95
R,2,memset,autovec,256,0,0,82,95
R,2,memset,autovec,256,1,0,82,95
R,2,memset,autovec,512,0,0,146,159
R,2,memset,autovec,512,1,0,146,159
R,2,memset,autovec,1000,0,0,270,293
R,2,memset,autovec,1000,1,0,270,296
R,2,memset,autovec,1024,0,0,274,297
R,2,memset,autovec,1024,1,0,274,300
R,2,memset,autovec,4096,0,0,1075,1102
R,2,memset,autovec,4096,1,0,1055,1109
R,2,memset,autovec,8192,0,0,2126,2169
R,2,memset,autovec,8192,1,0,2118,2209
R,2,memset,autovec,16384,0,0,4284,4327
R,2,memset,autovec,16384,1,0,4309,4387
R,2,memset,picolibc,1,0,0,36,36
R,2,memset,picolibc,1,1,0,36,36
R,2,memset,picolibc,2,0,0,43,43
R,2,memset,picolibc,2,1,0,45,45
R,2,memset,picolibc,3,0,0,50,50
R,2,memset,picolibc,3,1,0,52,52
R,2,memset,picolibc,4,0,0,48,61
R,2,memset,picolibc,4,1,0,49,49
R,2,memset,picolibc,7,0,0,59,68
R,2,memset,picolibc,7,1,0,61,61
R,2,memset,picolibc,8,0,0,56,56
R,2,memset,picolibc,8,1,0,57,57
R,2,memset,picolibc,15,0,0,74,74
R,2,memset,picolibc,15,1,0,76,76
R,2,memset,picolibc,16,0,0,50,50
R,2,memset,picolibc,16,1,0,72,81
R,2,memset,picolibc,17,0,0,47,47
R,2,memset,picolibc,17,1,0,80,80
R,2,memset,picolibc,31,0,0,75,88
R,2,memset,picolibc,31,1,0,77,90
R,2,memset,picolibc,32,0,0,58,67
R,2,memset,picolibc,32,1,0,73,82
R,2,memset,picolibc,33,0,0,55,55
R,2,memset,picolibc,33,1,0,81,81
R,2,memset,picolibc,63,0,0,90,103
R,2,memset,picolibc,63,1,0,92,105
R,2,memset,picolibc,64,0,0,72,85
R,2,memset,picolibc,64,1,0,88,88
R,2,memset,picolibc,65,0,0,69,78
R,2,memset,picolibc,65,1,0,96,108
R,2,memset,picolibc,100,0,0,85,85
R,2,memset,picolibc,100,1,0,96,108
R,2,memset,picolibc,128,0,0,100,113
R,2,memset,picolibc,128,1,0,116,129
R,2,memset,picolibc,255,0,0,174,187
R,2,memset,picolibc,255,1,0,176,189
R,2,memset,picolibc,256,0,0,156,169
R,2,memset,picolibc,256,1,0,172,185
R,2,memset,picolibc,512,0,0,268,290
R,2,memset,picolibc,512,1,0,284,302
R,2,memset,picolibc,1000,0,0,485,516
R,2,memset,picolibc,1000,1,0,487,518
R,2,memset,picolibc,1024,0,0,492,519
R,2,memset,picolibc,1024,1,0,508,538
R,2,memset,picolibc,4096,0,0,1858,1921
R,2,memset,picolibc,4096,1,0,1888,1937
R,2,memset,picolibc,8192,0,0,3736,3790
R,2,memset,picolibc,8192,1,0,3752,3810
R,2,memset,picolibc,16384,0,0,7504,7545
R,2,memset,picolibc,16384,1,0,7516,7565
R,2,memset,llvm-libc,1,0,0,54,54
R,2,memset,llvm-libc,1,1,0,55,55
R,2,memset,llvm-libc,2,0,0,56,56
R,2,memset,llvm-libc,2,1,0,55,55
R,2,memset,llvm-libc,3,0,0,56,56
R,2,memset,llvm-libc,3,1,0,55,55
R,2,memset,llvm-libc,4,0,0,50,50
R,2,memset,llvm-libc,4,1,0,50,59
R,2,memset,llvm-libc,7,0,0,52,52
R,2,memset,llvm-libc,7,1,0,50,50
R,2,memset,llvm-libc,8,0,0,55,55
R,2,memset,llvm-libc,8,1,0,66,75
R,2,memset,llvm-libc,15,0,0,61,74
R,2,memset,llvm-libc,15,1,0,75,87
R,2,memset,llvm-libc,16,0,0,51,51
R,2,memset,llvm-libc,16,1,0,75,84
R,2,memset,llvm-libc,17,0,0,51,51
R,2,memset,llvm-libc,17,1,0,77,88
R,2,memset,llvm-libc,31,0,0,58,67
R,2,memset,llvm-libc,31,1,0,72,72
R,2,memset,llvm-libc,32,0,0,57,57
R,2,memset,llvm-libc,32,1,0,72,83
R,2,memset,llvm-libc,33,0,0,57,57
R,2,memset,llvm-libc,33,1,0,74,74
R,2,memset,llvm-libc,63,0,0,70,82
R,2,memset,llvm-libc,63,1,0,84,96
R,2,memset,llvm-libc,64,0,0,57,57
R,2,memset,llvm-libc,64,1,0,84,96
R,2,memset,llvm-libc,65,0,0,57,57
R,2,memset,llvm-libc,65,1,0,86,97
R,2,memset,llvm-libc,100,0,0,55,55
R,2,memset,llvm-libc,100,1,0,76,76
R,2,memset,llvm-libc,128,0,0,69,78
R,2,memset,llvm-libc,128,1,0,87,100
R,2,memset,llvm-libc,255,0,0,96,109
R,2,memset,llvm-libc,255,1,0,111,124
R,2,memset,llvm-libc,256,0,0,93,106
R,2,memset,llvm-libc,256,1,0,111,111
R,2,memset,llvm-libc,512,0,0,141,154
R,2,memset,llvm-libc,512,1,0,159,172
R,2,memset,llvm-libc,1000,0,0,228,249
R,2,memset,llvm-libc,1000,1,0,240,262
R,2,memset,llvm-libc,1024,0,0,237,258
R,2,memset,llvm-libc,1024,1,0,255,277
R,2,memset,llvm-libc,4096,0,0,831,858
R,2,memset,llvm-libc,4096,1,0,831,880
R,2,memset,llvm-libc,8192,0,0,1612,1653
R,2,memset,llvm-libc,8192,1,0,1648,1671
R,2,memset,llvm-libc,16384,0,0,3234,3270
R,2,memset,llvm-libc,16384,1,0,3260,3292
R,2,memset,mve16,1,0,0,21,21
R,2,memset,mve16,1,1,0,21,21
R,2,memset,mve16,2,0,0,21,21
R,2,memset,mve16,2,1,0,21,21
R,2,memset,mve16,3,0,0,21,21
R,2,memset,mve16,3,1,0,21,21
R,2,memset,mve16,4,0,0,21,21
R,2,memset,mve16,4,1,0,21,21
R,2,memset,mve16,7,0,0,21,21
R,2,memset,mve16,7,1,0,21,21
R,2,memset,mve16,8,0,0,21,21
R,2,memset,mve16,8,1,0,21,21
R,2,memset,mve16,15,0,0,21,21
R,2,memset,mve16,15,1,0,21,21
R,2,memset,mve16,16,0,0,21,21
R,2,memset,mve16,16,1,0,21,21
R,2,memset,mve16,17,0,0,26,26
R,2,memset,mve16,17,1,0,26,26
R,2,memset,mve16,31,0,0,26,35
R,2,memset,mve16,31,1,0,26,26
R,2,memset,mve16,32,0,0,26,26
R,2,memset,mve16,32,1,0,26,26
R,2,memset,mve16,33,0,0,30,30
R,2,memset,mve16,33,1,0,30,30
R,2,memset,mve16,63,0,0,34,34
R,2,memset,mve16,63,1,0,34,34
R,2,memset,mve16,64,0,0,34,34
R,2,memset,mve16,64,1,0,34,34
R,2,memset,mve16,65,0,0,38,38
R,2,memset,mve16,65,1,0,38,38
R,2,memset,mve16,100,0,0,46,55
R,2,memset,mve16,100,1,0,46,46
R,2,memset,mve16,128,0,0,50,50
R,2,memset,mve16,128,1,0,50,50
R,2,memset,mve16,255,0,0,82,82
R,2,memset,mve16,255,1,0,82,95
R,2,memset,mve16,256,0,0,82,95
R,2,memset,mve16,256,1,0,82,95
R,2,memset,mve16,512,0,0,146,159
R,2,memset,mve16,512,1,0,146,159
R,2,memset,mve16,1000,0,0,270,293
R,2,memset,mve16,1000,1,0,270,296
R,2,memset,mve16,1024,0,0,274,297
R,2,memset,mve16,1024,1,0,274,300
R,2,memset,mve16,4096,0,0,1075,1102
R,2,memset,mve16,4096,1,0,1081,1116
R,2,memset,mve16,8192,0,0,2156,2179
R,2,memset,mve16,8192,1,0,2183,2209
R,2,memset,mve16,16384,0,0,4304,4327
R,2,memset,mve16,16384,1,0,4374,4387
R,2,memset,mve64,1,0,0,39,39
R,2,memset,mve64,1,1,0,39,39
R,2,memset,mve64,2,0,0,39,39
R,2,memset,mve64,2,1,0,39,39
R,2,memset,mve64,3,0,0,39,39
R,2,memset,mve64,3,1,0,39,39
R,2,memset,mve64,4,0,0,39,39
R,2,memset,mve64,4,1,0,37,37
R,2,memset,mve64,7,0,0,37,37
R,2,memset,mve64,7,1,0,37,37
R,2,memset,mve64,8,0,0,37,37
R,2,memset,mve64,8,1,0,37,37
R,2,memset,mve64,15,0,0,37,46
R,2,memset,mve64,15,1,0,37,46
R,2,memset,mve64,16,0,0,53,65
R,2,memset,mve64,16,1,0,53,62
R,2,memset,mve64,17,0,0,55,55
R,2,memset,mve64,17,1,0,55,55
R,2,memset,mve64,31,0,0,55,64
R,2,memset,mve64,31,1,0,55,55
R,2,memset,mve64,32,0,0,51,51
R,2,memset,mve64,32,1,0,51,51
R,2,memset,mve64,33,0,0,53,53
R,2,memset,mve64,33,1,0,53,62
R,2,memset,mve64,63,0,0,57,66
R,2,memset,mve64,63,1,0,57,66
R,2,memset,mve64,64,0,0,50,50
R,2,memset,mve64,64,1,0,50,50
R,2,memset,mve64,65,0,0,52,52
R,2,memset,mve64,65,1,0,52,52
R,2,memset,mve64,100,0,0,68,68
R,2,memset,mve64,100,1,0,68,80
R,2,memset,mve64,128,0,0,54,54
R,2,memset,mve64,128,1,0,55,64
R,2,memset,mve64,255,0,0,86,97
R,2,memset,mve64,255,1,0,87,99
R,2,memset,mve64,256,0,0,67,67
R,2,memset,mve64,256,1,0,68,77
R,2,memset,mve64,512,0,0,102,114
R,2,memset,mve64,512,1,0,103,116
R,2,memset,mve64,1000,0,0,185,198
R,2,memset,mve64,1000,1,0,187,203
R,2,memset,mve64,1024,0,0,172,184
R,2,memset,mve64,1024,1,0,173,189
R,2,memset,mve64,4096,0,0,592,628
R,2,memset,mve64,4096,1,0,593,652
R,2,memset,mve64,8192,0,0,1194,1231
R,2,memset,mve64,8192,1,0,1181,1240
R,2,memset,mve64,16384,0,0,2394,2406
R,2,memset,mve64,16384,1,0,2445,2461
R,2,memcmp,byte,1,0,0,21,21
R,2,memcmp,byte,1,1,1,21,21
R,2,memcmp,byte,1,1,3,21,21
R,2,memcmp,byte,2,0,0,25,25
R,2,memcmp,byte,2,1,1,25,25
R,2,memcmp,byte,2,1,3,25,25
R,2,memcmp,byte,3,0,0,29,29
R,2,memcmp,byte,3,1,1,29,29
R,2,memcmp,byte,3,1,3,29,29
R,2,memcmp,byte,4,0,0,33,33
R,2,memcmp,byte,4,1,1,33,33
R,2,memcmp,byte,4,1,3,33,33
R,2,memcmp,byte,7,0,0,51,51
R,2,memcmp,byte,7,1,1,51,51
R,2,memcmp,byte,7,1,3,49,61
R,2,memcmp,byte,8,0,0,55,55
R,2,memcmp,byte,8,1,1,55,55
R,2,memcmp,byte,8,1,3,53,53
R,2,memcmp,byte,15,0,0,95,95
R,2,memcmp,byte,15,1,1,95,104
R,2,memcmp,byte,15,1,3,89,101
R,2,memcmp,byte,16,0,0,99,111
R,2,memcmp,byte,16,1,1,99,99
R,2,memcmp,byte,16,1,3,93,93
R,2,memcmp,byte,17,0,0,109,109
R,2,memcmp,byte,17,1,1,109,109
R,2,memcmp,byte,17,1,3,103,116
R,2,memcmp,byte,31,0,0,183,195
R,2,memcmp,byte,31,1,1,183,183
R,2,memcmp,byte,31,1,3,169,181
R,2,memcmp,byte,32,0,0,187,199
R,2,memcmp,byte,32,1,1,187,199
R,2,memcmp,byte,32,1,3,173,185
R,2,memcmp,byte,33,0,0,197,206
R,2,memcmp,byte,33,1,1,197,209
R,2,memcmp,byte,33,1,3,183,195
R,2,memcmp,byte,63,0,0,359,378
R,2,memcmp,byte,63,1,1,359,387
R,2,memcmp,byte,63,1,3,329,345
R,2,memcmp,byte,64,0,0,363,389
R,2,memcmp,byte,64,1,1,363,376
R,2,memcmp,byte,64,1,3,333,346
R,2,memcmp,byte,65,0,0,373,391
R,2,memcmp,byte,65,1,1,373,393
R,2,memcmp,byte,65,1,3,343,364
R,2,memcmp,byte,100,0,0,561,589
R,2,memcmp,byte,100,1,1,561,589
R,2,memcmp,byte,100,1,3,513,541
R,2,memcmp,byte,128,0,0,722,756
R,2,memcmp,byte,128,1,1,731,750
R,2,memcmp,byte,128,1,3,653,682
R,2,memcmp,byte,255,0,0,1454,1471
R,2,memcmp,byte,255,1,1,1435,1472
R,2,memcmp,byte,255,1,3,1321,1341
R,2,memcmp,byte,256,0,0,1464,1473
R,2,memcmp,byte,256,1,1,1464,1474
R,2,memcmp,byte,256,1,3,1330,1350
R,2,memcmp,byte,512,0,0,2922,2946
R,2,memcmp,byte,512,1,1,2925,2947
R,2,memcmp,byte,512,1,3,2601,2681
R,2,memcmp,byte,1000,0,0,5698,5731
R,2,memcmp,byte,1000,1,1,5657,5741
R,2,memcmp,byte,1000,1,3,5172,5222
R,2,memcmp,byte,1024,0,0,5831,5872
R,2,memcmp,byte,1024,1,1,5812,5871
R,2,memcmp,byte,1024,1,3,5282,5342
R,2,memcmp,byte,4096,0,0,23308,23425
R,2,memcmp,byte,4096,1,1,23387,23424
R,2,memcmp,byte,4096,1,3,21268,21321
R,2,memcmp,byte,8192,0,0,46759,46825
R,2,memcmp,byte,8192,1,1,46798,46840
R,2,memcmp,byte,8192,1,3,42576,42623
R,2,memcmp,byte,16384,0,0,93563,93661
R,2,memcmp,byte,16384,1,1,93612,93647
R,2,memcmp,byte,16384,1,3,85193,85211
R,2,memcmp,picolibc,1,0,0,40,40
R,2,memcmp,picolibc,1,1,1,40,40
R,2,memcmp,picolibc,1,1,3,40,40
R,2,memcmp,picolibc,2,0,0,45,45
R,2,memcmp,picolibc,2,1,1,45,45
R,2,memcmp,picolibc,2,1,3,45,45
R,2,memcmp,picolibc,3,0,0,49,49
R,2,memcmp,picolibc,3,1,1,49,49
R,2,memcmp,picolibc,3,1,3,48,48
R,2,memcmp,picolibc,4,0,0,73,85
R,2,memcmp,picolibc,4,1,1,53,53
R,2,memcmp,picolibc,4,1,3,52,52
R,2,memcmp,picolibc,7,0,0,76,88
R,2,memcmp,picolibc,7,1,1,72,72
R,2,memcmp,picolibc,7,1,3,70,70
R,2,memcmp,picolibc,8,0,0,77,90
R,2,memcmp,picolibc,8,1,1,76,89
R,2,memcmp,picolibc,8,1,3,74,87
R,2,memcmp,picolibc,15,0,0,85,85
R,2,memcmp,picolibc,15,1,1,118,131
R,2,memcmp,picolibc,15,1,3,114,127
R,2,memcmp,picolibc,16,0,0,83,91
R,2,memcmp,picolibc,16,1,1,122,135
R,2,memcmp,picolibc,16,1,3,118,131
R,2,memcmp,picolibc,17,0,0,73,86
R,2,memcmp,picolibc,17,1,1,132,144
R,2,memcmp,picolibc,17,1,3,128,140
R,2,memcmp,picolibc,31,0,0,107,119
R,2,memcmp,picolibc,31,1,1,210,210
R,2,memcmp,picolibc,31,1,3,202,213
R,2,memcmp,picolibc,32,0,0,106,106
R,2,memcmp,picolibc,32,1,1,214,227
R,2,memcmp,picolibc,32,1,3,206,219
R,2,memcmp,picolibc,33,0,0,96,109
R,2,memcmp,picolibc,33,1,1,224,233
R,2,memcmp,picolibc,33,1,3,216,216
R,2,memcmp,picolibc,63,0,0,153,153
R,2,memcmp,picolibc,63,1,1,394,416
R,2,memcmp,picolibc,63,1,3,378,395
R,2,memcmp,picolibc,64,0,0,152,152
R,2,memcmp,picolibc,64,1,1,398,416
R,2,memcmp,picolibc,64,1,3,382,402
R,2,memcmp,picolibc,65,0,0,142,142
R,2,memcmp,picolibc,65,1,1,408,430
R,2,memcmp,picolibc,65,1,3,392,414
R,2,memcmp,picolibc,100,0,0,211,223
R,2,memcmp,picolibc,100,1,1,605,644
R,2,memcmp,picolibc,100,1,3,580,615
R,2,memcmp,picolibc,128,0,0,244,265
R,2,memcmp,picolibc,128,1,1,774,808
R,2,memcmp,picolibc,128,1,3,734,774
R,2,memcmp,picolibc,255,0,0,429,458
R,2,memcmp,picolibc,255,1,1,1554,1564
R,2,memcmp,picolibc,255,1,3,1484,1494
R,2,memcmp,picolibc,256,0,0,428,456
R,2,memcmp,picolibc,256,1,1,1539,1565
R,2,memcmp,picolibc,256,1,3,1480,1505
R,2,memcmp,picolibc,512,0,0,813,836
R,2,memcmp,picolibc,512,1,1,3085,3113
R,2,memcmp,picolibc,512,1,3,2947,2979
R,2,memcmp,picolibc,1000,0,0,1554,1564
R,2,memcmp,picolibc,1000,1,1,5972,6032
R,2,memcmp,picolibc,1000,1,3,5753,5772
R,2,memcmp,picolibc,1024,0,0,1592,1595
R,2,memcmp,picolibc,1024,1,1,6131,6173
R,2,memcmp,picolibc,1024,1,3,5870,5913
R,2,memcmp,picolibc,4096,0,0,6166,6192
R,2,memcmp,picolibc,4096,1,1,24532,24609
R,2,memcmp,picolibc,4096,1,3,23484,23543
R,2,memcmp,picolibc,8192,0,0,12260,12323
R,2,memcmp,picolibc,8192,1,1,49118,49158
R,2,memcmp,picolibc,8192,1,3,47006,47043
R,2,memcmp,picolibc,16384,0,0,24516,24578
R,2,memcmp,picolibc,16384,1,1,98232,98278
R,2,memcmp,picolibc,16384,1,3,93998,94049
R,2,memcmp,llvm-libc,1,0,0,23,23
R,2,memcmp,llvm-libc,1,1,1,23,23
R,2,memcmp,llvm-libc,1,1,3,23,23
R,2,memcmp,llvm-libc,2,0,0,33,33
R,2,memcmp,llvm-libc,2,1,1,33,33
R,2,memcmp,llvm-libc,2,1,3,32,32
R,2,memcmp,llvm-libc,3,0,0,43,43
R,2,memcmp,llvm-libc,3,1,1,43,43
R,2,memcmp,llvm-libc,3,1,3,41,41
R,2,memcmp,llvm-libc,4,0,0,53,53
R,2,memcmp,llvm-libc,4,1,1,53,62
R,2,memcmp,llvm-libc,4,1,3,51,51
R,2,memcmp,llvm-libc,7,0,0,83,92
R,2,memcmp,llvm-libc,7,1,1,83,83
R,2,memcmp,llvm-libc,7,1,3,79,79
R,2,memcmp,llvm-libc,8,0,0,93,93
R,2,memcmp,llvm-libc,8,1,1,93,105
R,2,memcmp,llvm-libc,8,1,3,89,101
R,2,memcmp,llvm-libc,15,0,0,163,171
R,2,memcmp,llvm-libc,15,1,1,163,175
R,2,memcmp,llvm-libc,15,1,3,155,155
R,2,memcmp,llvm-libc,16,0,0,173,173
R,2,memcmp,llvm-libc,16,1,1,173,185
R,2,memcmp,llvm-libc,16,1,3,165,173
R,2,memcmp,llvm-libc,17,0,0,183,195
R,2,memcmp,llvm-libc,17,1,1,183,195
R,2,memcmp,llvm-libc,17,1,3,175,183
R,2,memcmp,llvm-libc,31,0,0,323,340
R,2,memcmp,llvm-libc,31,1,1,323,339
R,2,memcmp,llvm-libc,31,1,3,307,324
R,2,memcmp,llvm-libc,32,0,0,333,353
R,2,memcmp,llvm-libc,32,1,1,333,346
R,2,memcmp,llvm-libc,32,1,3,317,334
R,2,memcmp,llvm-libc,33,0,0,343,363
R,2,memcmp,llvm-libc,33,1,1,343,356
R,2,memcmp,llvm-libc,33,1,3,327,347
R,2,memcmp,llvm-libc,63,0,0,651,679
R,2,memcmp,llvm-libc,63,1,1,643,679
R,2,memcmp,llvm-libc,63,1,3,611,635
R,2,memcmp,llvm-libc,64,0,0,661,681
R,2,memcmp,llvm-libc,64,1,1,662,685
R,2,memcmp,llvm-libc,64,1,3,629,657
R,2,memcmp,llvm-libc,65,0,0,671,695
R,2,memcmp,llvm-libc,65,1,1,663,699
R,2,memcmp,llvm-libc,65,1,3,643,667
R,2,memcmp,llvm-libc,100,0,0,1037,1054
R,2,memcmp,llvm-libc,100,1,1,1037,1061
R,2,memcmp,llvm-libc,100,1,3,987,1004
R,2,memcmp,llvm-libc,128,0,0,1333,1350
R,2,memcmp,llvm-libc,128,1,1,1329,1347
R,2,memcmp,llvm-libc,128,1,3,1258,1274
R,2,memcmp,llvm-libc,255,0,0,2659,2672
R,2,memcmp,llvm-libc,255,1,1,2632,2671
R,2,memcmp,llvm-libc,255,1,3,2483,2535
R,2,memcmp,llvm-libc,256,0,0,2669,2681
R,2,memcmp,llvm-libc,256,1,1,2669,2683
R,2,memcmp,llvm-libc,256,1,3,2501,2548
R,2,memcmp,llvm-libc,512,0,0,5281,5346
R,2,memcmp,llvm-libc,512,1,1,5325,5347
R,2,memcmp,llvm-libc,512,1,3,5022,5083
R,2,memcmp,llvm-libc,1000,0,0,10390,10423
R,2,memcmp,llvm-libc,1000,1,1,10375,10426
R,2,memcmp,llvm-libc,1000,1,3,9829,9903
R,2,memcmp,llvm-libc,1024,0,0,10612,10671
R,2,memcmp,llvm-libc,1024,1,1,10608,10672
R,2,memcmp,llvm-libc,1024,1,3,10080,10143
R,2,memcmp,llvm-libc,4096,0,0,42577,42611
R,2,memcmp,llvm-libc,4096,1,1,42570,42608
R,2,memcmp,llvm-libc,4096,1,3,40457,40503
R,2,memcmp,llvm-libc,8192,0,0,85117,85201
R,2,memcmp,llvm-libc,8192,1,1,85097,85195
R,2,memcmp,llvm-libc,8192,1,3,80953,80974
R,2,memcmp,llvm-libc,16384,0,0,170355,170374
R,2,memcmp,llvm-libc,16384,1,1,170290,170378
R,2,memcmp,llvm-libc,16384,1,3,161900,161930
R,2,memcmp,word,1,0,0,44,44
R,2,memcmp,word,1,1,1,44,44
R,2,memcmp,word,1,1,3,44,44
R,2,memcmp,word,2,0,0,48,48
R,2,memcmp,word,2,1,1,48,48
R,2,memcmp,word,2,1,3,47,47
R,2,memcmp,word,3,0,0,52,61
R,2,memcmp,word,3,1,1,52,52
R,2,memcmp,word,3,1,3,50,50
R,2,memcmp,word,4,0,0,52,52
R,2,memcmp,word,4,1,1,55,67
R,2,memcmp,word,4,1,3,55,55
R,2,memcmp,word,7,0,0,70,79
R,2,memcmp,word,7,1,1,74,74
R,2,memcmp,word,7,1,3,72,72
R,2,memcmp,word,8,0,0,56,56
R,2,memcmp,word,8,1,1,62,62
R,2,memcmp,word,8,1,3,62,62
R,2,memcmp,word,15,0,0,73,73
R,2,memcmp,word,15,1,1,83,83
R,2,memcmp,word,15,1,3,81,93
R,2,memcmp,word,16,0,0,77,86
R,2,memcmp,word,16,1,1,88,88
R,2,memcmp,word,16,1,3,88,99
R,2,memcmp,word,17,0,0,59,59
R,2,memcmp,word,17,1,1,61,61
R,2,memcmp,word,17,1,3,61,61
R,2,memcmp,word,31,0,0,84,84
R,2,memcmp,word,31,1,1,96,96
R,2,memcmp,word,31,1,3,94,94
R,2,memcmp,word,32,0,0,103,103
R,2,memcmp,word,32,1,1,116,116
R,2,memcmp,word,32,1,3,116,129
R,2,memcmp,word,33,0,0,85,85
R,2,memcmp,word,33,1,1,89,89
R,2,memcmp,word,33,1,3,89,101
R,2,memcmp,word,63,0,0,136,149
R,2,memcmp,word,63,1,1,152,152
R,2,memcmp,word,63,1,3,150,150
R,2,memcmp,word,64,0,0,155,167
R,2,memcmp,word,64,1,1,172,172
R,2,memcmp,word,64,1,3,172,172
R,2,memcmp,word,65,0,0,137,137
R,2,memcmp,word,65,1,1,145,155
R,2,memcmp,word,65,1,3,145,157
R,2,memcmp,word,100,0,0,196,209
R,2,memcmp,word,100,1,1,211,224
R,2,memcmp,word,100,1,3,211,224
R,2,memcmp,word,128,0,0,259,280
R,2,memcmp,word,128,1,1,284,304
R,2,memcmp,word,128,1,3,284,305
R,2,memcmp,word,255,0,0,448,477
R,2,memcmp,word,255,1,1,488,508
R,2,memcmp,word,255,1,3,495,515
R,2,memcmp,word,256,0,0,467,497
R,2,memcmp,word,256,1,1,508,537
R,2,memcmp,word,256,1,3,508,532
R,2,memcmp,word,512,0,0,891,923
R,2,memcmp,word,512,1,1,956,995
R,2,memcmp,word,512,1,3,974,1004
R,2,memcmp,word,1000,0,0,1715,1729
R,2,memcmp,word,1000,1,1,1852,1865
R,2,memcmp,word,1000,1,3,1855,1862
R,2,memcmp,word,1024,0,0,1715,1791
R,2,memcmp,word,1024,1,1,1889,1932
R,2,memcmp,word,1024,1,3,1852,1934
R,2,memcmp,word,4096,0,0,6918,7000
R,2,memcmp,word,4096,1,1,7501,7540
R,2,memcmp,word,4096,1,3,7480,7545
R,2,memcmp,word,8192,0,0,13883,13934
R,2,memcmp,word,8192,1,1,14945,15023
R,2,memcmp,word,8192,1,3,14962,15022
R,2,memcmp,word,16384,0,0,27762,27824
R,2,memcmp,word,16384,1,1,29918,29978
R,2,memcmp,word,16384,1,3,29900,29975
R,2,memcmp,mve16,1,0,0,39,39
R,2,memcmp,mve16,1,1,1,41,41
R,2,memcmp,mve16,1,1,3,41,41
R,2,memcmp,mve16,2,0,0,39,39
R,2,memcmp,mve16,2,1,1,41,41
R,2,memcmp,mve16,2,1,3,40,40
R,2,memcmp,mve16,3,0,0,39,39
R,2,memcmp,mve16,3,1,1,41,41
R,2,memcmp,mve16,3,1,3,40,49
R,2,memcmp,mve16,4,0,0,39,39
R,2,memcmp,mve16,4,1,1,41,41
R,2,memcmp,mve16,4,1,3,41,41
R,2,memcmp,mve16,7,0,0,39,39
R,2,memcmp,mve16,7,1,1,41,41
R,2,memcmp,mve16,7,1,3,40,40
R,2,memcmp,mve16,8,0,0,39,48
R,2,memcmp,mve16,8,1,1,41,41
R,2,memcmp,mve16,8,1,3,41,41
R,2,memcmp,mve16,15,0,0,39,39
R,2,memcmp,mve16,15,1,1,41,50
R,2,memcmp,mve16,15,1,3,40,40
R,2,memcmp,mve16,16,0,0,34,34
R,2,memcmp,mve16,16,1,1,36,36
R,2,memcmp,mve16,16,1,3,36,36
R,2,memcmp,mve16,17,0,0,43,43
R,2,memcmp,mve16,17,1,1,47,47
R,2,memcmp,mve16,17,1,3,47,47
R,2,memcmp,mve16,31,0,0,43,43
R,2,memcmp,mve16,31,1,1,47,47
R,2,memcmp,mve16,31,1,3,46,46
R,2,memcmp,mve16,32,0,0,48,48
R,2,memcmp,mve16,32,1,1,52,52
R,2,memcmp,mve16,32,1,3,52,52
R,2,memcmp,mve16,33,0,0,57,57
R,2,memcmp,mve16,33,1,1,63,63
R,2,memcmp,mve16,33,1,3,63,74
R,2,memcmp,mve16,63,0,0,71,71
R,2,memcmp,mve16,63,1,1,79,86
R,2,memcmp,mve16,63,1,3,78,78
R,2,memcmp,mve16,64,0,0,76,76
R,2,memcmp,mve16,64,1,1,84,84
R,2,memcmp,mve16,64,1,3,84,96
R,2,memcmp,mve16,65,0,0,85,85
R,2,memcmp,mve16,65,1,1,95,108
R,2,memcmp,mve16,65,1,3,95,108
R,2,memcmp,mve16,100,0,0,113,126
R,2,memcmp,mve16,100,1,1,127,140
R,2,memcmp,mve16,100,1,3,127,127
R,2,memcmp,mve16,128,0,0,132,145
R,2,memcmp,mve16,128,1,1,148,161
R,2,memcmp,mve16,128,1,3,148,161
R,2,memcmp,mve16,255,0,0,239,261
R,2,memcmp,mve16,255,1,1,271,292
R,2,memcmp,mve16,255,1,3,270,291
R,2,memcmp,mve16,256,0,0,244,266
R,2,memcmp,mve16,256,1,1,276,289
R,2,memcmp,mve16,256,1,3,276,297
R,2,memcmp,mve16,512,0,0,468,495
R,2,memcmp,mve16,512,1,1,532,554
R,2,memcmp,mve16,512,1,3,545,562
R,2,memcmp,mve16,1000,0,0,915,953
R,2,memcmp,mve16,1000,1,1,1050,1075
R,2,memcmp,mve16,1000,1,3,1049,1072
R,2,memcmp,mve16,1024,0,0,934,969
R,2,memcmp,mve16,1024,1,1,1044,1088
R,2,memcmp,mve16,1024,1,3,1062,1093
R,2,memcmp,mve16,4096,0,0,3725,3766
R,2,memcmp,mve16,4096,1,1,4271,4298
R,2,memcmp,mve16,4096,1,3,4261,4299
R,2,memcmp,mve16,8192,0,0,7431,7524
R,2,memcmp,mve16,8192,1,1,8535,8586
R,2,memcmp,mve16,8192,1,3,8530,8581
R,2,memcmp,mve16,16384,0,0,14963,15004
R,2,memcmp,mve16,16384,1,1,17087,17145
R,2,memcmp,mve16,16384,1,3,17109,17144
R,2,memcmp,mve64,1,0,0,50,50
R,2,memcmp,mve64,1,1,1,52,52
R,2,memcmp,mve64,1,1,3,52,52
R,2,memcmp,mve64,2,0,0,50,50
R,2,memcmp,mve64,2,1,1,52,52
R,2,memcmp,mve64,2,1,3,51,51
R,2,memcmp,mve64,3,0,0,50,50
R,2,memcmp,mve64,3,1,1,52,61
R,2,memcmp,mve64,3,1,3,51,51
R,2,memcmp,mve64,4,0,0,50,62
R,2,memcmp,mve64,4,1,1,52,52
R,2,memcmp,mve64,4,1,3,52,52
R,2,memcmp,mve64,7,0,0,50,50
R,2,memcmp,mve64,7,1,1,52,52
R,2,memcmp,mve64,7,1,3,51,51
R,2,memcmp,mve64,8,0,0,50,50
R,2,memcmp,mve64,8,1,1,52,52
R,2,memcmp,mve64,8,1,3,52,52
R,2,memcmp,mve64,15,0,0,50,50
R,2,memcmp,mve64,15,1,1,52,52
R,2,memcmp,mve64,15,1,3,51,51
R,2,memcmp,mve64,16,0,0,43,43
R,2,memcmp,mve64,16,1,1,45,45
R,2,memcmp,mve64,16,1,3,45,45
R,2,memcmp,mve64,17,0,0,53,53
R,2,memcmp,mve64,17,1,1,57,57
R,2,memcmp,mve64,17,1,3,57,57
R,2,memcmp,mve64,31,0,0,53,53
R,2,memcmp,mve64,31,1,1,57,57
R,2,memcmp,mve64,31,1,3,56,56
R,2,memcmp,mve64,32,0,0,57,66
R,2,memcmp,mve64,32,1,1,61,61
R,2,memcmp,mve64,32,1,3,61,61
R,2,memcmp,mve64,33,0,0,67,67
R,2,memcmp,mve64,33,1,1,73,73
R,2,memcmp,mve64,33,1,3,73,73
R,2,memcmp,mve64,63,0,0,81,81
R,2,memcmp,mve64,63,1,1,89,89
R,2,memcmp,mve64,63,1,3,88,99
R,2,memcmp,mve64,64,0,0,106,106
R,2,memcmp,mve64,64,1,1,122,122
R,2,memcmp,mve64,64,1,3,122,135
R,2,memcmp,mve64,65,0,0,69,80
R,2,memcmp,mve64,65,1,1,79,79
R,2,memcmp,mve64,65,1,3,79,79
R,2,memcmp,mve64,100,0,0,85,94
R,2,memcmp,mve64,100,1,1,99,110
R,2,memcmp,mve64,100,1,3,99,110
R,2,memcmp,mve64,128,0,0,135,148
R,2,memcmp,mve64,128,1,1,159,172
R,2,memcmp,mve64,128,1,3,159,171
R,2,memcmp,mve64,255,0,0,157,169
R,2,memcmp,mve64,255,1,1,189,201
R,2,memcmp,mve64,255,1,3,188,197
R,2,memcmp,mve64,256,0,0,193,206
R,2,memcmp,mve64,256,1,1,233,242
R,2,memcmp,mve64,256,1,3,233,252
R,2,memcmp,mve64,512,0,0,309,329
R,2,memcmp,mve64,512,1,1,381,396
R,2,memcmp,mve64,512,1,3,381,406
R,2,memcmp,mve64,1000,0,0,491,517
R,2,memcmp,mve64,1000,1,1,617,649
R,2,memcmp,mve64,1000,1,3,617,653
R,2,memcmp,mve64,1024,0,0,541,569
R,2,memcmp,mve64,1024,1,1,685,716
R,2,memcmp,mve64,1024,1,3,685,713
R,2,memcmp,mve64,4096,0,0,2001,2014
R,2,memcmp,mve64,4096,1,1,2547,2558
R,2,memcmp,mve64,4096,1,3,2555,2558
R,2,memcmp,mve64,8192,0,0,3940,3949
R,2,memcmp,mve64,8192,1,1,4980,5023
R,2,memcmp,mve64,8192,1,3,4985,5021
R,2,memcmp,mve64,16384,0,0,7785,7814
R,2,memcmp,mve64,16384,1,1,9898,9962
R,2,memcmp,mve64,16384,1,3,9912,9963
R,2,bcmp,byte,1,0,0,21,21
R,2,bcmp,byte,1,1,1,21,21
R,2,bcmp,byte,1,1,3,21,21
R,2,bcmp,byte,2,0,0,25,25
R,2,bcmp,byte,2,1,1,25,25
R,2,bcmp,byte,2,1,3,25,25
R,2,bcmp,byte,3,0,0,29,29
R,2,bcmp,byte,3,1,1,29,29
R,2,bcmp,byte,3,1,3,29,29
R,2,bcmp,byte,4,0,0,33,33
R,2,bcmp,byte,4,1,1,33,33
R,2,bcmp,byte,4,1,3,33,33
R,2,bcmp,byte,7,0,0,51,51
R,2,bcmp,byte,7,1,1,51,51
R,2,bcmp,byte,7,1,3,49,49
R,2,bcmp,byte,8,0,0,55,55
R,2,bcmp,byte,8,1,1,55,55
R,2,bcmp,byte,8,1,3,53,64
R,2,bcmp,byte,15,0,0,95,108
R,2,bcmp,byte,15,1,1,95,108
R,2,bcmp,byte,15,1,3,89,101
R,2,bcmp,byte,16,0,0,99,99
R,2,bcmp,byte,16,1,1,99,112
R,2,bcmp,byte,16,1,3,93,105
R,2,bcmp,byte,17,0,0,109,121
R,2,bcmp,byte,17,1,1,109,109
R,2,bcmp,byte,17,1,3,103,103
R,2,bcmp,byte,31,0,0,183,191
R,2,bcmp,byte,31,1,1,183,195
R,2,bcmp,byte,31,1,3,169,169
R,2,bcmp,byte,32,0,0,187,194
R,2,bcmp,byte,32,1,1,187,199
R,2,bcmp,byte,32,1,3,173,185
R,2,bcmp,byte,33,0,0,197,209
R,2,bcmp,byte,33,1,1,197,209
R,2,bcmp,byte,33,1,3,183,195
R,2,bcmp,byte,63,0,0,359,379
R,2,bcmp,byte,63,1,1,359,380
R,2,bcmp,byte,63,1,3,329,349
R,2,bcmp,byte,64,0,0,363,383
R,2,bcmp,byte,64,1,1,363,382
R,2,bcmp,byte,64,1,3,333,353
R,2,bcmp,byte,65,0,0,373,393
R,2,bcmp,byte,65,1,1,373,393
R,2,bcmp,byte,65,1,3,343,360
R,2,bcmp,byte,100,0,0,577,594
R,2,bcmp,byte,100,1,1,561,585
R,2,bcmp,byte,100,1,3,513,541
R,2,bcmp,byte,128,0,0,723,758
R,2,bcmp,byte,128,1,1,723,751
R,2,bcmp,byte,128,1,3,653,684
R,2,bcmp,byte,255,0,0,1466,1473
R,2,bcmp,byte,255,1,1,1460,1474
R,2,bcmp,byte,255,1,3,1325,1347
R,2,bcmp,byte,256,0,0,1456,1475
R,2,bcmp,byte,256,1,1,1457,1478
R,2,bcmp,byte,256,1,3,1333,1350
R,2,bcmp,byte,512,0,0,2931,2945
R,2,bcmp,byte,512,1,1,2923,2944
R,2,bcmp,byte,512,1,3,2629,2681
R,2,bcmp,byte,1000,0,0,5702,5742
R,2,bcmp,byte,1000,1,1,5686,5738
R,2,bcmp,byte,1000,1,3,5163,5226
R,2,bcmp,byte,1024,0,0,5827,5869
R,2,bcmp,byte,1024,1,1,5821,5871
R,2,bcmp,byte,1024,1,3,5281,5353
R,2,bcmp,byte,4096,0,0,23379,23423
R,2,bcmp,byte,4096,1,1,23382,23429
R,2,bcmp,byte,4096,1,3,21274,21319
R,2,bcmp,byte,8192,0,0,46783,46834
R,2,bcmp,byte,8192,1,1,46796,46817
R,2,bcmp,byte,8192,1,3,42564,42613
R,2,bcmp,byte,16384,0,0,93606,93656
R,2,bcmp,byte,16384,1,1,93595,93643
R,2,bcmp,byte,16384,1,3,85188,85210
R,2,bcmp,picolibc,1,0,0,45,45
R,2,bcmp,picolibc,1,1,1,45,45
R,2,bcmp,picolibc,1,1,3,45,45
R,2,bcmp,picolibc,2,0,0,50,50
R,2,bcmp,picolibc,2,1,1,50,58
R,2,bcmp,picolibc,2,1,3,50,50
R,2,bcmp,picolibc,3,0,0,54,54
R,2,bcmp,picolibc,3,1,1,54,54
R,2,bcmp,picolibc,3,1,3,53,64
R,2,bcmp,picolibc,4,0,0,78,78
R,2,bcmp,picolibc,4,1,1,58,58
R,2,bcmp,picolibc,4,1,3,57,57
R,2,bcmp,picolibc,7,0,0,81,81
R,2,bcmp,picolibc,7,1,1,77,88
R,2,bcmp,picolibc,7,1,3,75,75
R,2,bcmp,picolibc,8,0,0,82,82
R,2,bcmp,picolibc,8,1,1,81,81
R,2,bcmp,picolibc,8,1,3,79,79
R,2,bcmp,picolibc,15,0,0,89,89
R,2,bcmp,picolibc,15,1,1,123,135
R,2,bcmp,picolibc,15,1,3,119,119
R,2,bcmp,picolibc,16,0,0,88,100
R,2,bcmp,picolibc,16,1,1,127,139
R,2,bcmp,picolibc,16,1,3,123,136
R,2,bcmp,picolibc,17,0,0,78,78
R,2,bcmp,picolibc,17,1,1,137,137
R,2,bcmp,picolibc,17,1,3,133,141
R,2,bcmp,picolibc,31,0,0,112,123
R,2,bcmp,picolibc,31,1,1,215,227
R,2,bcmp,picolibc,31,1,3,207,215
R,2,bcmp,picolibc,32,0,0,111,123
R,2,bcmp,picolibc,32,1,1,219,228
R,2,bcmp,picolibc,32,1,3,211,222
R,2,bcmp,picolibc,33,0,0,101,101
R,2,bcmp,picolibc,33,1,1,229,243
R,2,bcmp,picolibc,33,1,3,221,233
R,2,bcmp,picolibc,63,0,0,158,170
R,2,bcmp,picolibc,63,1,1,399,421
R,2,bcmp,picolibc,63,1,3,383,398
R,2,bcmp,picolibc,64,0,0,157,166
R,2,bcmp,picolibc,64,1,1,403,432
R,2,bcmp,picolibc,64,1,3,387,416
R,2,bcmp,picolibc,65,0,0,147,159
R,2,bcmp,picolibc,65,1,1,413,431
R,2,bcmp,picolibc,65,1,3,397,419
R,2,bcmp,picolibc,100,0,0,216,228
R,2,bcmp,picolibc,100,1,1,610,650
R,2,bcmp,picolibc,100,1,3,594,621
R,2,bcmp,picolibc,128,0,0,249,270
R,2,bcmp,picolibc,128,1,1,771,819
R,2,bcmp,picolibc,128,1,3,757,779
R,2,bcmp,picolibc,255,0,0,434,462
R,2,bcmp,picolibc,255,1,1,1541,1566
R,2,bcmp,picolibc,255,1,3,1493,1506
R,2,bcmp,picolibc,256,0,0,433,462
R,2,bcmp,picolibc,256,1,1,1561,1573
R,2,bcmp,picolibc,256,1,3,1496,1505
R,2,bcmp,picolibc,512,0,0,817,844
R,2,bcmp,picolibc,512,1,1,3082,3116
R,2,bcmp,picolibc,512,1,3,2909,2987
R,2,bcmp,picolibc,1000,0,0,1556,1571
R,2,bcmp,picolibc,1000,1,1,5979,6042
R,2,bcmp,picolibc,1000,1,3,5725,5783
R,2,bcmp,picolibc,1024,0,0,1598,1603
R,2,bcmp,picolibc,1024,1,1,6143,6185
R,2,bcmp,picolibc,1024,1,3,5859,5915
R,2,bcmp,picolibc,4096,0,0,6148,6201
R,2,bcmp,picolibc,4096,1,1,24534,24610
R,2,bcmp,picolibc,4096,1,3,23500,23558
R,2,bcmp,picolibc,8192,0,0,12265,12332
R,2,bcmp,picolibc,8192,1,1,49119,49164
R,2,bcmp,picolibc,8192,1,3,47013,47064
R,2,bcmp,picolibc,16384,0,0,24534,24586
R,2,bcmp,picolibc,16384,1,1,98261,98293
R,2,bcmp,picolibc,16384,1,3,94007,94066
R,2,bcmp,llvm-libc,1,0,0,22,22
R,2,bcmp,llvm-libc,1,1,1,22,22
R,2,bcmp,llvm-libc,1,1,3,22,22
R,2,bcmp,llvm-libc,2,0,0,32,32
R,2,bcmp,llvm-libc,2,1,1,32,32
R,2,bcmp,llvm-libc,2,1,3,31,31
R,2,bcmp,llvm-libc,3,0,0,42,42
R,2,bcmp,llvm-libc,3,1,1,42,42
R,2,bcmp,llvm-libc,3,1,3,40,40
R,2,bcmp,llvm-libc,4,0,0,52,52
R,2,bcmp,llvm-libc,4,1,1,52,52
R,2,bcmp,llvm-libc,4,1,3,50,50
R,2,bcmp,llvm-libc,7,0,0,82,90
R,2,bcmp,llvm-libc,7,1,1,82,91
R,2,bcmp,llvm-libc,7,1,3,78,78
R,2,bcmp,llvm-libc,8,0,0,92,104
R,2,bcmp,llvm-libc,8,1,1,92,104
R,2,bcmp,llvm-libc,8,1,3,88,88
R,2,bcmp,llvm-libc,15,0,0,162,174
R,2,bcmp,llvm-libc,15,1,1,162,162
R,2,bcmp,llvm-libc,15,1,3,154,166
R,2,bcmp,llvm-libc,16,0,0,172,184
R,2,bcmp,llvm-libc,16,1,1,172,172
R,2,bcmp,llvm-libc,16,1,3,164,176
R,2,bcmp,llvm-libc,17,0,0,182,190
R,2,bcmp,llvm-libc,17,1,1,182,194
R,2,bcmp,llvm-libc,17,1,3,174,183
R,2,bcmp,llvm-libc,31,0,0,322,334
R,2,bcmp,llvm-libc,31,1,1,322,338
R,2,bcmp,llvm-libc,31,1,3,306,318
R,2,bcmp,llvm-libc,32,0,0,332,352
R,2,bcmp,llvm-libc,32,1,1,332,345
R,2,bcmp,llvm-libc,32,1,3,316,316
R,2,bcmp,llvm-libc,33,0,0,342,359
R,2,bcmp,llvm-libc,33,1,1,342,359
R,2,bcmp,llvm-libc,33,1,3,326,344
R,2,bcmp,llvm-libc,63,0,0,650,668
R,2,bcmp,llvm-libc,63,1,1,642,674
R,2,bcmp,llvm-libc,63,1,3,618,634
R,2,bcmp,llvm-libc,64,0,0,652,672
R,2,bcmp,llvm-libc,64,1,1,660,684
R,2,bcmp,llvm-libc,64,1,3,628,648
R,2,bcmp,llvm-libc,65,0,0,662,694
R,2,bcmp,llvm-libc,65,1,1,670,695
R,2,bcmp,llvm-libc,65,1,3,630,654
R,2,bcmp,llvm-libc,100,0,0,1040,1057
R,2,bcmp,llvm-libc,100,1,1,1036,1056
R,2,bcmp,llvm-libc,100,1,3,986,1007
R,2,bcmp,llvm-libc,128,0,0,1312,1344
R,2,bcmp,llvm-libc,128,1,1,1333,1348
R,2,bcmp,llvm-libc,128,1,3,1260,1282
R,2,bcmp,llvm-libc,255,0,0,2658,2671
R,2,bcmp,llvm-libc,255,1,1,2618,2659
R,2,bcmp,llvm-libc,255,1,3,2530,2537
R,2,bcmp,llvm-libc,256,0,0,2668,2680
R,2,bcmp,llvm-libc,256,1,1,2633,2680
R,2,bcmp,llvm-libc,256,1,3,2540,2545
R,2,bcmp,llvm-libc,512,0,0,5296,5352
R,2,bcmp,llvm-libc,512,1,1,5300,5345
R,2,bcmp,llvm-libc,512,1,3,5030,5081
R,2,bcmp,llvm-libc,1000,0,0,10361,10425
R,2,bcmp,llvm-libc,1000,1,1,10380,10426
R,2,bcmp,llvm-libc,1000,1,3,9833,9906
R,2,bcmp,llvm-libc,1024,0,0,10625,10674
R,2,bcmp,llvm-libc,1024,1,1,10597,10672
R,2,bcmp,llvm-libc,1024,1,3,10081,10141
R,2,bcmp,llvm-libc,4096,0,0,42567,42628
R,2,bcmp,llvm-libc,4096,1,1,42509,42606
R,2,bcmp,llvm-libc,4096,1,3,40455,40485
R,2,bcmp,llvm-libc,8192,0,0,85179,85194
R,2,bcmp,llvm-libc,8192,1,1,85179,85197
R,2,bcmp,llvm-libc,8192,1,3,80950,80977
R,2,bcmp,llvm-libc,16384,0,0,170271,170374
R,2,bcmp,llvm-libc,16384,1,1,170358,170390
R,2,bcmp,llvm-libc,16384,1,3,161895,161920
R,2,bcmp,word,1,0,0,41,41
R,2,bcmp,word,1,1,1,41,41
R,2,bcmp,word,1,1,3,41,41
R,2,bcmp,word,2,0,0,45,45
R,2,bcmp,word,2,1,1,45,54
R,2,bcmp,word,2,1,3,45,45
R,2,bcmp,word,3,0,0,49,49
R,2,bcmp,word,3,1,1,49,49
R,2,bcmp,word,3,1,3,49,49
R,2,bcmp,word,4,0,0,37,37
R,2,bcmp,word,4,1,1,40,40
R,2,bcmp,word,4,1,3,40,40
R,2,bcmp,word,7,0,0,69,69
R,2,bcmp,word,7,1,1,73,73
R,2,bcmp,word,7,1,3,71,71
R,2,bcmp,word,8,0,0,41,41
R,2,bcmp,word,8,1,1,47,56
R,2,bcmp,word,8,1,3,47,47
R,2,bcmp,word,15,0,0,71,71
R,2,bcmp,word,15,1,1,81,92
R,2,bcmp,word,15,1,3,79,79
R,2,bcmp,word,16,0,0,44,44
R,2,bcmp,word,16,1,1,46,46
R,2,bcmp,word,16,1,3,46,55
R,2,bcmp,word,17,0,0,56,68
R,2,bcmp,word,17,1,1,58,58
R,2,bcmp,word,17,1,3,58,58
R,2,bcmp,word,31,0,0,84,96
R,2,bcmp,word,31,1,1,96,108
R,2,bcmp,word,31,1,3,94,106
R,2,bcmp,word,32,0,0,70,70
R,2,bcmp,word,32,1,1,74,74
R,2,bcmp,word,32,1,3,74,74
R,2,bcmp,word,33,0,0,82,82
R,2,bcmp,word,33,1,1,86,98
R,2,bcmp,word,33,1,3,86,86
R,2,bcmp,word,63,0,0,136,148
R,2,bcmp,word,63,1,1,152,160
R,2,bcmp,word,63,1,3,150,162
R,2,bcmp,word,64,0,0,122,122
R,2,bcmp,word,64,1,1,130,142
R,2,bcmp,word,64,1,3,130,130
R,2,bcmp,word,65,0,0,134,143
R,2,bcmp,word,65,1,1,142,154
R,2,bcmp,word,65,1,3,142,142
R,2,bcmp,word,100,0,0,181,193
R,2,bcmp,word,100,1,1,196,208
R,2,bcmp,word,100,1,3,196,209
R,2,bcmp,word,128,0,0,226,246
R,2,bcmp,word,128,1,1,242,263
R,2,bcmp,word,128,1,3,242,251
R,2,bcmp,word,255,0,0,448,475
R,2,bcmp,word,255,1,1,488,515
R,2,bcmp,word,255,1,3,486,516
R,2,bcmp,word,256,0,0,434,463
R,2,bcmp,word,256,1,1,466,494
R,2,bcmp,word,256,1,3,466,495
R,2,bcmp,word,512,0,0,867,897
R,2,bcmp,word,512,1,1,931,961
R,2,bcmp,word,512,1,3,923,955
R,2,bcmp,word,1000,0,0,1701,1712
R,2,bcmp,word,1000,1,1,1777,1850
R,2,bcmp,word,1000,1,3,1783,1849
R,2,bcmp,word,1024,0,0,1702,1756
R,2,bcmp,word,1024,1,1,1828,1884
R,2,bcmp,word,1024,1,3,1836,1892
R,2,bcmp,word,4096,0,0,6926,6965
R,2,bcmp,word,4096,1,1,7439,7502
R,2,bcmp,word,4096,1,3,7459,7495
R,2,bcmp,word,8192,0,0,13853,13906
R,2,bcmp,word,8192,1,1,14954,14974
R,2,bcmp,word,8192,1,3,14914,14976
R,2,bcmp,word,16384,0,0,27743,27787
R,2,bcmp,word,16384,1,1,29780,29937
R,2,bcmp,word,16384,1,3,29862,29927
R,2,bcmp,mve16,1,0,0,27,27
R,2,bcmp,mve16,1,1,1,29,29
R,2,bcmp,mve16,1,1,3,29,29
R,2,bcmp,mve16,2,0,0,27,27
R,2,bcmp,mve16,2,1,1,29,29
R,2,bcmp,mve16,2,1,3,29,29
R,2,bcmp,mve16,3,0,0,27,27
R,2,bcmp,mve16,3,1,1,29,29
R,2,bcmp,mve16,3,1,3,29,29
R,2,bcmp,mve16,4,0,0,27,27
R,2,bcmp,mve16,4,1,1,29,29
R,2,bcmp,mve16,4,1,3,29,29
R,2,bcmp,mve16,7,0,0,27,27
R,2,bcmp,mve16,7,1,1,29,29
R,2,bcmp,mve16,7,1,3,29,29
R,2,bcmp,mve16,8,0,0,27,27
R,2,bcmp,mve16,8,1,1,29,29
R,2,bcmp,mve16,8,1,3,29,29
R,2,bcmp,mve16,15,0,0,27,27
R,2,bcmp,mve16,15,1,1,29,29
R,2,bcmp,mve16,15,1,3,29,29
R,2,bcmp,mve16,16,0,0,26,26
R,2,bcmp,mve16,16,1,1,28,28
R,2,bcmp,mve16,16,1,3,28,28
R,2,bcmp,mve16,17,0,0,31,31
R,2,bcmp,mve16,17,1,1,35,35
R,2,bcmp,mve16,17,1,3,35,35
R,2,bcmp,mve16,31,0,0,31,31
R,2,bcmp,mve16,31,1,1,35,35
R,2,bcmp,mve16,31,1,3,35,35
R,2,bcmp,mve16,32,0,0,40,40
R,2,bcmp,mve16,32,1,1,44,44
R,2,bcmp,mve16,32,1,3,44,44
R,2,bcmp,mve16,33,0,0,45,45
R,2,bcmp,mve16,33,1,1,51,51
R,2,bcmp,mve16,33,1,3,51,51
R,2,bcmp,mve16,63,0,0,59,72
R,2,bcmp,mve16,63,1,1,67,67
R,2,bcmp,mve16,63,1,3,67,67
R,2,bcmp,mve16,64,0,0,68,77
R,2,bcmp,mve16,64,1,1,76,76
R,2,bcmp,mve16,64,1,3,76,76
R,2,bcmp,mve16,65,0,0,73,73
R,2,bcmp,mve16,65,1,1,83,83
R,2,bcmp,mve16,65,1,3,83,83
R,2,bcmp,mve16,100,0,0,101,110
R,2,bcmp,mve16,100,1,1,115,128
R,2,bcmp,mve16,100,1,3,115,128
R,2,bcmp,mve16,128,0,0,124,137
R,2,bcmp,mve16,128,1,1,140,153
R,2,bcmp,mve16,128,1,3,140,153
R,2,bcmp,mve16,255,0,0,227,249
R,2,bcmp,mve16,255,1,1,259,280
R,2,bcmp,mve16,255,1,3,259,281
R,2,bcmp,mve16,256,0,0,236,258
R,2,bcmp,mve16,256,1,1,268,281
R,2,bcmp,mve16,256,1,3,268,290
R,2,bcmp,mve16,512,0,0,460,491
R,2,bcmp,mve16,512,1,1,524,551
R,2,bcmp,mve16,512,1,3,533,555
R,2,bcmp,mve16,1000,0,0,903,934
R,2,bcmp,mve16,1000,1,1,1011,1051
R,2,bcmp,mve16,1000,1,3,1037,1069
R,2,bcmp,mve16,1024,0,0,926,953
R,2,bcmp,mve16,1024,1,1,1063,1085
R,2,bcmp,mve16,1024,1,3,1036,1085
R,2,bcmp,mve16,4096,0,0,3740,3767
R,2,bcmp,mve16,4096,1,1,4233,4303
R,2,bcmp,mve16,4096,1,3,4250,4292
R,2,bcmp,mve16,8192,0,0,7472,7504
R,2,bcmp,mve16,8192,1,1,8519,8575
R,2,bcmp,mve16,8192,1,3,8538,8573
R,2,bcmp,mve16,16384,0,0,14960,14997
R,2,bcmp,mve16,16384,1,1,17061,17136
R,2,bcmp,mve16,16384,1,3,17065,17138
R,2,bcmp,mve64,1,0,0,39,39
R,2,bcmp,mve64,1,1,1,41,41
R,2,bcmp,mve64,1,1,3,41,41
R,2,bcmp,mve64,2,0,0,39,39
R,2,bcmp,mve64,2,1,1,41,50
R,2,bcmp,mve64,2,1,3,41,41
R,2,bcmp,mve64,3,0,0,39,39
R,2,bcmp,mve64,3,1,1,41,50
R,2,bcmp,mve64,3,1,3,41,41
R,2,bcmp,mve64,4,0,0,39,39
R,2,bcmp,mve64,4,1,1,41,41
R,2,bcmp,mve64,4,1,3,41,41
R,2,bcmp,mve64,7,0,0,39,39
R,2,bcmp,mve64,7,1,1,41,41
R,2,bcmp,mve64,7,1,3,41,41
R,2,bcmp,mve64,8,0,0,39,39
R,2,bcmp,mve64,8,1,1,41,41
R,2,bcmp,mve64,8,1,3,41,41
R,2,bcmp,mve64,15,0,0,39,39
R,2,bcmp,mve64,15,1,1,41,41
R,2,bcmp,mve64,15,1,3,41,41
R,2,bcmp,mve64,16,0,0,37,37
R,2,bcmp,mve64,16,1,1,39,39
R,2,bcmp,mve64,16,1,3,39,39
R,2,bcmp,mve64,17,0,0,42,42
R,2,bcmp,mve64,17,1,1,46,46
R,2,bcmp,mve64,17,1,3,46,46
R,2,bcmp,mve64,31,0,0,42,42
R,2,bcmp,mve64,31,1,1,46,46
R,2,bcmp,mve64,31,1,3,46,55
R,2,bcmp,mve64,32,0,0,51,51
R,2,bcmp,mve64,32,1,1,55,55
R,2,bcmp,mve64,32,1,3,55,55
R,2,bcmp,mve64,33,0,0,56,56
R,2,bcmp,mve64,33,1,1,62,62
R,2,bcmp,mve64,33,1,3,62,62
R,2,bcmp,mve64,63,0,0,70,70
R,2,bcmp,mve64,63,1,1,78,78
R,2,bcmp,mve64,63,1,3,78,78
R,2,bcmp,mve64,64,0,0,45,45
R,2,bcmp,mve64,64,1,1,53,53
R,2,bcmp,mve64,64,1,3,53,53
R,2,bcmp,mve64,65,0,0,68,68
R,2,bcmp,mve64,65,1,1,78,78
R,2,bcmp,mve64,65,1,3,78,78
R,2,bcmp,mve64,100,0,0,85,98
R,2,bcmp,mve64,100,1,1,99,108
R,2,bcmp,mve64,100,1,3,99,99
R,2,bcmp,mve64,128,0,0,75,86
R,2,bcmp,mve64,128,1,1,91,103
R,2,bcmp,mve64,128,1,3,91,102
R,2,bcmp,mve64,255,0,0,159,170
R,2,bcmp,mve64,255,1,1,191,203
R,2,bcmp,mve64,255,1,3,191,203
R,2,bcmp,mve64,256,0,0,135,146
R,2,bcmp,mve64,256,1,1,167,178
R,2,bcmp,mve64,256,1,3,167,178
R,2,bcmp,mve64,512,0,0,255,273
R,2,bcmp,mve64,512,1,1,319,337
R,2,bcmp,mve64,512,1,3,319,337
R,2,bcmp,mve64,1000,0,0,505,532
R,2,bcmp,mve64,1000,1,1,639,663
R,2,bcmp,mve64,1000,1,3,631,663
R,2,bcmp,mve64,1024,0,0,495,520
R,2,bcmp,mve64,1024,1,1,631,653
R,2,bcmp,mve64,1024,1,3,623,652
R,2,bcmp,mve64,4096,0,0,1942,2013
R,2,bcmp,mve64,4096,1,1,2481,2536
R,2,bcmp,mve64,4096,1,3,2531,2538
R,2,bcmp,mve64,8192,0,0,3944,3995
R,2,bcmp,mve64,8192,1,1,5022,5052
R,2,bcmp,mve64,8192,1,3,5038,5047
R,2,bcmp,mve64,16384,0,0,7938,7977
R,2,bcmp,mve64,16384,1,1,10058,10090
R,2,bcmp,mve64,16384,1,3,10051,10098
R,2,strlen,byte,1,0,0,21,21
R,2,strlen,byte,1,1,0,21,21
R,2,strlen,byte,2,0,0,23,23
R,2,strlen,byte,2,1,0,23,23
R,2,strlen,byte,3,0,0,24,24
R,2,strlen,byte,3,1,0,24,24
R,2,strlen,byte,4,0,0,30,30
R,2,strlen,byte,4,1,0,30,30
R,2,strlen,byte,7,0,0,33,33
R,2,strlen,byte,7,1,0,33,33
R,2,strlen,byte,8,0,0,39,39
R,2,strlen,byte,8,1,0,39,39
R,2,strlen,byte,15,0,0,51,60
R,2,strlen,byte,15,1,0,51,51
R,2,strlen,byte,16,0,0,57,57
R,2,strlen,byte,16,1,0,57,64
R,2,strlen,byte,17,0,0,57,57
R,2,strlen,byte,17,1,0,57,57
R,2,strlen,byte,31,0,0,87,100
R,2,strlen,byte,31,1,0,87,87
R,2,strlen,byte,32,0,0,93,93
R,2,strlen,byte,32,1,0,93,106
R,2,strlen,byte,33,0,0,93,106
R,2,strlen,byte,33,1,0,93,93
R,2,strlen,byte,63,0,0,159,172
R,2,strlen,byte,63,1,0,159,159
R,2,strlen,byte,64,0,0,165,165
R,2,strlen,byte,64,1,0,165,178
R,2,strlen,byte,65,0,0,165,178
R,2,strlen,byte,65,1,0,165,178
R,2,strlen,byte,100,0,0,246,268
R,2,strlen,byte,100,1,0,246,255
R,2,strlen,byte,128,0,0,309,331
R,2,strlen,byte,128,1,0,309,331
R,2,strlen,byte,255,0,0,600,631
R,2,strlen,byte,255,1,0,591,622
R,2,strlen,byte,256,0,0,606,635
R,2,strlen,byte,256,1,0,606,633
R,2,strlen,byte,512,0,0,1182,1227
R,2,strlen,byte,512,1,0,1209,1230
R,2,strlen,byte,1000,0,0,2370,2379
R,2,strlen,byte,1000,1,0,2365,2383
R,2,strlen,byte,1024,0,0,2428,2437
R,2,strlen,byte,1024,1,0,2433,2433
R,2,strlen,byte,4096,0,0,9583,9664
R,2,strlen,byte,4096,1,0,9597,9662
R,2,strlen,byte,8192,0,0,19236,19292
R,2,strlen,byte,8192,1,0,19132,19294
R,2,strlen,byte,16384,0,0,38500,38550
R,2,strlen,byte,16384,1,0,38505,38554
R,2,strlen,picolibc,1,0,0,29,29
R,2,strlen,picolibc,1,1,0,29,29
R,2,strlen,picolibc,2,0,0,29,29
R,2,strlen,picolibc,2,1,0,29,29
R,2,strlen,picolibc,3,0,0,29,29
R,2,strlen,picolibc,3,1,0,39,39
R,2,strlen,picolibc,4,0,0,39,39
R,2,strlen,picolibc,4,1,0,39,39
R,2,strlen,picolibc,7,0,0,39,39
R,2,strlen,picolibc,7,1,0,48,48
R,2,strlen,picolibc,8,0,0,48,48
R,2,strlen,picolibc,8,1,0,48,48
R,2,strlen,picolibc,15,0,0,57,57
R,2,strlen,picolibc,15,1,0,66,66
R,2,strlen,picolibc,16,0,0,66,66
R,2,strlen,picolibc,16,1,0,66,66
R,2,strlen,picolibc,17,0,0,66,66
R,2,strlen,picolibc,17,1,0,66,66
R,2,strlen,picolibc,31,0,0,93,93
R,2,strlen,picolibc,31,1,0,102,115
R,2,strlen,picolibc,32,0,0,102,102
R,2,strlen,picolibc,32,1,0,102,102
R,2,strlen,picolibc,33,0,0,102,102
R,2,strlen,picolibc,33,1,0,102,115
R,2,strlen,picolibc,63,0,0,165,174
R,2,strlen,picolibc,63,1,0,174,187
R,2,strlen,picolibc,64,0,0,174,187
R,2,strlen,picolibc,64,1,0,174,187
R,2,strlen,picolibc,65,0,0,174,187
R,2,strlen,picolibc,65,1,0,174,187
R,2,strlen,picolibc,100,0,0,255,276
R,2,strlen,picolibc,100,1,0,255,273
R,2,strlen,picolibc,128,0,0,318,336
R,2,strlen,picolibc,128,1,0,318,340
R,2,strlen,picolibc,255,0,0,597,637
R,2,strlen,picolibc,255,1,0,606,637
R,2,strlen,picolibc,256,0,0,606,646
R,2,strlen,picolibc,256,1,0,606,646
R,2,strlen,picolibc,512,0,0,1213,1240
R,2,strlen,picolibc,512,1,0,1218,1245
R,2,strlen,picolibc,1000,0,0,2347,2391
R,2,strlen,picolibc,1000,1,0,2307,2388
R,2,strlen,picolibc,1024,0,0,2343,2442
R,2,strlen,picolibc,1024,1,0,2397,2446
R,2,strlen,picolibc,4096,0,0,9619,9673
R,2,strlen,picolibc,4096,1,0,9619,9671
R,2,strlen,picolibc,8192,0,0,19218,19303
R,2,strlen,picolibc,8192,1,0,19218,19303
R,2,strlen,picolibc,16384,0,0,38505,38563
R,2,strlen,picolibc,16384,1,0,38437,38562
R,2,strlen,llvm-libc,1,0,0,20,20
R,2,strlen,llvm-libc,1,1,0,20,20
R,2,strlen,llvm-libc,2,0,0,22,22
R,2,strlen,llvm-libc,2,1,0,22,22
R,2,strlen,llvm-libc,3,0,0,22,22
R,2,strlen,llvm-libc,3,1,0,22,22
R,2,strlen,llvm-libc,4,0,0,24,24
R,2,strlen,llvm-libc,4,1,0,24,24
R,2,strlen,llvm-libc,7,0,0,31,31
R,2,strlen,llvm-libc,7,1,0,31,31
R,2,strlen,llvm-libc,8,0,0,33,33
R,2,strlen,llvm-libc,8,1,0,33,33
R,2,strlen,llvm-libc,15,0,0,49,49
R,2,strlen,llvm-libc,15,1,0,49,49
R,2,strlen,llvm-libc,16,0,0,51,62
R,2,strlen,llvm-libc,16,1,0,51,51
R,2,strlen,llvm-libc,17,0,0,56,56
R,2,strlen,llvm-libc,17,1,0,56,56
R,2,strlen,llvm-libc,31,0,0,85,98
R,2,strlen,llvm-libc,31,1,0,85,85
R,2,strlen,llvm-libc,32,0,0,87,96
R,2,strlen,llvm-libc,32,1,0,87,96
R,2,strlen,llvm-libc,33,0,0,92,92
R,2,strlen,llvm-libc,33,1,0,92,92
R,2,strlen,llvm-libc,63,0,0,157,166
R,2,strlen,llvm-libc,63,1,0,157,170
R,2,strlen,llvm-libc,64,0,0,159,172
R,2,strlen,llvm-libc,64,1,0,159,172
R,2,strlen,llvm-libc,65,0,0,164,177
R,2,strlen,llvm-libc,65,1,0,164,177
R,2,strlen,llvm-libc,100,0,0,240,253
R,2,strlen,llvm-libc,100,1,0,240,262
R,2,strlen,llvm-libc,128,0,0,303,325
R,2,strlen,llvm-libc,128,1,0,303,325
R,2,strlen,llvm-libc,255,0,0,598,620
R,2,strlen,llvm-libc,255,1,0,589,629
R,2,strlen,llvm-libc,256,0,0,600,631
R,2,strlen,llvm-libc,256,1,0,591,629
R,2,strlen,llvm-libc,512,0,0,1203,1221
R,2,strlen,llvm-libc,512,1,0,1198,1230
R,2,strlen,llvm-libc,1000,0,0,2364,2373
R,2,strlen,llvm-libc,1000,1,0,2368,2373
R,2,strlen,llvm-libc,1024,0,0,2427,2427
R,2,strlen,llvm-libc,1024,1,0,2418,2431
R,2,strlen,llvm-libc,4096,0,0,9595,9654
R,2,strlen,llvm-libc,4096,1,0,9586,9658
R,2,strlen,llvm-libc,8192,0,0,19216,19288
R,2,strlen,llvm-libc,8192,1,0,19212,19288
R,2,strlen,llvm-libc,16384,0,0,38490,38548
R,2,strlen,llvm-libc,16384,1,0,38503,38548
R,2,strlen,llvm-word,1,0,0,50,50
R,2,strlen,llvm-word,1,1,0,30,30
R,2,strlen,llvm-word,2,0,0,51,51
R,2,strlen,llvm-word,2,1,0,33,33
R,2,strlen,llvm-word,3,0,0,51,51
R,2,strlen,llvm-word,3,1,0,58,58
R,2,strlen,llvm-word,4,0,0,70,70
R,2,strlen,llvm-word,4,1,0,59,72
R,2,strlen,llvm-word,7,0,0,72,84
R,2,strlen,llvm-word,7,1,0,79,91
R,2,strlen,llvm-word,8,0,0,71,82
R,2,strlen,llvm-word,8,1,0,80,93
R,2,strlen,llvm-word,15,0,0,76,84
R,2,strlen,llvm-word,15,1,0,83,92
R,2,strlen,llvm-word,16,0,0,86,86
R,2,strlen,llvm-word,16,1,0,84,84
R,2,strlen,llvm-word,17,0,0,87,87
R,2,strlen,llvm-word,17,1,0,85,96
R,2,strlen,llvm-word,31,0,0,103,115
R,2,strlen,llvm-word,31,1,0,110,119
R,2,strlen,llvm-word,32,0,0,113,124
R,2,strlen,llvm-word,32,1,0,111,123
R,2,strlen,llvm-word,33,0,0,114,125
R,2,strlen,llvm-word,33,1,0,112,124
R,2,strlen,llvm-word,63,0,0,157,169
R,2,strlen,llvm-word,63,1,0,164,176
R,2,strlen,llvm-word,64,0,0,167,179
R,2,strlen,llvm-word,64,1,0,165,176
R,2,strlen,llvm-word,65,0,0,168,176
R,2,strlen,llvm-word,65,1,0,166,175
R,2,strlen,llvm-word,100,0,0,232,245
R,2,strlen,llvm-word,100,1,0,231,242
R,2,strlen,llvm-word,128,0,0,275,288
R,2,strlen,llvm-word,128,1,0,273,293
R,2,strlen,llvm-word,255,0,0,481,508
R,2,strlen,llvm-word,255,1,0,488,514
R,2,strlen,llvm-word,256,0,0,491,519
R,2,strlen,llvm-word,256,1,0,498,514
R,2,strlen,llvm-word,512,0,0,948,965
R,2,strlen,llvm-word,512,1,0,934,969
R,2,strlen,llvm-word,1000,0,0,1798,1813
R,2,strlen,llvm-word,1000,1,0,1815,1822
R,2,strlen,llvm-word,1024,0,0,1848,1862
R,2,strlen,llvm-word,1024,1,0,1815,1858
R,2,strlen,llvm-word,4096,0,0,7204,7250
R,2,strlen,llvm-word,4096,1,0,7214,7246
R,2,strlen,llvm-word,8192,0,0,14370,14427
R,2,strlen,llvm-word,8192,1,0,14370,14428
R,2,strlen,llvm-word,16384,0,0,28732,28796
R,2,strlen,llvm-word,16384,1,0,28738,28792
R,2,strlen,word,1,0,0,42,42
R,2,strlen,word,1,1,0,22,22
R,2,strlen,word,2,0,0,44,44
R,2,strlen,word,2,1,0,24,24
R,2,strlen,word,3,0,0,45,45
R,2,strlen,word,3,1,0,47,47
R,2,strlen,word,4,0,0,40,40
R,2,strlen,word,4,1,0,48,57
R,2,strlen,word,7,0,0,44,44
R,2,strlen,word,7,1,0,46,46
R,2,strlen,word,8,0,0,44,44
R,2,strlen,word,8,1,0,47,47
R,2,strlen,word,15,0,0,49,49
R,2,strlen,word,15,1,0,51,51
R,2,strlen,word,16,0,0,59,68
R,2,strlen,word,16,1,0,52,52
R,2,strlen,word,17,0,0,60,60
R,2,strlen,word,17,1,0,54,63
R,2,strlen,word,31,0,0,67,67
R,2,strlen,word,31,1,0,69,69
R,2,strlen,word,32,0,0,77,77
R,2,strlen,word,32,1,0,70,70
R,2,strlen,word,33,0,0,78,78
R,2,strlen,word,33,1,0,72,72
R,2,strlen,word,63,0,0,103,103
R,2,strlen,word,63,1,0,105,105
R,2,strlen,word,64,0,0,113,122
R,2,strlen,word,64,1,0,106,118
R,2,strlen,word,65,0,0,114,126
R,2,strlen,word,65,1,0,108,120
R,2,strlen,word,100,0,0,148,160
R,2,strlen,word,100,1,0,156,168
R,2,strlen,word,128,0,0,185,197
R,2,strlen,word,128,1,0,178,190
R,2,strlen,word,255,0,0,319,339
R,2,strlen,word,255,1,0,321,341
R,2,strlen,word,256,0,0,329,349
R,2,strlen,word,256,1,0,322,342
R,2,strlen,word,512,0,0,617,645
R,2,strlen,word,512,1,0,610,642
R,2,strlen,word,1000,0,0,1173,1208
R,2,strlen,word,1000,1,0,1196,1209
R,2,strlen,word,1024,0,0,1226,1245
R,2,strlen,word,1024,1,0,1186,1235
R,2,strlen,word,4096,0,0,4833,4842
R,2,strlen,word,4096,1,0,4796,4831
R,2,strlen,word,8192,0,0,9577,9635
R,2,strlen,word,8192,1,0,9600,9625
R,2,strlen,word,16384,0,0,19168,19216
R,2,strlen,word,16384,1,0,19152,19215
R,2,strlen,mve16,1,0,0,19,19
R,2,strlen,mve16,1,1,0,19,19
R,2,strlen,mve16,2,0,0,19,19
R,2,strlen,mve16,2,1,0,19,19
R,2,strlen,mve16,3,0,0,19,19
R,2,strlen,mve16,3,1,0,19,19
R,2,strlen,mve16,4,0,0,19,19
R,2,strlen,mve16,4,1,0,19,19
R,2,strlen,mve16,7,0,0,19,19
R,2,strlen,mve16,7,1,0,19,19
R,2,strlen,mve16,8,0,0,19,19
R,2,strlen,mve16,8,1,0,19,19
R,2,strlen,mve16,15,0,0,19,19
R,2,strlen,mve16,15,1,0,41,41
R,2,strlen,mve16,16,0,0,41,50
R,2,strlen,mve16,16,1,0,41,41
R,2,strlen,mve16,17,0,0,41,41
R,2,strlen,mve16,17,1,0,41,41
R,2,strlen,mve16,31,0,0,41,41
R,2,strlen,mve16,31,1,0,50,50
R,2,strlen,mve16,32,0,0,50,50
R,2,strlen,mve16,32,1,0,50,50
R,2,strlen,mve16,33,0,0,50,50
R,2,strlen,mve16,33,1,0,50,50
R,2,strlen,mve16,63,0,0,59,71
R,2,strlen,mve16,63,1,0,68,68
R,2,strlen,mve16,64,0,0,68,68
R,2,strlen,mve16,64,1,0,68,68
R,2,strlen,mve16,65,0,0,68,68
R,2,strlen,mve16,65,1,0,68,68
R,2,strlen,mve16,100,0,0,86,86
R,2,strlen,mve16,100,1,0,86,98
R,2,strlen,mve16,128,0,0,104,104
R,2,strlen,mve16,128,1,0,104,104
R,2,strlen,mve16,255,0,0,167,180
R,2,strlen,mve16,255,1,0,176,189
R,2,strlen,mve16,256,0,0,176,189
R,2,strlen,mve16,256,1,0,176,189
R,2,strlen,mve16,512,0,0,320,342
R,2,strlen,mve16,512,1,0,320,342
R,2,strlen,mve16,1000,0,0,590,625
R,2,strlen,mve16,1000,1,0,590,630
R,2,strlen,mve16,1024,0,0,608,648
R,2,strlen,mve16,1024,1,0,617,648
R,2,strlen,mve16,4096,0,0,2439,2448
R,2,strlen,mve16,4096,1,0,2390,2447
R,2,strlen,mve16,8192,0,0,4811,4856
R,2,strlen,mve16,8192,1,0,4793,4856
R,2,strlen,mve16,16384,0,0,9612,9666
R,2,strlen,mve16,16384,1,0,9621,9671
R,2,strlen,mve64,1,0,0,19,19
R,2,strlen,mve64,1,1,0,19,19
R,2,strlen,mve64,2,0,0,19,19
R,2,strlen,mve64,2,1,0,19,19
R,2,strlen,mve64,3,0,0,19,19
R,2,strlen,mve64,3,1,0,19,19
R,2,strlen,mve64,4,0,0,19,19
R,2,strlen,mve64,4,1,0,19,19
R,2,strlen,mve64,7,0,0,19,19
R,2,strlen,mve64,7,1,0,19,19
R,2,strlen,mve64,8,0,0,19,19
R,2,strlen,mve64,8,1,0,19,19
R,2,strlen,mve64,15,0,0,19,19
R,2,strlen,mve64,15,1,0,35,35
R,2,strlen,mve64,16,0,0,35,35
R,2,strlen,mve64,16,1,0,35,35
R,2,strlen,mve64,17,0,0,35,35
R,2,strlen,mve64,17,1,0,35,35
R,2,strlen,mve64,31,0,0,35,35
R,2,strlen,mve64,31,1,0,54,54
R,2,strlen,mve64,32,0,0,54,54
R,2,strlen,mve64,32,1,0,54,54
R,2,strlen,mve64,33,0,0,54,54
R,2,strlen,mve64,33,1,0,54,54
R,2,strlen,mve64,63,0,0,60,60
R,2,strlen,mve64,63,1,0,91,103
R,2,strlen,mve64,64,0,0,91,91
R,2,strlen,mve64,64,1,0,91,103
R,2,strlen,mve64,65,0,0,91,91
R,2,strlen,mve64,65,1,0,91,91
R,2,strlen,mve64,100,0,0,109,109
R,2,strlen,mve64,100,1,0,109,121
R,2,strlen,mve64,128,0,0,112,112
R,2,strlen,mve64,128,1,0,112,120
R,2,strlen,mve64,255,0,0,161,173
R,2,strlen,mve64,255,1,0,154,166
R,2,strlen,mve64,256,0,0,154,166
R,2,strlen,mve64,256,1,0,154,166
R,2,strlen,mve64,512,0,0,238,258
R,2,strlen,mve64,512,1,0,238,258
R,2,strlen,mve64,1000,0,0,403,432
R,2,strlen,mve64,1000,1,0,403,432
R,2,strlen,mve64,1024,0,0,412,435
R,2,strlen,mve64,1024,1,0,406,433
R,2,strlen,mve64,4096,0,0,1467,1475
R,2,strlen,mve64,4096,1,0,1458,1475
R,2,strlen,mve64,8192,0,0,2865,2887
R,2,strlen,mve64,8192,1,0,2849,2887
R,2,strlen,mve64,16384,0,0,5636,5696
R,2,strlen,mve64,16384,1,0,5654,5697
R,2,memchr,byte,1,0,0,35,35
R,2,memchr,byte,1,1,0,35,35
R,2,memchr,byte,2,0,0,39,39
R,2,memchr,byte,2,1,0,39,39
R,2,memchr,byte,3,0,0,42,42
R,2,memchr,byte,3,1,0,42,42
R,2,memchr,byte,4,0,0,46,46
R,2,memchr,byte,4,1,0,46,46
R,2,memchr,byte,7,0,0,61,61
R,2,memchr,byte,7,1,0,61,61
R,2,memchr,byte,8,0,0,65,65
R,2,memchr,byte,8,1,0,65,65
R,2,memchr,byte,15,0,0,99,99
R,2,memchr,byte,15,1,0,99,112
R,2,memchr,byte,16,0,0,103,103
R,2,memchr,byte,16,1,0,103,103
R,2,memchr,byte,17,0,0,111,120
R,2,memchr,byte,17,1,0,111,120
R,2,memchr,byte,31,0,0,175,184
R,2,memchr,byte,31,1,0,175,188
R,2,memchr,byte,32,0,0,179,192
R,2,memchr,byte,32,1,0,179,192
R,2,memchr,byte,33,0,0,187,200
R,2,memchr,byte,33,1,0,187,200
R,2,memchr,byte,63,0,0,327,348
R,2,memchr,byte,63,1,0,327,349
R,2,memchr,byte,64,0,0,331,344
R,2,memchr,byte,64,1,0,331,349
R,2,memchr,byte,65,0,0,339,356
R,2,memchr,byte,65,1,0,339,356
R,2,memchr,byte,100,0,0,502,532
R,2,memchr,byte,100,1,0,502,532
R,2,memchr,byte,128,0,0,635,662
R,2,memchr,byte,128,1,0,635,682
R,2,memchr,byte,255,0,0,1274,1293
R,2,memchr,byte,255,1,0,1252,1288
R,2,memchr,byte,256,0,0,1279,1300
R,2,memchr,byte,256,1,0,1291,1299
R,2,memchr,byte,512,0,0,2564,2569
R,2,memchr,byte,512,1,0,2564,2576
R,2,memchr,byte,1000,0,0,4938,4991
R,2,memchr,byte,1000,1,0,4911,4993
R,2,memchr,byte,1024,0,0,5045,5114
R,2,memchr,byte,1024,1,0,5039,5111
R,2,memchr,byte,4096,0,0,20271,20355
R,2,memchr,byte,4096,1,0,20295,20353
R,2,memchr,byte,8192,0,0,40610,40662
R,2,memchr,byte,8192,1,0,40602,40641
R,2,memchr,byte,16384,0,0,81252,81275
R,2,memchr,byte,16384,1,0,81196,81271
R,2,memchr,picolibc,1,0,0,51,51
R,2,memchr,picolibc,1,1,0,24,24
R,2,memchr,picolibc,2,0,0,55,55
R,2,memchr,picolibc,2,1,0,41,41
R,2,memchr,picolibc,3,0,0,58,58
R,2,memchr,picolibc,3,1,0,45,45
R,2,memchr,picolibc,4,0,0,64,64
R,2,memchr,picolibc,4,1,0,70,82
R,2,memchr,picolibc,7,0,0,73,85
R,2,memchr,picolibc,7,1,0,83,96
R,2,memchr,picolibc,8,0,0,75,88
R,2,memchr,picolibc,8,1,0,85,97
R,2,memchr,picolibc,15,0,0,83,91
R,2,memchr,picolibc,15,1,0,101,101
R,2,memchr,picolibc,16,0,0,86,99
R,2,memchr,picolibc,16,1,0,95,95
R,2,memchr,picolibc,17,0,0,81,94
R,2,memchr,picolibc,17,1,0,99,111
R,2,memchr,picolibc,31,0,0,117,126
R,2,memchr,picolibc,31,1,0,135,135
R,2,memchr,picolibc,32,0,0,120,120
R,2,memchr,picolibc,32,1,0,129,129
R,2,memchr,picolibc,33,0,0,115,127
R,2,memchr,picolibc,33,1,0,133,142
R,2,memchr,picolibc,63,0,0,185,197
R,2,memchr,picolibc,63,1,0,203,215
R,2,memchr,picolibc,64,0,0,188,197
R,2,memchr,picolibc,64,1,0,197,206
R,2,memchr,picolibc,65,0,0,183,191
R,2,memchr,picolibc,65,1,0,201,210
R,2,memchr,picolibc,100,0,0,268,288
R,2,memchr,picolibc,100,1,0,270,290
R,2,memchr,picolibc,128,0,0,324,343
R,2,memchr,picolibc,128,1,0,333,353
R,2,memchr,picolibc,255,0,0,593,629
R,2,memchr,picolibc,255,1,0,619,644
R,2,memchr,picolibc,256,0,0,596,630
R,2,memchr,picolibc,256,1,0,605,639
R,2,memchr,picolibc,512,0,0,1178,1189
R,2,memchr,picolibc,512,1,0,1183,1214
R,2,memchr,picolibc,1000,0,0,2266,2275
R,2,memchr,picolibc,1000,1,0,2282,2285
R,2,memchr,picolibc,1024,0,0,2317,2321
R,2,memchr,picolibc,1024,1,0,2327,2334
R,2,memchr,picolibc,4096,0,0,9062,9107
R,2,memchr,picolibc,4096,1,0,9080,9123
R,2,memchr,picolibc,8192,0,0,18103,18162
R,2,memchr,picolibc,8192,1,0,18040,18177
R,2,memchr,picolibc,16384,0,0,36208,36261
R,2,memchr,picolibc,16384,1,0,36212,36276
R,2,memchr,llvm-libc,1,0,0,35,35
R,2,memchr,llvm-libc,1,1,0,35,35
R,2,memchr,llvm-libc,2,0,0,39,39
R,2,memchr,llvm-libc,2,1,0,39,39
R,2,memchr,llvm-libc,3,0,0,42,42
R,2,memchr,llvm-libc,3,1,0,42,42
R,2,memchr,llvm-libc,4,0,0,46,55
R,2,memchr,llvm-libc,4,1,0,46,46
R,2,memchr,llvm-libc,7,0,0,61,61
R,2,memchr,llvm-libc,7,1,0,61,70
R,2,memchr,llvm-libc,8,0,0,65,74
R,2,memchr,llvm-libc,8,1,0,65,74
R,2,memchr,llvm-libc,15,0,0,99,99
R,2,memchr,llvm-libc,15,1,0,99,112
R,2,memchr,llvm-libc,16,0,0,103,115
R,2,memchr,llvm-libc,16,1,0,103,115
R,2,memchr,llvm-libc,17,0,0,111,120
R,2,memchr,llvm-libc,17,1,0,111,124
R,2,memchr,llvm-libc,31,0,0,175,184
R,2,memchr,llvm-libc,31,1,0,175,184
R,2,memchr,llvm-libc,32,0,0,179,192
R,2,memchr,llvm-libc,32,1,0,179,192
R,2,memchr,llvm-libc,33,0,0,187,196
R,2,memchr,llvm-libc,33,1,0,187,196
R,2,memchr,llvm-libc,63,0,0,327,345
R,2,memchr,llvm-libc,63,1,0,327,349
R,2,memchr,llvm-libc,64,0,0,331,353
R,2,memchr,llvm-libc,64,1,0,331,352
R,2,memchr,llvm-libc,65,0,0,339,361
R,2,memchr,llvm-libc,65,1,0,339,356
R,2,memchr,llvm-libc,100,0,0,502,532
R,2,memchr,llvm-libc,100,1,0,509,532
R,2,memchr,llvm-libc,128,0,0,635,674
R,2,memchr,llvm-libc,128,1,0,644,674
R,2,memchr,llvm-libc,255,0,0,1248,1293
R,2,memchr,llvm-libc,255,1,0,1284,1292
R,2,memchr,llvm-libc,256,0,0,1290,1299
R,2,memchr,llvm-libc,256,1,0,1278,1300
R,2,memchr,llvm-libc,512,0,0,2484,2577
R,2,memchr,llvm-libc,512,1,0,2564,2575
R,2,memchr,llvm-libc,1000,0,0,4915,4993
R,2,memchr,llvm-libc,1000,1,0,4957,4991
R,2,memchr,llvm-libc,1024,0,0,5031,5116
R,2,memchr,llvm-libc,1024,1,0,5079,5111
R,2,memchr,llvm-libc,4096,0,0,20294,20347
R,2,memchr,llvm-libc,4096,1,0,20279,20347
R,2,memchr,llvm-libc,8192,0,0,40610,40661
R,2,memchr,llvm-libc,8192,1,0,40612,40649
R,2,memchr,llvm-libc,16384,0,0,81174,81278
R,2,memchr,llvm-libc,16384,1,0,81237,81267
R,2,memchr,llvm-word,1,0,0,40,40
R,2,memchr,llvm-word,1,1,0,40,40
R,2,memchr,llvm-word,2,0,0,45,54
R,2,memchr,llvm-word,2,1,0,45,45
R,2,memchr,llvm-word,3,0,0,48,57
R,2,memchr,llvm-word,3,1,0,48,48
R,2,memchr,llvm-word,4,0,0,51,51
R,2,memchr,llvm-word,4,1,0,51,51
R,2,memchr,llvm-word,7,0,0,68,68
R,2,memchr,llvm-word,7,1,0,68,68
R,2,memchr,llvm-word,8,0,0,71,71
R,2,memchr,llvm-word,8,1,0,71,71
R,2,memchr,llvm-word,15,0,0,108,119
R,2,memchr,llvm-word,15,1,0,108,119
R,2,memchr,llvm-word,16,0,0,104,115
R,2,memchr,llvm-word,16,1,0,112,122
R,2,memchr,llvm-word,17,0,0,114,126
R,2,memchr,llvm-word,17,1,0,115,127
R,2,memchr,llvm-word,31,0,0,141,141
R,2,memchr,llvm-word,31,1,0,157,169
R,2,memchr,llvm-word,32,0,0,144,156
R,2,memchr,llvm-word,32,1,0,152,164
R,2,memchr,llvm-word,33,0,0,154,164
R,2,memchr,llvm-word,33,1,0,155,166
R,2,memchr,llvm-word,63,0,0,221,229
R,2,memchr,llvm-word,63,1,0,237,255
R,2,memchr,llvm-word,64,0,0,224,233
R,2,memchr,llvm-word,64,1,0,232,245
R,2,memchr,llvm-word,65,0,0,234,254
R,2,memchr,llvm-word,65,1,0,235,247
R,2,memchr,llvm-word,100,0,0,323,344
R,2,memchr,llvm-word,100,1,0,331,351
R,2,memchr,llvm-word,128,0,0,384,412
R,2,memchr,llvm-word,128,1,0,392,420
R,2,memchr,llvm-word,255,0,0,707,738
R,2,memchr,llvm-word,255,1,0,733,751
R,2,memchr,llvm-word,256,0,0,710,747
R,2,memchr,llvm-word,256,1,0,712,741
R,2,memchr,llvm-word,512,0,0,1384,1404
R,2,memchr,llvm-word,512,1,0,1374,1404
R,2,memchr,llvm-word,1000,0,0,2647,2682
R,2,memchr,llvm-word,1000,1,0,2625,2690
R,2,memchr,llvm-word,1024,0,0,2720,2739
R,2,memchr,llvm-word,1024,1,0,2726,2747
R,2,memchr,llvm-word,4096,0,0,10642,10733
R,2,memchr,llvm-word,4096,1,0,10671,10743
R,2,memchr,llvm-word,8192,0,0,21321,21383
R,2,memchr,llvm-word,8192,1,0,21334,21390
R,2,memchr,llvm-word,16384,0,0,42637,42698
R,2,memchr,llvm-word,16384,1,0,42667,42696
R,2,memchr,word,1,0,0,45,45
R,2,memchr,word,1,1,0,46,46
R,2,memchr,word,2,0,0,48,57
R,2,memchr,word,2,1,0,49,49
R,2,memchr,word,3,0,0,52,52
R,2,memchr,word,3,1,0,53,53
R,2,memchr,word,4,0,0,57,57
R,2,memchr,word,4,1,0,59,68
R,2,memchr,word,7,0,0,57,57
R,2,memchr,word,7,1,0,60,60
R,2,memchr,word,8,0,0,61,70
R,2,memchr,word,8,1,0,65,65
R,2,memchr,word,15,0,0,63,72
R,2,memchr,word,15,1,0,70,70
R,2,memchr,word,16,0,0,66,66
R,2,memchr,word,16,1,0,74,74
R,2,memchr,word,17,0,0,71,84
R,2,memchr,word,17,1,0,80,91
R,2,memchr,word,31,0,0,89,89
R,2,memchr,word,31,1,0,104,104
R,2,memchr,word,32,0,0,92,92
R,2,memchr,word,32,1,0,108,117
R,2,memchr,word,33,0,0,97,108
R,2,memchr,word,33,1,0,114,125
R,2,memchr,word,63,0,0,141,141
R,2,memchr,word,63,1,0,172,183
R,2,memchr,word,64,0,0,144,153
R,2,memchr,word,64,1,0,176,187
R,2,memchr,word,65,0,0,149,156
R,2,memchr,word,65,1,0,182,193
R,2,memchr,word,100,0,0,213,225
R,2,memchr,word,100,1,0,263,281
R,2,memchr,word,128,0,0,248,259
R,2,memchr,word,128,1,0,312,331
R,2,memchr,word,255,0,0,453,478
R,2,memchr,word,255,1,0,580,609
R,2,memchr,word,256,0,0,456,482
R,2,memchr,word,256,1,0,584,617
R,2,memchr,word,512,0,0,888,908
R,2,memchr,word,512,1,0,1155,1191
R,2,memchr,word,1000,0,0,1724,1739
R,2,memchr,word,1000,1,0,2247,2260
R,2,memchr,word,1024,0,0,1760,1769
R,2,memchr,word,1024,1,0,2294,2303
R,2,memchr,word,4096,0,0,6907,6945
R,2,memchr,word,4096,1,0,9021,9068
R,2,memchr,word,8192,0,0,13790,13842
R,2,memchr,word,8192,1,0,17977,18099
R,2,memchr,word,16384,0,0,27605,27635
R,2,memchr,word,16384,1,0,36104,36136
R,2,memchr,mve16,1,0,0,33,33
R,2,memchr,mve16,1,1,0,34,34
R,2,memchr,mve16,2,0,0,33,33
R,2,memchr,mve16,2,1,0,34,34
R,2,memchr,mve16,3,0,0,33,33
R,2,memchr,mve16,3,1,0,34,34
R,2,memchr,mve16,4,0,0,33,33
R,2,memchr,mve16,4,1,0,34,34
R,2,memchr,mve16,7,0,0,33,33
R,2,memchr,mve16,7,1,0,34,34
R,2,memchr,mve16,8,0,0,33,33
R,2,memchr,mve16,8,1,0,34,34
R,2,memchr,mve16,15,0,0,33,33
R,2,memchr,mve16,15,1,0,34,34
R,2,memchr,mve16,16,0,0,32,32
R,2,memchr,mve16,16,1,0,33,33
R,2,memchr,mve16,17,0,0,43,43
R,2,memchr,mve16,17,1,0,45,45
R,2,memchr,mve16,31,0,0,43,43
R,2,memchr,mve16,31,1,0,45,45
R,2,memchr,mve16,32,0,0,42,42
R,2,memchr,mve16,32,1,0,44,44
R,2,memchr,mve16,33,0,0,53,53
R,2,memchr,mve16,33,1,0,56,56
R,2,memchr,mve16,63,0,0,63,63
R,2,memchr,mve16,63,1,0,67,67
R,2,memchr,mve16,64,0,0,62,62
R,2,memchr,mve16,64,1,0,66,66
R,2,memchr,mve16,65,0,0,73,73
R,2,memchr,mve16,65,1,0,78,89
R,2,memchr,mve16,100,0,0,93,105
R,2,memchr,mve16,100,1,0,100,112
R,2,memchr,mve16,128,0,0,102,114
R,2,memchr,mve16,128,1,0,110,122
R,2,memchr,mve16,255,0,0,183,195
R,2,memchr,mve16,255,1,0,199,212
R,2,memchr,mve16,256,0,0,182,194
R,2,memchr,mve16,256,1,0,198,210
R,2,memchr,mve16,512,0,0,342,358
R,2,memchr,mve16,512,1,0,374,394
R,2,memchr,mve16,1000,0,0,653,689
R,2,memchr,mve16,1000,1,0,724,752
R,2,memchr,mve16,1024,0,0,670,698
R,2,memchr,mve16,1024,1,0,734,770
R,2,memchr,mve16,4096,0,0,2678,2691
R,2,memchr,mve16,4096,1,0,2899,2962
R,2,memchr,mve16,8192,0,0,5246,5361
R,2,memchr,mve16,8192,1,0,5834,5890
R,2,memchr,mve16,16384,0,0,10618,10682
R,2,memchr,mve16,16384,1,0,11698,11742
# verify_failures=0
END
